2026-09-26 17:48:35,748 - freqtrade.freqtradebot - INFO - Long signal found: about create a new trade for GALA/USDT:USDT with stake_amount: 0.5159579974415373 and price: 0.002338 ...
2026-09-26 17:48:35,751 - freqtrade.freqtradebot - INFO - User denied entry for GALA/USDT:USDT.
2026-09-26 17:48:40,253 - freqtrade.wallets - INFO - Wallets synced.
2026-09-26 17:48:40,405 - freqtrade.freqtradebot - INFO - Long signal found: about create a new trade for SAND/USDT:USDT with stake_amount: 0.7678692248305669 and price: 0.04625 ...
2026-09-26 17:48:40,406 - freqtrade.freqtradebot - INFO - User denied entry for SAND/USDT:USDT.
2026-09-26 17:48:40,421 - freqtrade.wallets - INFO - Wallets synced.
2026-09-26 17:48:40,573 - freqtrade.freqtradebot - INFO - Long signal found: about create a new trade for KSM/USDT:USDT with stake_amount: 0.9112074937411535 and price: 4.815 ...
2026-09-26 17:48:40,574 - freqtrade.freqtradebot - INFO - User denied entry for KSM/USDT:USDT.
2026-09-26 17:48:40,578 - freqtrade.wallets - INFO - Wallets synced.
2026-09-26 17:48:40,729 - freqtrade.freqtradebot - INFO - Long signal found: about create a new trade for GALA/USDT:USDT with stake_amount: 0.5159579974415373 and price: 0.002338 ...
2026-09-26 17:48:40,731 - freqtrade.freqtradebot - INFO - User denied entry for GALA/USDT:USDT.
2026-09-26 17:48:45,255 - freqtrade.wallets - INFO - Wallets synced.
2026-09-26 17:48:45,406 - freqtrade.freqtradebot - INFO - Long signal found: about create a new trade for SAND/USDT:USDT with stake_amount: 0.7678692248305669 and price: 0.04625 ...
2026-09-26 17:48:45,407 - freqtrade.freqtradebot - INFO - User denied entry for SAND/USDT:USDT.
2026-09-26 17:48:45,423 - freqtrade.wallets - INFO - Wallets synced.
2026-09-26 17:48:45,574 - freqtrade.freqtradebot - INFO - Long signal found: about create a new trade for KSM/USDT:USDT with stake_amount: 0.9112074937411535 and price: 4.815 ...
2026-09-26 17:48:45,576 - freqtrade.freqtradebot - INFO - User denied entry for KSM/USDT:USDT.
2026-09-26 17:48:45,580 - freqtrade.wallets - INFO - Wallets synced.
2026-09-26 17:48:45,731 - freqtrade.freqtradebot - INFO - Long signal found: about create a new trade for GALA/USDT:USDT with stake_amount: 0.5159579974415373 and price: 0.002338 ...
2026-09-26 17:48:45,732 - freqtrade.freqtradebot - INFO - User denied entry for GALA/USDT:USDT.
2026-09-26 17:48:49,676 - freqtrade.worker - INFO - Bot heartbeat. PID=2144, version='2026.7', state='RUNNING'
2026-09-26 17:48:50,255 - freqtrade.wallets - INFO - Wallets synced.
2026-09-26 17:48:50,410 - freqtrade.freqtradebot - INFO - Long signal found: about create a new trade for SAND/USDT:USDT with stake_amount: 0.7678692248305669 and price: 0.04625 ...
2026-09-26 17:48:50,412 - freqtrade.freqtradebot - INFO - User denied entry for SAND/USDT:USDT.
2026-09-26 17:48:50,427 - freqtrade.wallets - INFO - Wallets synced.
2026-09-26 17:48:50,579 - freqtrade.freqtradebot - INFO - Long signal found: about create a new trade for KSM/USDT:USDT with stake_amount: 0.9112074937411535 and price: 4.815 ...
2026-09-26 17:48:50,580 - freqtrade.freqtradebot - INFO - User denied entry for KSM/USDT:USDT.
2026-09-26 17:48:50,584 - freqtrade.wallets - INFO - Wallets synced.
2026-09-26 17:48:50,737 - freqtrade.freqtradebot - INFO - Long signal found: about create a new trade for GALA/USDT:USDT with stake_amount: 0.5159579974415373 and price: 0.002338 ...
2026-09-26 17:48:50,739 - freqtrade.freqtradebot - INFO - User denied entry for GALA/USDT:USDT.
2026-09-26 17:48:55,254 - freqtrade.wallets - INFO - Wallets synced.
2026-09-26 17:48:55,406 - freqtrade.freqtradebot - INFO - Long signal found: about create a new trade for SAND/USDT:USDT with stake_amount: 0.7680352506089085 and price: 0.04626 ...
2026-09-26 17:48:55,407 - freqtrade.freqtradebot - INFO - User denied entry for SAND/USDT:USDT.
2026-09-26 17:48:55,422 - freqtrade.wallets - INFO - Wallets synced.
2026-09-26 17:48:55,574 - freqtrade.freqtradebot - INFO - Long signal found: about create a new trade for KSM/USDT:USDT with stake_amount: 0.9112074937411535 and price: 4.815 ...
2026-09-26 17:48:55,575 - freqtrade.freqtradebot - INFO - User denied entry for KSM/USDT:USDT.
2026-09-26 17:48:55,579 - freqtrade.wallets - INFO - Wallets synced.
2026-09-26 17:48:55,731 - freqtrade.freqtradebot - INFO - Long signal found: about create a new trade for GALA/USDT:USDT with stake_amount: 0.5159579974415373 and price: 0.002338 ...
2026-09-26 17:48:55,732 - freqtrade.freqtradebot - INFO - User denied entry for GALA/USDT:USDT.
2026-09-26 17:49:00,258 - freqtrade.wallets - INFO - Wallets synced.
2026-09-26 17:49:00,410 - freqtrade.freqtradebot - INFO - Long signal found: about create a new trade for SAND/USDT:USDT with stake_amount: 0.7682012763872503 and price: 0.04627 ...
2026-09-26 17:49:00,411 - freqtrade.freqtradebot - INFO - User denied entry for SAND/USDT:USDT.
2026-09-26 17:49:00,427 - freqtrade.wallets - INFO - Wallets synced.
2026-09-26 17:49:00,578 - freqtrade.freqtradebot - INFO - Long signal found: about create a new trade for KSM/USDT:USDT with stake_amount: 0.9112074937411535 and price: 4.815 ...
2026-09-26 17:49:00,579 - freqtrade.freqtradebot - INFO - User denied entry for KSM/USDT:USDT.
2026-09-26 17:49:00,583 - freqtrade.wallets - INFO - Wallets synced.
2026-09-26 17:49:00,734 - freqtrade.freqtradebot - INFO - Long signal found: about create a new trade for GALA/USDT:USDT with stake_amount: 0.5157373139524691 and price: 0.002337 ...
2026-09-26 17:49:00,736 - freqtrade.freqtradebot - INFO - User denied entry for GALA/USDT:USDT.
2026-09-26 17:49:05,254 - freqtrade.wallets - INFO - Wallets synced.
2026-09-26 17:49:05,405 - freqtrade.freqtradebot - INFO - Long signal found: about create a new trade for SAND/USDT:USDT with stake_amount: 0.7682012763872503 and price: 0.04627 ...
2026-09-26 17:49:05,407 - freqtrade.freqtradebot - INFO - User denied entry for SAND/USDT:USDT.
2026-09-26 17:49:05,422 - freqtrade.wallets - INFO - Wallets synced.
2026-09-26 17:49:05,573 - freqtrade.freqtradebot - INFO - Long signal found: about create a new trade for KSM/USDT:USDT with stake_amount: 0.9112074937411535 and price: 4.815 ...
2026-09-26 17:49:05,575 - freqtrade.freqtradebot - INFO - User denied entry for KSM/USDT:USDT.
2026-09-26 17:49:05,579 - freqtrade.wallets - INFO - Wallets synced.
2026-09-26 17:49:05,730 - freqtrade.freqtradebot - INFO - Long signal found: about create a new trade for GALA/USDT:USDT with stake_amount: 0.5146338965071279 and price: 0.002332 ...
2026-09-26 17:49:05,732 - freqtrade.freqtradebot - INFO - User denied entry for GALA/USDT:USDT.
2026-09-26 17:49:10,259 - freqtrade.wallets - INFO - Wallets synced.
2026-09-26 17:49:10,411 - freqtrade.freqtradebot - INFO - Long signal found: about create a new trade for SAND/USDT:USDT with stake_amount: 0.7682012763872503 and price: 0.04627 ...
2026-09-26 17:49:10,412 - freqtrade.freqtradebot - INFO - User denied entry for SAND/USDT:USDT.
2026-09-26 17:49:10,427 - freqtrade.wallets - INFO - Wallets synced.
2026-09-26 17:49:10,579 - freqtrade.freqtradebot - INFO - Long signal found: about create a new trade for KSM/USDT:USDT with stake_amount: 0.9112074937411535 and price: 4.815 ...
2026-09-26 17:49:10,580 - freqtrade.freqtradebot - INFO - User denied entry for KSM/USDT:USDT.
2026-09-26 17:49:10,584 - freqtrade.wallets - INFO - Wallets synced.
2026-09-26 17:49:10,741 - freqtrade.freqtradebot - INFO - Long signal found: about create a new trade for GALA/USDT:USDT with stake_amount: 0.5150752634852644 and price: 0.002334 ...
2026-09-26 17:49:10,743 - freqtrade.freqtradebot - INFO - User denied entry for GALA/USDT:USDT.
2026-09-26 17:49:15,257 - freqtrade.wallets - INFO - Wallets synced.
2026-09-26 17:49:15,409 - freqtrade.freqtradebot - INFO - Long signal found: about create a new trade for SAND/USDT:USDT with stake_amount: 0.7678692248305669 and price: 0.04625 ...
2026-09-26 17:49:15,410 - freqtrade.freqtradebot - INFO - User denied entry for SAND/USDT:USDT.
2026-09-26 17:49:15,425 - freqtrade.wallets - INFO - Wallets synced.
2026-09-26 17:49:15,577 - freqtrade.freqtradebot - INFO - Long signal found: about create a new trade for KSM/USDT:USDT with stake_amount: 0.9112074937411535 and price: 4.815 ...
2026-09-26 17:49:15,578 - freqtrade.freqtradebot - INFO - User denied entry for KSM/USDT:USDT.
2026-09-26 17:49:15,582 - freqtrade.wallets - INFO - Wallets synced.
2026-09-26 17:49:15,733 - freqtrade.freqtradebot - INFO - Long signal found: about create a new trade for GALA/USDT:USDT with stake_amount: 0.5148545799961961 and price: 0.002333 ...
2026-09-26 17:49:15,735 - freqtrade.freqtradebot - INFO - User denied entry for GALA/USDT:USDT.
2026-09-26 17:49:20,255 - freqtrade.wallets - INFO - Wallets synced.
2026-09-26 17:49:20,407 - freqtrade.freqtradebot - INFO - Long signal found: about create a new trade for SAND/USDT:USDT with stake_amount: 0.7677031990522252 and price: 0.04624 ...
2026-09-26 17:49:20,408 - freqtrade.freqtradebot - INFO - User denied entry for SAND/USDT:USDT.
2026-09-26 17:49:20,424 - freqtrade.wallets - INFO - Wallets synced.
2026-09-26 17:49:20,575 - freqtrade.freqtradebot - INFO - Long signal found: about create a new trade for KSM/USDT:USDT with stake_amount: 0.9112074937411535 and price: 4.815 ...
2026-09-26 17:49:20,576 - freqtrade.freqtradebot - INFO - User denied entry for KSM/USDT:USDT.
2026-09-26 17:49:20,580 - freqtrade.wallets - INFO - Wallets synced.
2026-09-26 17:49:20,732 - freqtrade.freqtradebot - INFO - Long signal found: about create a new trade for GALA/USDT:USDT with stake_amount: 0.5146338965071279 and price: 0.002332 ...
2026-09-26 17:49:20,733 - freqtrade.freqtradebot - INFO - User denied entry for GALA/USDT:USDT.
2026-09-26 17:49:25,259 - freqtrade.wallets - INFO - Wallets synced.
2026-09-26 17:49:25,411 - freqtrade.freqtradebot - INFO - Long signal found: about create a new trade for SAND/USDT:USDT with stake_amount: 0.7677031990522252 and price: 0.04624 ...
2026-09-26 17:49:25,412 - freqtrade.freqtradebot - INFO - User denied entry for SAND/USDT:USDT.
2026-09-26 17:49:25,428 - freqtrade.wallets - INFO - Wallets synced.
2026-09-26 17:49:25,581 - freqtrade.freqtradebot - INFO - Long signal found: about create a new trade for KSM/USDT:USDT with stake_amount: 0.9112074937411535 and price: 4.815 ...
2026-09-26 17:49:25,582 - freqtrade.freqtradebot - INFO - User denied entry for KSM/USDT:USDT.
2026-09-26 17:49:25,586 - freqtrade.wallets - INFO - Wallets synced.
2026-09-26 17:49:25,737 - freqtrade.freqtradebot - INFO - Long signal found: about create a new trade for GALA/USDT:USDT with stake_amount: 0.5144132130180598 and price: 0.002331 ...
2026-09-26 17:49:25,739 - freqtrade.freqtradebot - INFO - User denied entry for GALA/USDT:USDT.
2026-09-26 17:49:30,255 - freqtrade.wallets - INFO - Wallets synced.
2026-09-26 17:49:30,406 - freqtrade.freqtradebot - INFO - Long signal found: about create a new trade for SAND/USDT:USDT with stake_amount: 0.7677031990522252 and price: 0.04624 ...
2026-09-26 17:49:30,407 - freqtrade.freqtradebot - INFO - User denied entry for SAND/USDT:USDT.
2026-09-26 17:49:30,423 - freqtrade.wallets - INFO - Wallets synced.
2026-09-26 17:49:30,574 - freqtrade.freqtradebot - INFO - Long signal found: about create a new trade for KSM/USDT:USDT with stake_amount: 0.9112074937411535 and price: 4.815 ...
2026-09-26 17:49:30,575 - freqtrade.freqtradebot - INFO - User denied entry for KSM/USDT:USDT.
2026-09-26 17:49:30,579 - freqtrade.wallets - INFO - Wallets synced.
2026-09-26 17:49:30,730 - freqtrade.freqtradebot - INFO - Long signal found: about create a new trade for GALA/USDT:USDT with stake_amount: 0.5146338965071279 and price: 0.002332 ...
2026-09-26 17:49:30,732 - freqtrade.freqtradebot - INFO - User denied entry for GALA/USDT:USDT.
2026-09-26 17:49:35,256 - freqtrade.wallets - INFO - Wallets synced.
2026-09-26 17:49:35,408 - freqtrade.freqtradebot - INFO - Long signal found: about create a new trade for SAND/USDT:USDT with stake_amount: 0.7677031990522252 and price: 0.04624 ...
2026-09-26 17:49:35,409 - freqtrade.freqtradebot - INFO - User denied entry for SAND/USDT:USDT.
2026-09-26 17:49:35,424 - freqtrade.wallets - INFO - Wallets synced.
2026-09-26 17:49:35,576 - freqtrade.freqtradebot - INFO - Long signal found: about create a new trade for KSM/USDT:USDT with stake_amount: 0.9112074937411535 and price: 4.815 ...
2026-09-26 17:49:35,577 - freqtrade.freqtradebot - INFO - User denied entry for KSM/USDT:USDT.
2026-09-26 17:49:35,581 - freqtrade.wallets - INFO - Wallets synced.
2026-09-26 17:49:35,732 - freqtrade.freqtradebot - INFO - Long signal found: about create a new trade for GALA/USDT:USDT with stake_amount: 0.5146338965071279 and price: 0.002332 ...
2026-09-26 17:49:35,733 - freqtrade.freqtradebot - INFO - User denied entry for GALA/USDT:USDT.
2026-09-26 17:49:40,256 - freqtrade.wallets - INFO - Wallets synced.
2026-09-26 17:49:40,407 - freqtrade.freqtradebot - INFO - Long signal found: about create a new trade for SAND/USDT:USDT with stake_amount: 0.7677031990522252 and price: 0.04624 ...
2026-09-26 17:49:40,409 - freqtrade.freqtradebot - INFO - User denied entry for SAND/USDT:USDT.
2026-09-26 17:49:40,424 - freqtrade.wallets - INFO - Wallets synced.
2026-09-26 17:49:40,577 - freqtrade.freqtradebot - INFO - Long signal found: about create a new trade for KSM/USDT:USDT with stake_amount: 0.9112074937411535 and price: 4.815 ...
2026-09-26 17:49:40,578 - freqtrade.freqtradebot - INFO - User denied entry for KSM/USDT:USDT.
2026-09-26 17:49:40,582 - freqtrade.wallets - INFO - Wallets synced.
2026-09-26 17:49:40,735 - freqtrade.freqtradebot - INFO - Long signal found: about create a new trade for GALA/USDT:USDT with stake_amount: 0.5150752634852644 and price: 0.002334 ...
2026-09-26 17:49:40,736 - freqtrade.freqtradebot - INFO - User denied entry for GALA/USDT:USDT.
2026-09-26 17:49:45,256 - freqtrade.wallets - INFO - Wallets synced.
2026-09-26 17:49:45,407 - freqtrade.freqtradebot - INFO - Long signal found: about create a new trade for SAND/USDT:USDT with stake_amount: 0.7670390959388581 and price: 0.0462 ...
2026-09-26 17:49:45,408 - freqtrade.freqtradebot - INFO - User denied entry for SAND/USDT:USDT.
2026-09-26 17:49:45,424 - freqtrade.wallets - INFO - Wallets synced.
2026-09-26 17:49:45,575 - freqtrade.freqtradebot - INFO - Long signal found: about create a new trade for KSM/USDT:USDT with stake_amount: 0.9110182502325884 and price: 4.814 ...
2026-09-26 17:49:45,576 - freqtrade.freqtradebot - INFO - User denied entry for KSM/USDT:USDT.
2026-09-26 17:49:45,580 - freqtrade.wallets - INFO - Wallets synced.
2026-09-26 17:49:45,747 - freqtrade.freqtradebot - INFO - Long signal found: about create a new trade for GALA/USDT:USDT with stake_amount: 0.5144132130180598 and price: 0.002331 ...
2026-09-26 17:49:45,748 - freqtrade.freqtradebot - INFO - User denied entry for GALA/USDT:USDT.
2026-09-26 17:49:49,678 - freqtrade.worker - INFO - Bot heartbeat. PID=2144, version='2026.7', state='RUNNING'
2026-09-26 17:49:50,258 - freqtrade.wallets - INFO - Wallets synced.
2026-09-26 17:49:50,410 - freqtrade.freqtradebot - INFO - Long signal found: about create a new trade for SAND/USDT:USDT with stake_amount: 0.7670390959388581 and price: 0.0462 ...
2026-09-26 17:49:50,411 - freqtrade.freqtradebot - INFO - User denied entry for SAND/USDT:USDT.
2026-09-26 17:49:50,427 - freqtrade.wallets - INFO - Wallets synced.
2026-09-26 17:49:50,578 - freqtrade.freqtradebot - INFO - Long signal found: about create a new trade for KSM/USDT:USDT with stake_amount: 0.9110182502325884 and price: 4.814 ...
2026-09-26 17:49:50,580 - freqtrade.freqtradebot - INFO - User denied entry for KSM/USDT:USDT.
2026-09-26 17:49:50,584 - freqtrade.wallets - INFO - Wallets synced.
2026-09-26 17:49:50,735 - freqtrade.freqtradebot - INFO - Long signal found: about create a new trade for GALA/USDT:USDT with stake_amount: 0.5144132130180598 and price: 0.002331 ...
2026-09-26 17:49:50,736 - freqtrade.freqtradebot - INFO - User denied entry for GALA/USDT:USDT.
2026-09-26 17:49:55,324 - freqtrade.wallets - INFO - Wallets synced.
2026-09-26 17:49:55,476 - freqtrade.freqtradebot - INFO - Long signal found: about create a new trade for SAND/USDT:USDT with stake_amount: 0.7670390959388581 and price: 0.0462 ...
2026-09-26 17:49:55,477 - freqtrade.freqtradebot - INFO - User denied entry for SAND/USDT:USDT.
2026-09-26 17:49:55,492 - freqtrade.wallets - INFO - Wallets synced.
2026-09-26 17:49:55,644 - freqtrade.freqtradebot - INFO - Long signal found: about create a new trade for KSM/USDT:USDT with stake_amount: 0.9110182502325884 and price: 4.814 ...
2026-09-26 17:49:55,645 - freqtrade.freqtradebot - INFO - User denied entry for KSM/USDT:USDT.
2026-09-26 17:49:55,650 - freqtrade.wallets - INFO - Wallets synced.
2026-09-26 17:49:55,801 - freqtrade.freqtradebot - INFO - Long signal found: about create a new trade for GALA/USDT:USDT with stake_amount: 0.5144132130180598 and price: 0.002331 ...
2026-09-26 17:49:55,802 - freqtrade.freqtradebot - INFO - User denied entry for GALA/USDT:USDT.
2026-09-26 17:50:00,257 - freqtrade.wallets - INFO - Wallets synced.
2026-09-26 17:50:00,408 - freqtrade.freqtradebot - INFO - Long signal found: about create a new trade for SAND/USDT:USDT with stake_amount: 0.7670390959388581 and price: 0.0462 ...
2026-09-26 17:50:00,410 - freqtrade.freqtradebot - INFO - User denied entry for SAND/USDT:USDT.
2026-09-26 17:50:00,425 - freqtrade.wallets - INFO - Wallets synced.
2026-09-26 17:50:00,577 - freqtrade.freqtradebot - INFO - Long signal found: about create a new trade for KSM/USDT:USDT with stake_amount: 0.9110182502325884 and price: 4.814 ...
2026-09-26 17:50:00,578 - freqtrade.freqtradebot - INFO - User denied entry for KSM/USDT:USDT.
2026-09-26 17:50:00,583 - freqtrade.wallets - INFO - Wallets synced.
2026-09-26 17:50:00,734 - freqtrade.freqtradebot - INFO - Long signal found: about create a new trade for GALA/USDT:USDT with stake_amount: 0.5144132130180598 and price: 0.002331 ...
2026-09-26 17:50:00,736 - freqtrade.freqtradebot - INFO - User denied entry for GALA/USDT:USDT.
2026-09-26 17:50:05,257 - freqtrade.wallets - INFO - Wallets synced.
2026-09-26 17:50:05,409 - freqtrade.freqtradebot - INFO - Long signal found: about create a new trade for SAND/USDT:USDT with stake_amount: 0.7668730701605164 and price: 0.04619 ...
2026-09-26 17:50:05,410 - freqtrade.freqtradebot - INFO - User denied entry for SAND/USDT:USDT.
2026-09-26 17:50:05,425 - freqtrade.wallets - INFO - Wallets synced.
2026-09-26 17:50:05,577 - freqtrade.freqtradebot - INFO - Long signal found: about create a new trade for KSM/USDT:USDT with stake_amount: 0.9110182502325884 and price: 4.814 ...
2026-09-26 17:50:05,578 - freqtrade.freqtradebot - INFO - User denied entry for KSM/USDT:USDT.
2026-09-26 17:50:05,582 - freqtrade.wallets - INFO - Wallets synced.
2026-09-26 17:50:05,734 - freqtrade.freqtradebot - INFO - Long signal found: about create a new trade for GALA/USDT:USDT with stake_amount: 0.5126477451055137 and price: 0.002323 ...
2026-09-26 17:50:05,735 - freqtrade.freqtradebot - INFO - User denied entry for GALA/USDT:USDT.
2026-09-26 17:50:10,257 - freqtrade.wallets - INFO - Wallets synced.
2026-09-26 17:50:10,411 - freqtrade.freqtradebot - INFO - Long signal found: about create a new trade for SAND/USDT:USDT with stake_amount: 0.7668730701605164 and price: 0.04619 ...
2026-09-26 17:50:10,412 - freqtrade.freqtradebot - INFO - User denied entry for SAND/USDT:USDT.
2026-09-26 17:50:10,428 - freqtrade.wallets - INFO - Wallets synced.
2026-09-26 17:50:10,580 - freqtrade.freqtradebot - INFO - Long signal found: about create a new trade for KSM/USDT:USDT with stake_amount: 0.9110182502325884 and price: 4.814 ...
2026-09-26 17:50:10,581 - freqtrade.freqtradebot - INFO - User denied entry for KSM/USDT:USDT.
2026-09-26 17:50:10,601 - freqtrade.wallets - INFO - Wallets synced.
2026-09-26 17:50:10,752 - freqtrade.freqtradebot - INFO - Long signal found: about create a new trade for GALA/USDT:USDT with stake_amount: 0.512868428594582 and price: 0.002324 ...
2026-09-26 17:50:10,753 - freqtrade.freqtradebot - INFO - User denied entry for GALA/USDT:USDT.
2026-09-26 17:50:15,262 - freqtrade.wallets - INFO - Wallets synced.
2026-09-26 17:50:15,413 - freqtrade.freqtradebot - INFO - Long signal found: about create a new trade for SAND/USDT:USDT with stake_amount: 0.7662089670471492 and price: 0.04615 ...
2026-09-26 17:50:15,414 - freqtrade.freqtradebot - INFO - User denied entry for SAND/USDT:USDT.
2026-09-26 17:50:15,430 - freqtrade.wallets - INFO - Wallets synced.
2026-09-26 17:50:15,581 - freqtrade.freqtradebot - INFO - Long signal found: about create a new trade for KSM/USDT:USDT with stake_amount: 0.9110182502325884 and price: 4.814 ...
2026-09-26 17:50:15,583 - freqtrade.freqtradebot - INFO - User denied entry for KSM/USDT:USDT.
2026-09-26 17:50:15,587 - freqtrade.wallets - INFO - Wallets synced.
2026-09-26 17:50:15,738 - freqtrade.freqtradebot - INFO - Long signal found: about create a new trade for GALA/USDT:USDT with stake_amount: 0.512868428594582 and price: 0.002324 ...
2026-09-26 17:50:15,739 - freqtrade.freqtradebot - INFO - User denied entry for GALA/USDT:USDT.
2026-09-26 17:50:20,265 - freqtrade.wallets - INFO - Wallets synced.
2026-09-26 17:50:20,416 - freqtrade.freqtradebot - INFO - Long signal found: about create a new trade for SAND/USDT:USDT with stake_amount: 0.7662089670471492 and price: 0.04615 ...
2026-09-26 17:50:20,417 - freqtrade.freqtradebot - INFO - User denied entry for SAND/USDT:USDT.
2026-09-26 17:50:20,433 - freqtrade.wallets - INFO - Wallets synced.
2026-09-26 17:50:20,584 - freqtrade.freqtradebot - INFO - Long signal found: about create a new trade for KSM/USDT:USDT with stake_amount: 0.9106397632154583 and price: 4.812 ...
2026-09-26 17:50:20,585 - freqtrade.freqtradebot - INFO - User denied entry for KSM/USDT:USDT.
2026-09-26 17:50:20,589 - freqtrade.wallets - INFO - Wallets synced.
2026-09-26 17:50:20,740 - freqtrade.freqtradebot - INFO - Long signal found: about create a new trade for GALA/USDT:USDT with stake_amount: 0.5115443276601727 and price: 0.002318 ...
2026-09-26 17:50:20,742 - freqtrade.freqtradebot - INFO - User denied entry for GALA/USDT:USDT.
2026-09-26 17:50:25,259 - freqtrade.wallets - INFO - Wallets synced.
2026-09-26 17:50:25,411 - freqtrade.freqtradebot - INFO - Long signal found: about create a new trade for SAND/USDT:USDT with stake_amount: 0.7660429412688078 and price: 0.04614 ...
2026-09-26 17:50:25,412 - freqtrade.freqtradebot - INFO - User denied entry for SAND/USDT:USDT.
2026-09-26 17:50:25,428 - freqtrade.wallets - INFO - Wallets synced.
2026-09-26 17:50:25,580 - freqtrade.freqtradebot - INFO - Long signal found: about create a new trade for KSM/USDT:USDT with stake_amount: 0.9106397632154583 and price: 4.812 ...
2026-09-26 17:50:25,581 - freqtrade.freqtradebot - INFO - User denied entry for KSM/USDT:USDT.
2026-09-26 17:50:25,585 - freqtrade.wallets - INFO - Wallets synced.
2026-09-26 17:50:25,737 - freqtrade.freqtradebot - INFO - Long signal found: about create a new trade for GALA/USDT:USDT with stake_amount: 0.5104409102148314 and price: 0.002313 ...
2026-09-26 17:50:25,738 - freqtrade.freqtradebot - INFO - User denied entry for GALA/USDT:USDT.
2026-09-26 17:50:30,259 - freqtrade.wallets - INFO - Wallets synced.
2026-09-26 17:50:30,411 - freqtrade.freqtradebot - INFO - Long signal found: about create a new trade for SAND/USDT:USDT with stake_amount: 0.7660429412688078 and price: 0.04614 ...
2026-09-26 17:50:30,412 - freqtrade.freqtradebot - INFO - User denied entry for SAND/USDT:USDT.
2026-09-26 17:50:30,427 - freqtrade.wallets - INFO - Wallets synced.
2026-09-26 17:50:30,581 - freqtrade.freqtradebot - INFO - Long signal found: about create a new trade for KSM/USDT:USDT with stake_amount: 0.9106397632154583 and price: 4.812 ...
2026-09-26 17:50:30,582 - freqtrade.freqtradebot - INFO - User denied entry for KSM/USDT:USDT.
2026-09-26 17:50:30,586 - freqtrade.wallets - INFO - Wallets synced.
2026-09-26 17:50:30,738 - freqtrade.freqtradebot - INFO - Long signal found: about create a new trade for GALA/USDT:USDT with stake_amount: 0.5104409102148314 and price: 0.002313 ...
2026-09-26 17:50:30,739 - freqtrade.freqtradebot - INFO - User denied entry for GALA/USDT:USDT.
2026-09-26 17:50:35,261 - freqtrade.wallets - INFO - Wallets synced.
2026-09-26 17:50:35,412 - freqtrade.freqtradebot - INFO - Long signal found: about create a new trade for SAND/USDT:USDT with stake_amount: 0.7660429412688078 and price: 0.04614 ...
2026-09-26 17:50:35,413 - freqtrade.freqtradebot - INFO - User denied entry for SAND/USDT:USDT.
2026-09-26 17:50:35,429 - freqtrade.wallets - INFO - Wallets synced.
2026-09-26 17:50:35,582 - freqtrade.freqtradebot - INFO - Long signal found: about create a new trade for KSM/USDT:USDT with stake_amount: 0.9106397632154583 and price: 4.812 ...
2026-09-26 17:50:35,583 - freqtrade.freqtradebot - INFO - User denied entry for KSM/USDT:USDT.
2026-09-26 17:50:35,587 - freqtrade.wallets - INFO - Wallets synced.
2026-09-26 17:50:35,738 - freqtrade.freqtradebot - INFO - Long signal found: about create a new trade for GALA/USDT:USDT with stake_amount: 0.5111029606820361 and price: 0.002316 ...
2026-09-26 17:50:35,739 - freqtrade.freqtradebot - INFO - User denied entry for GALA/USDT:USDT.
2026-09-26 17:50:40,260 - freqtrade.wallets - INFO - Wallets synced.
2026-09-26 17:50:40,412 - freqtrade.freqtradebot - INFO - Long signal found: about create a new trade for SAND/USDT:USDT with stake_amount: 0.766541018603833 and price: 0.04617 ...
2026-09-26 17:50:40,413 - freqtrade.freqtradebot - INFO - User denied entry for SAND/USDT:USDT.
2026-09-26 17:50:40,428 - freqtrade.wallets - INFO - Wallets synced.
2026-09-26 17:50:40,582 - freqtrade.freqtradebot - INFO - Long signal found: about create a new trade for KSM/USDT:USDT with stake_amount: 0.9106397632154583 and price: 4.812 ...
2026-09-26 17:50:40,583 - freqtrade.freqtradebot - INFO - User denied entry for KSM/USDT:USDT.
2026-09-26 17:50:40,587 - freqtrade.wallets - INFO - Wallets synced.
2026-09-26 17:50:40,745 - freqtrade.freqtradebot - INFO - Long signal found: about create a new trade for GALA/USDT:USDT with stake_amount: 0.5111029606820361 and price: 0.002316 ...
2026-09-26 17:50:40,746 - freqtrade.freqtradebot - INFO - User denied entry for GALA/USDT:USDT.
2026-09-26 17:50:45,265 - freqtrade.wallets - INFO - Wallets synced.
2026-09-26 17:50:45,416 - freqtrade.freqtradebot - INFO - Long signal found: about create a new trade for SAND/USDT:USDT with stake_amount: 0.766541018603833 and price: 0.04617 ...
2026-09-26 17:50:45,417 - freqtrade.freqtradebot - INFO - User denied entry for SAND/USDT:USDT.
2026-09-26 17:50:45,432 - freqtrade.wallets - INFO - Wallets synced.
2026-09-26 17:50:45,584 - freqtrade.freqtradebot - INFO - Long signal found: about create a new trade for KSM/USDT:USDT with stake_amount: 0.9106397632154583 and price: 4.812 ...
2026-09-26 17:50:45,585 - freqtrade.freqtradebot - INFO - User denied entry for KSM/USDT:USDT.
2026-09-26 17:50:45,589 - freqtrade.wallets - INFO - Wallets synced.
2026-09-26 17:50:45,741 - freqtrade.freqtradebot - INFO - Long signal found: about create a new trade for GALA/USDT:USDT with stake_amount: 0.5106615937038997 and price: 0.002314 ...
2026-09-26 17:50:45,742 - freqtrade.freqtradebot - INFO - User denied entry for GALA/USDT:USDT.
2026-09-26 17:50:49,681 - freqtrade.worker - INFO - Bot heartbeat. PID=2144, version='2026.7', state='RUNNING'
2026-09-26 17:50:50,270 - freqtrade.wallets - INFO - Wallets synced.
2026-09-26 17:50:50,423 - freqtrade.freqtradebot - INFO - Long signal found: about create a new trade for SAND/USDT:USDT with stake_amount: 0.766541018603833 and price: 0.04617 ...
2026-09-26 17:50:50,425 - freqtrade.freqtradebot - INFO - User denied entry for SAND/USDT:USDT.
2026-09-26 17:50:50,440 - freqtrade.wallets - INFO - Wallets synced.
2026-09-26 17:50:50,591 - freqtrade.freqtradebot - INFO - Long signal found: about create a new trade for KSM/USDT:USDT with stake_amount: 0.9098827891811975 and price: 4.808 ...
2026-09-26 17:50:50,593 - freqtrade.freqtradebot - INFO - User denied entry for KSM/USDT:USDT.
2026-09-26 17:50:50,597 - freqtrade.wallets - INFO - Wallets synced.
2026-09-26 17:50:50,748 - freqtrade.freqtradebot - INFO - Long signal found: about create a new trade for GALA/USDT:USDT with stake_amount: 0.5104409102148314 and price: 0.002313 ...
2026-09-26 17:50:50,749 - freqtrade.freqtradebot - INFO - User denied entry for GALA/USDT:USDT.
2026-09-26 17:50:55,261 - freqtrade.wallets - INFO - Wallets synced.
2026-09-26 17:50:55,413 - freqtrade.freqtradebot - INFO - Long signal found: about create a new trade for SAND/USDT:USDT with stake_amount: 0.766541018603833 and price: 0.04617 ...
2026-09-26 17:50:55,415 - freqtrade.freqtradebot - INFO - User denied entry for SAND/USDT:USDT.
2026-09-26 17:50:55,430 - freqtrade.wallets - INFO - Wallets synced.
2026-09-26 17:50:55,581 - freqtrade.freqtradebot - INFO - Long signal found: about create a new trade for KSM/USDT:USDT with stake_amount: 0.9098827891811975 and price: 4.808 ...
2026-09-26 17:50:55,582 - freqtrade.freqtradebot - INFO - User denied entry for KSM/USDT:USDT.
2026-09-26 17:50:55,586 - freqtrade.wallets - INFO - Wallets synced.
2026-09-26 17:50:55,737 - freqtrade.freqtradebot - INFO - Long signal found: about create a new trade for GALA/USDT:USDT with stake_amount: 0.5106615937038997 and price: 0.002314 ...
2026-09-26 17:50:55,739 - freqtrade.freqtradebot - INFO - User denied entry for GALA/USDT:USDT.
2026-09-26 17:51:00,262 - freqtrade.wallets - INFO - Wallets synced.
2026-09-26 17:51:00,415 - freqtrade.freqtradebot - INFO - Long signal found: about create a new trade for SAND/USDT:USDT with stake_amount: 0.766541018603833 and price: 0.04617 ...
2026-09-26 17:51:00,416 - freqtrade.freqtradebot - INFO - User denied entry for SAND/USDT:USDT.
2026-09-26 17:51:00,432 - freqtrade.wallets - INFO - Wallets synced.
2026-09-26 17:51:00,583 - freqtrade.freqtradebot - INFO - Long signal found: about create a new trade for KSM/USDT:USDT with stake_amount: 0.9098827891811975 and price: 4.808 ...
2026-09-26 17:51:00,585 - freqtrade.freqtradebot - INFO - User denied entry for KSM/USDT:USDT.
2026-09-26 17:51:00,589 - freqtrade.wallets - INFO - Wallets synced.
2026-09-26 17:51:00,740 - freqtrade.freqtradebot - INFO - Long signal found: about create a new trade for GALA/USDT:USDT with stake_amount: 0.5108822771929677 and price: 0.002315 ...
2026-09-26 17:51:00,742 - freqtrade.freqtradebot - INFO - User denied entry for GALA/USDT:USDT.
2026-09-26 17:51:05,265 - freqtrade.wallets - INFO - Wallets synced.
2026-09-26 17:51:05,417 - freqtrade.freqtradebot - INFO - Long signal found: about create a new trade for SAND/USDT:USDT with stake_amount: 0.766541018603833 and price: 0.04617 ...
2026-09-26 17:51:05,418 - freqtrade.freqtradebot - INFO - User denied entry for SAND/USDT:USDT.
2026-09-26 17:51:05,434 - freqtrade.wallets - INFO - Wallets synced.
2026-09-26 17:51:05,585 - freqtrade.freqtradebot - INFO - Long signal found: about create a new trade for KSM/USDT:USDT with stake_amount: 0.9098827891811975 and price: 4.808 ...
2026-09-26 17:51:05,587 - freqtrade.freqtradebot - INFO - User denied entry for KSM/USDT:USDT.
2026-09-26 17:51:05,591 - freqtrade.wallets - INFO - Wallets synced.
2026-09-26 17:51:05,742 - freqtrade.freqtradebot - INFO - Long signal found: about create a new trade for GALA/USDT:USDT with stake_amount: 0.5106615937038997 and price: 0.002314 ...
2026-09-26 17:51:05,744 - freqtrade.freqtradebot - INFO - User denied entry for GALA/USDT:USDT.
2026-09-26 17:51:10,261 - freqtrade.wallets - INFO - Wallets synced.
2026-09-26 17:51:10,413 - freqtrade.freqtradebot - INFO - Long signal found: about create a new trade for SAND/USDT:USDT with stake_amount: 0.766541018603833 and price: 0.04617 ...
2026-09-26 17:51:10,414 - freqtrade.freqtradebot - INFO - User denied entry for SAND/USDT:USDT.
2026-09-26 17:51:10,430 - freqtrade.wallets - INFO - Wallets synced.
2026-09-26 17:51:10,583 - freqtrade.freqtradebot - INFO - Long signal found: about create a new trade for KSM/USDT:USDT with stake_amount: 0.9098827891811975 and price: 4.808 ...
2026-09-26 17:51:10,585 - freqtrade.freqtradebot - INFO - User denied entry for KSM/USDT:USDT.
2026-09-26 17:51:10,589 - freqtrade.wallets - INFO - Wallets synced.
2026-09-26 17:51:10,741 - freqtrade.freqtradebot - INFO - Long signal found: about create a new trade for GALA/USDT:USDT with stake_amount: 0.5104409102148314 and price: 0.002313 ...
2026-09-26 17:51:10,742 - freqtrade.freqtradebot - INFO - User denied entry for GALA/USDT:USDT.
2026-09-26 17:51:15,261 - freqtrade.wallets - INFO - Wallets synced.
2026-09-26 17:51:15,413 - freqtrade.freqtradebot - INFO - Long signal found: about create a new trade for SAND/USDT:USDT with stake_amount: 0.7667070443821746 and price: 0.04618 ...
2026-09-26 17:51:15,414 - freqtrade.freqtradebot - INFO - User denied entry for SAND/USDT:USDT.
2026-09-26 17:51:15,430 - freqtrade.wallets - INFO - Wallets synced.
2026-09-26 17:51:15,584 - freqtrade.freqtradebot - INFO - Long signal found: about create a new trade for KSM/USDT:USDT with stake_amount: 0.9098827891811975 and price: 4.808 ...
2026-09-26 17:51:15,585 - freqtrade.freqtradebot - INFO - User denied entry for KSM/USDT:USDT.
2026-09-26 17:51:15,589 - freqtrade.wallets - INFO - Wallets synced.
2026-09-26 17:51:15,742 - freqtrade.freqtradebot - INFO - Long signal found: about create a new trade for GALA/USDT:USDT with stake_amount: 0.5102202267257631 and price: 0.002312 ...
2026-09-26 17:51:15,743 - freqtrade.freqtradebot - INFO - User denied entry for GALA/USDT:USDT.
2026-09-26 17:51:20,262 - freqtrade.wallets - INFO - Wallets synced.
2026-09-26 17:51:20,421 - freqtrade.freqtradebot - INFO - Long signal found: about create a new trade for SAND/USDT:USDT with stake_amount: 0.7668730701605164 and price: 0.04619 ...
2026-09-26 17:51:20,423 - freqtrade.freqtradebot - INFO - User denied entry for SAND/USDT:USDT.
2026-09-26 17:51:20,438 - freqtrade.wallets - INFO - Wallets synced.
2026-09-26 17:51:20,590 - freqtrade.freqtradebot - INFO - Long signal found: about create a new trade for KSM/USDT:USDT with stake_amount: 0.9098827891811975 and price: 4.808 ...
2026-09-26 17:51:20,591 - freqtrade.freqtradebot - INFO - User denied entry for KSM/USDT:USDT.
2026-09-26 17:51:20,595 - freqtrade.wallets - INFO - Wallets synced.
2026-09-26 17:51:20,746 - freqtrade.freqtradebot - INFO - Long signal found: about create a new trade for GALA/USDT:USDT with stake_amount: 0.5102202267257631 and price: 0.002312 ...
2026-09-26 17:51:20,747 - freqtrade.freqtradebot - INFO - User denied entry for GALA/USDT:USDT.
2026-09-26 17:51:25,264 - freqtrade.wallets - INFO - Wallets synced.
2026-09-26 17:51:25,415 - freqtrade.freqtradebot - INFO - Long signal found: about create a new trade for SAND/USDT:USDT with stake_amount: 0.7668730701605164 and price: 0.04619 ...
2026-09-26 17:51:25,417 - freqtrade.freqtradebot - INFO - User denied entry for SAND/USDT:USDT.
2026-09-26 17:51:25,432 - freqtrade.wallets - INFO - Wallets synced.
2026-09-26 17:51:25,584 - freqtrade.freqtradebot - INFO - Long signal found: about create a new trade for KSM/USDT:USDT with stake_amount: 0.9098827891811975 and price: 4.808 ...
2026-09-26 17:51:25,585 - freqtrade.freqtradebot - INFO - User denied entry for KSM/USDT:USDT.
2026-09-26 17:51:25,589 - freqtrade.wallets - INFO - Wallets synced.
2026-09-26 17:51:25,740 - freqtrade.freqtradebot - INFO - Long signal found: about create a new trade for GALA/USDT:USDT with stake_amount: 0.5102202267257631 and price: 0.002312 ...
2026-09-26 17:51:25,742 - freqtrade.freqtradebot - INFO - User denied entry for GALA/USDT:USDT.
2026-09-26 17:51:30,264 - freqtrade.wallets - INFO - Wallets synced.
2026-09-26 17:51:30,415 - freqtrade.freqtradebot - INFO - Long signal found: about create a new trade for SAND/USDT:USDT with stake_amount: 0.7668730701605164 and price: 0.04619 ...
2026-09-26 17:51:30,416 - freqtrade.freqtradebot - INFO - User denied entry for SAND/USDT:USDT.
2026-09-26 17:51:30,432 - freqtrade.wallets - INFO - Wallets synced.
2026-09-26 17:51:30,584 - freqtrade.freqtradebot - INFO - Long signal found: about create a new trade for KSM/USDT:USDT with stake_amount: 0.9098827891811975 and price: 4.808 ...
2026-09-26 17:51:30,585 - freqtrade.freqtradebot - INFO - User denied entry for KSM/USDT:USDT.
2026-09-26 17:51:30,589 - freqtrade.wallets - INFO - Wallets synced.
2026-09-26 17:51:30,742 - freqtrade.freqtradebot - INFO - Long signal found: about create a new trade for GALA/USDT:USDT with stake_amount: 0.5102202267257631 and price: 0.002312 ...
2026-09-26 17:51:30,743 - freqtrade.freqtradebot - INFO - User denied entry for GALA/USDT:USDT.
2026-09-26 17:51:35,266 - freqtrade.wallets - INFO - Wallets synced.
2026-09-26 17:51:35,417 - freqtrade.freqtradebot - INFO - Long signal found: about create a new trade for SAND/USDT:USDT with stake_amount: 0.7668730701605164 and price: 0.04619 ...
2026-09-26 17:51:35,419 - freqtrade.freqtradebot - INFO - User denied entry for SAND/USDT:USDT.
2026-09-26 17:51:35,434 - freqtrade.wallets - INFO - Wallets synced.
2026-09-26 17:51:35,586 - freqtrade.freqtradebot - INFO - Long signal found: about create a new trade for KSM/USDT:USDT with stake_amount: 0.9098827891811975 and price: 4.808 ...
2026-09-26 17:51:35,587 - freqtrade.freqtradebot - INFO - User denied entry for KSM/USDT:USDT.
2026-09-26 17:51:35,591 - freqtrade.wallets - INFO - Wallets synced.
2026-09-26 17:51:35,743 - freqtrade.freqtradebot - INFO - Long signal found: about create a new trade for GALA/USDT:USDT with stake_amount: 0.5102202267257631 and price: 0.002312 ...
2026-09-26 17:51:35,744 - freqtrade.freqtradebot - INFO - User denied entry for GALA/USDT:USDT.
2026-09-26 17:51:40,277 - freqtrade.wallets - INFO - Wallets synced.
2026-09-26 17:51:40,428 - freqtrade.freqtradebot - INFO - Long signal found: about create a new trade for SAND/USDT:USDT with stake_amount: 0.7668730701605164 and price: 0.04619 ...
2026-09-26 17:51:40,429 - freqtrade.freqtradebot - INFO - User denied entry for SAND/USDT:USDT.
2026-09-26 17:51:40,445 - freqtrade.wallets - INFO - Wallets synced.
2026-09-26 17:51:40,597 - freqtrade.freqtradebot - INFO - Long signal found: about create a new trade for KSM/USDT:USDT with stake_amount: 0.9098827891811975 and price: 4.808 ...
2026-09-26 17:51:40,598 - freqtrade.freqtradebot - INFO - User denied entry for KSM/USDT:USDT.
2026-09-26 17:51:40,602 - freqtrade.wallets - INFO - Wallets synced.
2026-09-26 17:51:40,757 - freqtrade.freqtradebot - INFO - Long signal found: about create a new trade for GALA/USDT:USDT with stake_amount: 0.5102202267257631 and price: 0.002312 ...
2026-09-26 17:51:40,758 - freqtrade.freqtradebot - INFO - User denied entry for GALA/USDT:USDT.
2026-09-26 17:51:45,263 - freqtrade.wallets - INFO - Wallets synced.
2026-09-26 17:51:45,414 - freqtrade.freqtradebot - INFO - Long signal found: about create a new trade for SAND/USDT:USDT with stake_amount: 0.7670390959388581 and price: 0.0462 ...
2026-09-26 17:51:45,416 - freqtrade.freqtradebot - INFO - User denied entry for SAND/USDT:USDT.
2026-09-26 17:51:45,431 - freqtrade.wallets - INFO - Wallets synced.
2026-09-26 17:51:45,583 - freqtrade.freqtradebot - INFO - Long signal found: about create a new trade for KSM/USDT:USDT with stake_amount: 0.9098827891811975 and price: 4.808 ...
2026-09-26 17:51:45,584 - freqtrade.freqtradebot - INFO - User denied entry for KSM/USDT:USDT.
2026-09-26 17:51:45,588 - freqtrade.wallets - INFO - Wallets synced.
2026-09-26 17:51:45,740 - freqtrade.freqtradebot - INFO - Long signal found: about create a new trade for GALA/USDT:USDT with stake_amount: 0.5102202267257631 and price: 0.002312 ...
2026-09-26 17:51:45,741 - freqtrade.freqtradebot - INFO - User denied entry for GALA/USDT:USDT.
2026-09-26 17:51:49,683 - freqtrade.worker - INFO - Bot heartbeat. PID=2144, version='2026.7', state='RUNNING'
2026-09-26 17:51:50,264 - freqtrade.wallets - INFO - Wallets synced.
2026-09-26 17:51:50,416 - freqtrade.freqtradebot - INFO - Long signal found: about create a new trade for SAND/USDT:USDT with stake_amount: 0.7670390959388581 and price: 0.0462 ...
2026-09-26 17:51:50,417 - freqtrade.freqtradebot - INFO - User denied entry for SAND/USDT:USDT.
2026-09-26 17:51:50,433 - freqtrade.wallets - INFO - Wallets synced.
2026-09-26 17:51:50,585 - freqtrade.freqtradebot - INFO - Long signal found: about create a new trade for KSM/USDT:USDT with stake_amount: 0.9098827891811975 and price: 4.808 ...
2026-09-26 17:51:50,586 - freqtrade.freqtradebot - INFO - User denied entry for KSM/USDT:USDT.
2026-09-26 17:51:50,590 - freqtrade.wallets - INFO - Wallets synced.
2026-09-26 17:51:50,742 - freqtrade.freqtradebot - INFO - Long signal found: about create a new trade for GALA/USDT:USDT with stake_amount: 0.5102202267257631 and price: 0.002312 ...
2026-09-26 17:51:50,743 - freqtrade.freqtradebot - INFO - User denied entry for GALA/USDT:USDT.
2026-09-26 17:51:55,263 - freqtrade.wallets - INFO - Wallets synced.
2026-09-26 17:51:55,439 - freqtrade.freqtradebot - INFO - Long signal found: about create a new trade for SAND/USDT:USDT with stake_amount: 0.7670390959388581 and price: 0.0462 ...
2026-09-26 17:51:55,440 - freqtrade.freqtradebot - INFO - User denied entry for SAND/USDT:USDT.
2026-09-26 17:51:55,456 - freqtrade.wallets - INFO - Wallets synced.
2026-09-26 17:51:55,607 - freqtrade.freqtradebot - INFO - Long signal found: about create a new trade for KSM/USDT:USDT with stake_amount: 0.9098827891811975 and price: 4.808 ...
2026-09-26 17:51:55,608 - freqtrade.freqtradebot - INFO - User denied entry for KSM/USDT:USDT.
2026-09-26 17:51:55,612 - freqtrade.wallets - INFO - Wallets synced.
2026-09-26 17:51:55,765 - freqtrade.freqtradebot - INFO - Long signal found: about create a new trade for GALA/USDT:USDT with stake_amount: 0.5099995432366949 and price: 0.002311 ...
2026-09-26 17:51:55,767 - freqtrade.freqtradebot - INFO - User denied entry for GALA/USDT:USDT.
2026-09-26 17:52:00,261 - freqtrade.wallets - INFO - Wallets synced.
2026-09-26 17:52:00,413 - freqtrade.freqtradebot - INFO - Long signal found: about create a new trade for SAND/USDT:USDT with stake_amount: 0.7670390959388581 and price: 0.0462 ...
2026-09-26 17:52:00,415 - freqtrade.freqtradebot - INFO - User denied entry for SAND/USDT:USDT.
2026-09-26 17:52:00,430 - freqtrade.wallets - INFO - Wallets synced.
2026-09-26 17:52:00,582 - freqtrade.freqtradebot - INFO - Long signal found: about create a new trade for KSM/USDT:USDT with stake_amount: 0.9098827891811975 and price: 4.808 ...
2026-09-26 17:52:00,583 - freqtrade.freqtradebot - INFO - User denied entry for KSM/USDT:USDT.
2026-09-26 17:52:00,587 - freqtrade.wallets - INFO - Wallets synced.
2026-09-26 17:52:00,739 - freqtrade.freqtradebot - INFO - Long signal found: about create a new trade for GALA/USDT:USDT with stake_amount: 0.5104409102148314 and price: 0.002313 ...
2026-09-26 17:52:00,740 - freqtrade.freqtradebot - INFO - User denied entry for GALA/USDT:USDT.
2026-09-26 17:52:05,262 - freqtrade.wallets - INFO - Wallets synced.
2026-09-26 17:52:05,414 - freqtrade.freqtradebot - INFO - Long signal found: about create a new trade for SAND/USDT:USDT with stake_amount: 0.7670390959388581 and price: 0.0462 ...
2026-09-26 17:52:05,415 - freqtrade.freqtradebot - INFO - User denied entry for SAND/USDT:USDT.
2026-09-26 17:52:05,431 - freqtrade.wallets - INFO - Wallets synced.
2026-09-26 17:52:05,584 - freqtrade.freqtradebot - INFO - Long signal found: about create a new trade for KSM/USDT:USDT with stake_amount: 0.9098827891811975 and price: 4.808 ...
2026-09-26 17:52:05,585 - freqtrade.freqtradebot - INFO - User denied entry for KSM/USDT:USDT.
2026-09-26 17:52:05,589 - freqtrade.wallets - INFO - Wallets synced.
2026-09-26 17:52:05,740 - freqtrade.freqtradebot - INFO - Long signal found: about create a new trade for GALA/USDT:USDT with stake_amount: 0.5104409102148314 and price: 0.002313 ...
2026-09-26 17:52:05,742 - freqtrade.freqtradebot - INFO - User denied entry for GALA/USDT:USDT.
2026-09-26 17:52:10,270 - freqtrade.wallets - INFO - Wallets synced.
2026-09-26 17:52:10,424 - freqtrade.freqtradebot - INFO - Long signal found: about create a new trade for SAND/USDT:USDT with stake_amount: 0.7673711474955416 and price: 0.04622 ...
2026-09-26 17:52:10,425 - freqtrade.freqtradebot - INFO - User denied entry for SAND/USDT:USDT.
2026-09-26 17:52:10,441 - freqtrade.wallets - INFO - Wallets synced.
2026-09-26 17:52:10,592 - freqtrade.freqtradebot - INFO - Long signal found: about create a new trade for KSM/USDT:USDT with stake_amount: 0.9098827891811975 and price: 4.808 ...
2026-09-26 17:52:10,594 - freqtrade.freqtradebot - INFO - User denied entry for KSM/USDT:USDT.
2026-09-26 17:52:10,598 - freqtrade.wallets - INFO - Wallets synced.
2026-09-26 17:52:10,750 - freqtrade.freqtradebot - INFO - Long signal found: about create a new trade for GALA/USDT:USDT with stake_amount: 0.5104409102148314 and price: 0.002313 ...
2026-09-26 17:52:10,752 - freqtrade.freqtradebot - INFO - User denied entry for GALA/USDT:USDT.
2026-09-26 17:52:15,265 - freqtrade.wallets - INFO - Wallets synced.
2026-09-26 17:52:15,416 - freqtrade.freqtradebot - INFO - Long signal found: about create a new trade for SAND/USDT:USDT with stake_amount: 0.7673711474955416 and price: 0.04622 ...
2026-09-26 17:52:15,418 - freqtrade.freqtradebot - INFO - User denied entry for SAND/USDT:USDT.
2026-09-26 17:52:15,433 - freqtrade.wallets - INFO - Wallets synced.
2026-09-26 17:52:15,585 - freqtrade.freqtradebot - INFO - Long signal found: about create a new trade for KSM/USDT:USDT with stake_amount: 0.9098827891811975 and price: 4.808 ...
2026-09-26 17:52:15,586 - freqtrade.freqtradebot - INFO - User denied entry for KSM/USDT:USDT.
2026-09-26 17:52:15,590 - freqtrade.wallets - INFO - Wallets synced.
2026-09-26 17:52:15,744 - freqtrade.freqtradebot - INFO - Long signal found: about create a new trade for GALA/USDT:USDT with stake_amount: 0.5108822771929677 and price: 0.002315 ...
2026-09-26 17:52:15,746 - freqtrade.freqtradebot - INFO - User denied entry for GALA/USDT:USDT.
2026-09-26 17:52:20,264 - freqtrade.wallets - INFO - Wallets synced.
2026-09-26 17:52:20,416 - freqtrade.freqtradebot - INFO - Long signal found: about create a new trade for SAND/USDT:USDT with stake_amount: 0.7675371732738834 and price: 0.04623 ...
2026-09-26 17:52:20,417 - freqtrade.freqtradebot - INFO - User denied entry for SAND/USDT:USDT.
2026-09-26 17:52:20,433 - freqtrade.wallets - INFO - Wallets synced.
2026-09-26 17:52:20,586 - freqtrade.freqtradebot - INFO - Long signal found: about create a new trade for KSM/USDT:USDT with stake_amount: 0.9098827891811975 and price: 4.808 ...
2026-09-26 17:52:20,587 - freqtrade.freqtradebot - INFO - User denied entry for KSM/USDT:USDT.
2026-09-26 17:52:20,591 - freqtrade.wallets - INFO - Wallets synced.
2026-09-26 17:52:20,742 - freqtrade.freqtradebot - INFO - Long signal found: about create a new trade for GALA/USDT:USDT with stake_amount: 0.5115443276601727 and price: 0.002318 ...
2026-09-26 17:52:20,744 - freqtrade.freqtradebot - INFO - User denied entry for GALA/USDT:USDT.
2026-09-26 17:52:25,266 - freqtrade.wallets - INFO - Wallets synced.
2026-09-26 17:52:25,418 - freqtrade.freqtradebot - INFO - Long signal found: about create a new trade for SAND/USDT:USDT with stake_amount: 0.7675371732738834 and price: 0.04623 ...
2026-09-26 17:52:25,419 - freqtrade.freqtradebot - INFO - User denied entry for SAND/USDT:USDT.
2026-09-26 17:52:25,434 - freqtrade.wallets - INFO - Wallets synced.
2026-09-26 17:52:25,586 - freqtrade.freqtradebot - INFO - Long signal found: about create a new trade for KSM/USDT:USDT with stake_amount: 0.9098827891811975 and price: 4.808 ...
2026-09-26 17:52:25,587 - freqtrade.freqtradebot - INFO - User denied entry for KSM/USDT:USDT.
2026-09-26 17:52:25,591 - freqtrade.wallets - INFO - Wallets synced.
2026-09-26 17:52:25,742 - freqtrade.freqtradebot - INFO - Long signal found: about create a new trade for GALA/USDT:USDT with stake_amount: 0.511985694638309 and price: 0.00232 ...
2026-09-26 17:52:25,744 - freqtrade.freqtradebot - INFO - User denied entry for GALA/USDT:USDT.
2026-09-26 17:52:30,266 - freqtrade.wallets - INFO - Wallets synced.
2026-09-26 17:52:30,417 - freqtrade.freqtradebot - INFO - Long signal found: about create a new trade for SAND/USDT:USDT with stake_amount: 0.7673711474955416 and price: 0.04622 ...
2026-09-26 17:52:30,418 - freqtrade.freqtradebot - INFO - User denied entry for SAND/USDT:USDT.
2026-09-26 17:52:30,434 - freqtrade.wallets - INFO - Wallets synced.
2026-09-26 17:52:30,585 - freqtrade.freqtradebot - INFO - Long signal found: about create a new trade for KSM/USDT:USDT with stake_amount: 0.9098827891811975 and price: 4.808 ...
2026-09-26 17:52:30,587 - freqtrade.freqtradebot - INFO - User denied entry for KSM/USDT:USDT.
2026-09-26 17:52:30,591 - freqtrade.wallets - INFO - Wallets synced.
2026-09-26 17:52:30,742 - freqtrade.freqtradebot - INFO - Long signal found: about create a new trade for GALA/USDT:USDT with stake_amount: 0.5117650111492408 and price: 0.002319 ...
2026-09-26 17:52:30,743 - freqtrade.freqtradebot - INFO - User denied entry for GALA/USDT:USDT.
2026-09-26 17:52:35,265 - freqtrade.wallets - INFO - Wallets synced.
2026-09-26 17:52:35,416 - freqtrade.freqtradebot - INFO - Long signal found: about create a new trade for SAND/USDT:USDT with stake_amount: 0.7672051217172 and price: 0.04621 ...
2026-09-26 17:52:35,418 - freqtrade.freqtradebot - INFO - User denied entry for SAND/USDT:USDT.
2026-09-26 17:52:35,433 - freqtrade.wallets - INFO - Wallets synced.
2026-09-26 17:52:35,585 - freqtrade.freqtradebot - INFO - Long signal found: about create a new trade for KSM/USDT:USDT with stake_amount: 0.9098827891811975 and price: 4.808 ...
2026-09-26 17:52:35,586 - freqtrade.freqtradebot - INFO - User denied entry for KSM/USDT:USDT.
2026-09-26 17:52:35,590 - freqtrade.wallets - INFO - Wallets synced.
2026-09-26 17:52:35,742 - freqtrade.freqtradebot - INFO - Long signal found: about create a new trade for GALA/USDT:USDT with stake_amount: 0.5115443276601727 and price: 0.002318 ...
2026-09-26 17:52:35,743 - freqtrade.freqtradebot - INFO - User denied entry for GALA/USDT:USDT.
2026-09-26 17:52:40,267 - freqtrade.wallets - INFO - Wallets synced.
2026-09-26 17:52:40,419 - freqtrade.freqtradebot - INFO - Long signal found: about create a new trade for SAND/USDT:USDT with stake_amount: 0.7673711474955416 and price: 0.04622 ...
2026-09-26 17:52:40,420 - freqtrade.freqtradebot - INFO - User denied entry for SAND/USDT:USDT.
2026-09-26 17:52:40,436 - freqtrade.wallets - INFO - Wallets synced.
2026-09-26 17:52:40,587 - freqtrade.freqtradebot - INFO - Long signal found: about create a new trade for KSM/USDT:USDT with stake_amount: 0.9098827891811975 and price: 4.808 ...
2026-09-26 17:52:40,589 - freqtrade.freqtradebot - INFO - User denied entry for KSM/USDT:USDT.
2026-09-26 17:52:40,593 - freqtrade.wallets - INFO - Wallets synced.
2026-09-26 17:52:40,744 - freqtrade.freqtradebot - INFO - Long signal found: about create a new trade for GALA/USDT:USDT with stake_amount: 0.5117650111492408 and price: 0.002319 ...
2026-09-26 17:52:40,746 - freqtrade.freqtradebot - INFO - User denied entry for GALA/USDT:USDT.
2026-09-26 17:52:45,264 - freqtrade.wallets - INFO - Wallets synced.
2026-09-26 17:52:45,416 - freqtrade.freqtradebot - INFO - Long signal found: about create a new trade for SAND/USDT:USDT with stake_amount: 0.7673711474955416 and price: 0.04622 ...
2026-09-26 17:52:45,417 - freqtrade.freqtradebot - INFO - User denied entry for SAND/USDT:USDT.
2026-09-26 17:52:45,433 - freqtrade.wallets - INFO - Wallets synced.
2026-09-26 17:52:45,584 - freqtrade.freqtradebot - INFO - Long signal found: about create a new trade for KSM/USDT:USDT with stake_amount: 0.9098827891811975 and price: 4.808 ...
2026-09-26 17:52:45,585 - freqtrade.freqtradebot - INFO - User denied entry for KSM/USDT:USDT.
2026-09-26 17:52:45,589 - freqtrade.wallets - INFO - Wallets synced.
2026-09-26 17:52:45,741 - freqtrade.freqtradebot - INFO - Long signal found: about create a new trade for GALA/USDT:USDT with stake_amount: 0.511985694638309 and price: 0.00232 ...
2026-09-26 17:52:45,742 - freqtrade.freqtradebot - INFO - User denied entry for GALA/USDT:USDT.
2026-09-26 17:52:49,686 - freqtrade.worker - INFO - Bot heartbeat. PID=2144, version='2026.7', state='RUNNING'
2026-09-26 17:52:50,265 - freqtrade.wallets - INFO - Wallets synced.
2026-09-26 17:52:50,416 - freqtrade.freqtradebot - INFO - Long signal found: about create a new trade for SAND/USDT:USDT with stake_amount: 0.7673711474955416 and price: 0.04622 ...
2026-09-26 17:52:50,417 - freqtrade.freqtradebot - INFO - User denied entry for SAND/USDT:USDT.
2026-09-26 17:52:50,433 - freqtrade.wallets - INFO - Wallets synced.
2026-09-26 17:52:50,585 - freqtrade.freqtradebot - INFO - Long signal found: about create a new trade for KSM/USDT:USDT with stake_amount: 0.9098827891811975 and price: 4.808 ...
2026-09-26 17:52:50,586 - freqtrade.freqtradebot - INFO - User denied entry for KSM/USDT:USDT.
2026-09-26 17:52:50,590 - freqtrade.wallets - INFO - Wallets synced.
2026-09-26 17:52:50,742 - freqtrade.freqtradebot - INFO - Long signal found: about create a new trade for GALA/USDT:USDT with stake_amount: 0.511985694638309 and price: 0.00232 ...
2026-09-26 17:52:50,743 - freqtrade.freqtradebot - INFO - User denied entry for GALA/USDT:USDT.
2026-09-26 17:52:55,265 - freqtrade.wallets - INFO - Wallets synced.
2026-09-26 17:52:55,416 - freqtrade.freqtradebot - INFO - Long signal found: about create a new trade for SAND/USDT:USDT with stake_amount: 0.7673711474955416 and price: 0.04622 ...
2026-09-26 17:52:55,418 - freqtrade.freqtradebot - INFO - User denied entry for SAND/USDT:USDT.
2026-09-26 17:52:55,433 - freqtrade.wallets - INFO - Wallets synced.
2026-09-26 17:52:55,584 - freqtrade.freqtradebot - INFO - Long signal found: about create a new trade for KSM/USDT:USDT with stake_amount: 0.9098827891811975 and price: 4.808 ...
2026-09-26 17:52:55,586 - freqtrade.freqtradebot - INFO - User denied entry for KSM/USDT:USDT.
2026-09-26 17:52:55,590 - freqtrade.wallets - INFO - Wallets synced.
2026-09-26 17:52:55,742 - freqtrade.freqtradebot - INFO - Long signal found: about create a new trade for GALA/USDT:USDT with stake_amount: 0.5117650111492408 and price: 0.002319 ...
2026-09-26 17:52:55,744 - freqtrade.freqtradebot - INFO - User denied entry for GALA/USDT:USDT.
2026-09-26 17:53:00,265 - freqtrade.wallets - INFO - Wallets synced.
2026-09-26 17:53:00,416 - freqtrade.freqtradebot - INFO - Long signal found: about create a new trade for SAND/USDT:USDT with stake_amount: 0.7673711474955416 and price: 0.04622 ...
2026-09-26 17:53:00,418 - freqtrade.freqtradebot - INFO - User denied entry for SAND/USDT:USDT.
2026-09-26 17:53:00,433 - freqtrade.wallets - INFO - Wallets synced.
2026-09-26 17:53:00,584 - freqtrade.freqtradebot - INFO - Long signal found: about create a new trade for KSM/USDT:USDT with stake_amount: 0.9098827891811975 and price: 4.808 ...
2026-09-26 17:53:00,586 - freqtrade.freqtradebot - INFO - User denied entry for KSM/USDT:USDT.
2026-09-26 17:53:00,590 - freqtrade.wallets - INFO - Wallets synced.
2026-09-26 17:53:00,741 - freqtrade.freqtradebot - INFO - Long signal found: about create a new trade for GALA/USDT:USDT with stake_amount: 0.5117650111492408 and price: 0.002319 ...
2026-09-26 17:53:00,742 - freqtrade.freqtradebot - INFO - User denied entry for GALA/USDT:USDT.
2026-09-26 17:53:05,265 - freqtrade.wallets - INFO - Wallets synced.
2026-09-26 17:53:05,416 - freqtrade.freqtradebot - INFO - Long signal found: about create a new trade for SAND/USDT:USDT with stake_amount: 0.7670390959388581 and price: 0.0462 ...
2026-09-26 17:53:05,418 - freqtrade.freqtradebot - INFO - User denied entry for SAND/USDT:USDT.
2026-09-26 17:53:05,433 - freqtrade.wallets - INFO - Wallets synced.
2026-09-26 17:53:05,584 - freqtrade.freqtradebot - INFO - Long signal found: about create a new trade for KSM/USDT:USDT with stake_amount: 0.9098827891811975 and price: 4.808 ...
2026-09-26 17:53:05,586 - freqtrade.freqtradebot - INFO - User denied entry for KSM/USDT:USDT.
2026-09-26 17:53:05,589 - freqtrade.wallets - INFO - Wallets synced.
2026-09-26 17:53:05,741 - freqtrade.freqtradebot - INFO - Long signal found: about create a new trade for GALA/USDT:USDT with stake_amount: 0.5104409102148314 and price: 0.002313 ...
2026-09-26 17:53:05,743 - freqtrade.freqtradebot - INFO - User denied entry for GALA/USDT:USDT.
2026-09-26 17:53:10,265 - freqtrade.wallets - INFO - Wallets synced.
2026-09-26 17:53:10,417 - freqtrade.freqtradebot - INFO - Long signal found: about create a new trade for SAND/USDT:USDT with stake_amount: 0.7670390959388581 and price: 0.0462 ...
2026-09-26 17:53:10,418 - freqtrade.freqtradebot - INFO - User denied entry for SAND/USDT:USDT.
2026-09-26 17:53:10,433 - freqtrade.wallets - INFO - Wallets synced.
2026-09-26 17:53:10,585 - freqtrade.freqtradebot - INFO - Long signal found: about create a new trade for KSM/USDT:USDT with stake_amount: 0.9098827891811975 and price: 4.808 ...
2026-09-26 17:53:10,586 - freqtrade.freqtradebot - INFO - User denied entry for KSM/USDT:USDT.
2026-09-26 17:53:10,590 - freqtrade.wallets - INFO - Wallets synced.
2026-09-26 17:53:10,744 - freqtrade.freqtradebot - INFO - Long signal found: about create a new trade for GALA/USDT:USDT with stake_amount: 0.5102202267257631 and price: 0.002312 ...
2026-09-26 17:53:10,745 - freqtrade.freqtradebot - INFO - User denied entry for GALA/USDT:USDT.
2026-09-26 17:53:15,265 - freqtrade.wallets - INFO - Wallets synced.
2026-09-26 17:53:15,416 - freqtrade.freqtradebot - INFO - Long signal found: about create a new trade for SAND/USDT:USDT with stake_amount: 0.7668730701605164 and price: 0.04619 ...
2026-09-26 17:53:15,417 - freqtrade.freqtradebot - INFO - User denied entry for SAND/USDT:USDT.
2026-09-26 17:53:15,433 - freqtrade.wallets - INFO - Wallets synced.
2026-09-26 17:53:15,584 - freqtrade.freqtradebot - INFO - Long signal found: about create a new trade for KSM/USDT:USDT with stake_amount: 0.9098827891811975 and price: 4.808 ...
2026-09-26 17:53:15,586 - freqtrade.freqtradebot - INFO - User denied entry for KSM/USDT:USDT.
2026-09-26 17:53:15,590 - freqtrade.wallets - INFO - Wallets synced.
2026-09-26 17:53:15,741 - freqtrade.freqtradebot - INFO - Long signal found: about create a new trade for GALA/USDT:USDT with stake_amount: 0.5104409102148314 and price: 0.002313 ...
2026-09-26 17:53:15,743 - freqtrade.freqtradebot - INFO - User denied entry for GALA/USDT:USDT.
2026-09-26 17:53:20,265 - freqtrade.wallets - INFO - Wallets synced.
2026-09-26 17:53:20,417 - freqtrade.freqtradebot - INFO - Long signal found: about create a new trade for SAND/USDT:USDT with stake_amount: 0.7670390959388581 and price: 0.0462 ...
2026-09-26 17:53:20,418 - freqtrade.freqtradebot - INFO - User denied entry for SAND/USDT:USDT.
2026-09-26 17:53:20,433 - freqtrade.wallets - INFO - Wallets synced.
2026-09-26 17:53:20,585 - freqtrade.freqtradebot - INFO - Long signal found: about create a new trade for KSM/USDT:USDT with stake_amount: 0.9098827891811975 and price: 4.808 ...
2026-09-26 17:53:20,586 - freqtrade.freqtradebot - INFO - User denied entry for KSM/USDT:USDT.
2026-09-26 17:53:20,590 - freqtrade.wallets - INFO - Wallets synced.
2026-09-26 17:53:20,742 - freqtrade.freqtradebot - INFO - Long signal found: about create a new trade for GALA/USDT:USDT with stake_amount: 0.5104409102148314 and price: 0.002313 ...
2026-09-26 17:53:20,743 - freqtrade.freqtradebot - INFO - User denied entry for GALA/USDT:USDT.
2026-09-26 17:53:25,266 - freqtrade.wallets - INFO - Wallets synced.
2026-09-26 17:53:25,418 - freqtrade.freqtradebot - INFO - Long signal found: about create a new trade for SAND/USDT:USDT with stake_amount: 0.7670390959388581 and price: 0.0462 ...
2026-09-26 17:53:25,419 - freqtrade.freqtradebot - INFO - User denied entry for SAND/USDT:USDT.
2026-09-26 17:53:25,434 - freqtrade.wallets - INFO - Wallets synced.
2026-09-26 17:53:25,586 - freqtrade.freqtradebot - INFO - Long signal found: about create a new trade for KSM/USDT:USDT with stake_amount: 0.9098827891811975 and price: 4.808 ...
2026-09-26 17:53:25,587 - freqtrade.freqtradebot - INFO - User denied entry for KSM/USDT:USDT.
2026-09-26 17:53:25,591 - freqtrade.wallets - INFO - Wallets synced.
2026-09-26 17:53:25,743 - freqtrade.freqtradebot - INFO - Long signal found: about create a new trade for GALA/USDT:USDT with stake_amount: 0.5104409102148314 and price: 0.002313 ...
2026-09-26 17:53:25,744 - freqtrade.freqtradebot - INFO - User denied entry for GALA/USDT:USDT.
2026-09-26 17:53:30,268 - freqtrade.wallets - INFO - Wallets synced.
2026-09-26 17:53:30,419 - freqtrade.freqtradebot - INFO - Long signal found: about create a new trade for SAND/USDT:USDT with stake_amount: 0.7672051217172 and price: 0.04621 ...
2026-09-26 17:53:30,420 - freqtrade.freqtradebot - INFO - User denied entry for SAND/USDT:USDT.
2026-09-26 17:53:30,435 - freqtrade.wallets - INFO - Wallets synced.
2026-09-26 17:53:30,587 - freqtrade.freqtradebot - INFO - Long signal found: about create a new trade for KSM/USDT:USDT with stake_amount: 0.9098827891811975 and price: 4.808 ...
2026-09-26 17:53:30,588 - freqtrade.freqtradebot - INFO - User denied entry for KSM/USDT:USDT.
2026-09-26 17:53:30,592 - freqtrade.wallets - INFO - Wallets synced.
2026-09-26 17:53:30,744 - freqtrade.freqtradebot - INFO - Long signal found: about create a new trade for GALA/USDT:USDT with stake_amount: 0.5104409102148314 and price: 0.002313 ...
2026-09-26 17:53:30,745 - freqtrade.freqtradebot - INFO - User denied entry for GALA/USDT:USDT.
2026-09-26 17:53:35,267 - freqtrade.wallets - INFO - Wallets synced.
2026-09-26 17:53:35,418 - freqtrade.freqtradebot - INFO - Long signal found: about create a new trade for SAND/USDT:USDT with stake_amount: 0.7672051217172 and price: 0.04621 ...
2026-09-26 17:53:35,420 - freqtrade.freqtradebot - INFO - User denied entry for SAND/USDT:USDT.
2026-09-26 17:53:35,435 - freqtrade.wallets - INFO - Wallets synced.
2026-09-26 17:53:35,587 - freqtrade.freqtradebot - INFO - Long signal found: about create a new trade for KSM/USDT:USDT with stake_amount: 0.9098827891811975 and price: 4.808 ...
2026-09-26 17:53:35,588 - freqtrade.freqtradebot - INFO - User denied entry for KSM/USDT:USDT.
2026-09-26 17:53:35,592 - freqtrade.wallets - INFO - Wallets synced.
2026-09-26 17:53:35,743 - freqtrade.freqtradebot - INFO - Long signal found: about create a new trade for GALA/USDT:USDT with stake_amount: 0.5106615937038997 and price: 0.002314 ...
2026-09-26 17:53:35,745 - freqtrade.freqtradebot - INFO - User denied entry for GALA/USDT:USDT.
2026-09-26 17:53:40,265 - freqtrade.wallets - INFO - Wallets synced.
2026-09-26 17:53:40,419 - freqtrade.freqtradebot - INFO - Long signal found: about create a new trade for SAND/USDT:USDT with stake_amount: 0.7672051217172 and price: 0.04621 ...
2026-09-26 17:53:40,421 - freqtrade.freqtradebot - INFO - User denied entry for SAND/USDT:USDT.
2026-09-26 17:53:40,436 - freqtrade.wallets - INFO - Wallets synced.
2026-09-26 17:53:40,587 - freqtrade.freqtradebot - INFO - Long signal found: about create a new trade for KSM/USDT:USDT with stake_amount: 0.9098827891811975 and price: 4.808 ...
2026-09-26 17:53:40,588 - freqtrade.freqtradebot - INFO - User denied entry for KSM/USDT:USDT.
2026-09-26 17:53:40,592 - freqtrade.wallets - INFO - Wallets synced.
2026-09-26 17:53:40,744 - freqtrade.freqtradebot - INFO - Long signal found: about create a new trade for GALA/USDT:USDT with stake_amount: 0.5111029606820361 and price: 0.002316 ...
2026-09-26 17:53:40,745 - freqtrade.freqtradebot - INFO - User denied entry for GALA/USDT:USDT.
2026-09-26 17:53:45,266 - freqtrade.wallets - INFO - Wallets synced.
2026-09-26 17:53:45,418 - freqtrade.freqtradebot - INFO - Long signal found: about create a new trade for SAND/USDT:USDT with stake_amount: 0.7670390959388581 and price: 0.0462 ...
2026-09-26 17:53:45,419 - freqtrade.freqtradebot - INFO - User denied entry for SAND/USDT:USDT.
2026-09-26 17:53:45,435 - freqtrade.wallets - INFO - Wallets synced.
2026-09-26 17:53:45,586 - freqtrade.freqtradebot - INFO - Long signal found: about create a new trade for KSM/USDT:USDT with stake_amount: 0.9098827891811975 and price: 4.808 ...
2026-09-26 17:53:45,588 - freqtrade.freqtradebot - INFO - User denied entry for KSM/USDT:USDT.
2026-09-26 17:53:45,592 - freqtrade.wallets - INFO - Wallets synced.
2026-09-26 17:53:45,743 - freqtrade.freqtradebot - INFO - Long signal found: about create a new trade for GALA/USDT:USDT with stake_amount: 0.5111029606820361 and price: 0.002316 ...
2026-09-26 17:53:45,744 - freqtrade.freqtradebot - INFO - User denied entry for GALA/USDT:USDT.
2026-09-26 17:53:49,688 - freqtrade.worker - INFO - Bot heartbeat. PID=2144, version='2026.7', state='RUNNING'
2026-09-26 17:53:50,269 - freqtrade.wallets - INFO - Wallets synced.
2026-09-26 17:53:50,420 - freqtrade.freqtradebot - INFO - Long signal found: about create a new trade for SAND/USDT:USDT with stake_amount: 0.7670390959388581 and price: 0.0462 ...
2026-09-26 17:53:50,422 - freqtrade.freqtradebot - INFO - User denied entry for SAND/USDT:USDT.
2026-09-26 17:53:50,437 - freqtrade.wallets - INFO - Wallets synced.
2026-09-26 17:53:50,589 - freqtrade.freqtradebot - INFO - Long signal found: about create a new trade for KSM/USDT:USDT with stake_amount: 0.9098827891811975 and price: 4.808 ...
2026-09-26 17:53:50,590 - freqtrade.freqtradebot - INFO - User denied entry for KSM/USDT:USDT.
2026-09-26 17:53:50,594 - freqtrade.wallets - INFO - Wallets synced.
2026-09-26 17:53:50,745 - freqtrade.freqtradebot - INFO - Long signal found: about create a new trade for GALA/USDT:USDT with stake_amount: 0.5111029606820361 and price: 0.002316 ...
2026-09-26 17:53:50,747 - freqtrade.freqtradebot - INFO - User denied entry for GALA/USDT:USDT.
2026-09-26 17:53:55,266 - freqtrade.wallets - INFO - Wallets synced.
2026-09-26 17:53:55,417 - freqtrade.freqtradebot - INFO - Long signal found: about create a new trade for SAND/USDT:USDT with stake_amount: 0.7670390959388581 and price: 0.0462 ...
2026-09-26 17:53:55,419 - freqtrade.freqtradebot - INFO - User denied entry for SAND/USDT:USDT.
2026-09-26 17:53:55,434 - freqtrade.wallets - INFO - Wallets synced.
2026-09-26 17:53:55,585 - freqtrade.freqtradebot - INFO - Long signal found: about create a new trade for KSM/USDT:USDT with stake_amount: 0.9098827891811975 and price: 4.808 ...
2026-09-26 17:53:55,586 - freqtrade.freqtradebot - INFO - User denied entry for KSM/USDT:USDT.
2026-09-26 17:53:55,590 - freqtrade.wallets - INFO - Wallets synced.
2026-09-26 17:53:55,742 - freqtrade.freqtradebot - INFO - Long signal found: about create a new trade for GALA/USDT:USDT with stake_amount: 0.5111029606820361 and price: 0.002316 ...
2026-09-26 17:53:55,743 - freqtrade.freqtradebot - INFO - User denied entry for GALA/USDT:USDT.
2026-09-26 17:54:00,267 - freqtrade.wallets - INFO - Wallets synced.
2026-09-26 17:54:00,419 - freqtrade.freqtradebot - INFO - Long signal found: about create a new trade for SAND/USDT:USDT with stake_amount: 0.7670390959388581 and price: 0.0462 ...
2026-09-26 17:54:00,420 - freqtrade.freqtradebot - INFO - User denied entry for SAND/USDT:USDT.
2026-09-26 17:54:00,435 - freqtrade.wallets - INFO - Wallets synced.
2026-09-26 17:54:00,587 - freqtrade.freqtradebot - INFO - Long signal found: about create a new trade for KSM/USDT:USDT with stake_amount: 0.9098827891811975 and price: 4.808 ...
2026-09-26 17:54:00,588 - freqtrade.freqtradebot - INFO - User denied entry for KSM/USDT:USDT.
2026-09-26 17:54:00,592 - freqtrade.wallets - INFO - Wallets synced.
2026-09-26 17:54:00,743 - freqtrade.freqtradebot - INFO - Long signal found: about create a new trade for GALA/USDT:USDT with stake_amount: 0.5111029606820361 and price: 0.002316 ...
2026-09-26 17:54:00,744 - freqtrade.freqtradebot - INFO - User denied entry for GALA/USDT:USDT.
2026-09-26 17:54:05,267 - freqtrade.wallets - INFO - Wallets synced.
2026-09-26 17:54:05,419 - freqtrade.freqtradebot - INFO - Long signal found: about create a new trade for SAND/USDT:USDT with stake_amount: 0.7670390959388581 and price: 0.0462 ...
2026-09-26 17:54:05,421 - freqtrade.freqtradebot - INFO - User denied entry for SAND/USDT:USDT.
2026-09-26 17:54:05,436 - freqtrade.wallets - INFO - Wallets synced.
2026-09-26 17:54:05,589 - freqtrade.freqtradebot - INFO - Long signal found: about create a new trade for KSM/USDT:USDT with stake_amount: 0.9098827891811975 and price: 4.808 ...
2026-09-26 17:54:05,590 - freqtrade.freqtradebot - INFO - User denied entry for KSM/USDT:USDT.
2026-09-26 17:54:05,594 - freqtrade.wallets - INFO - Wallets synced.
2026-09-26 17:54:05,746 - freqtrade.freqtradebot - INFO - Long signal found: about create a new trade for GALA/USDT:USDT with stake_amount: 0.5108822771929677 and price: 0.002315 ...
2026-09-26 17:54:05,747 - freqtrade.freqtradebot - INFO - User denied entry for GALA/USDT:USDT.
2026-09-26 17:54:10,267 - freqtrade.wallets - INFO - Wallets synced.
2026-09-26 17:54:10,419 - freqtrade.freqtradebot - INFO - Long signal found: about create a new trade for SAND/USDT:USDT with stake_amount: 0.7670390959388581 and price: 0.0462 ...
2026-09-26 17:54:10,420 - freqtrade.freqtradebot - INFO - User denied entry for SAND/USDT:USDT.
2026-09-26 17:54:10,435 - freqtrade.wallets - INFO - Wallets synced.
2026-09-26 17:54:10,586 - freqtrade.freqtradebot - INFO - Long signal found: about create a new trade for KSM/USDT:USDT with stake_amount: 0.9098827891811975 and price: 4.808 ...
2026-09-26 17:54:10,588 - freqtrade.freqtradebot - INFO - User denied entry for KSM/USDT:USDT.
2026-09-26 17:54:10,592 - freqtrade.wallets - INFO - Wallets synced.
2026-09-26 17:54:10,743 - freqtrade.freqtradebot - INFO - Long signal found: about create a new trade for GALA/USDT:USDT with stake_amount: 0.5106615937038997 and price: 0.002314 ...
2026-09-26 17:54:10,744 - freqtrade.freqtradebot - INFO - User denied entry for GALA/USDT:USDT.
2026-09-26 17:54:15,270 - freqtrade.wallets - INFO - Wallets synced.
2026-09-26 17:54:15,422 - freqtrade.freqtradebot - INFO - Long signal found: about create a new trade for SAND/USDT:USDT with stake_amount: 0.7670390959388581 and price: 0.0462 ...
2026-09-26 17:54:15,423 - freqtrade.freqtradebot - INFO - User denied entry for SAND/USDT:USDT.
2026-09-26 17:54:15,438 - freqtrade.wallets - INFO - Wallets synced.
2026-09-26 17:54:15,590 - freqtrade.freqtradebot - INFO - Long signal found: about create a new trade for KSM/USDT:USDT with stake_amount: 0.9098827891811975 and price: 4.808 ...
2026-09-26 17:54:15,591 - freqtrade.freqtradebot - INFO - User denied entry for KSM/USDT:USDT.
2026-09-26 17:54:15,595 - freqtrade.wallets - INFO - Wallets synced.
2026-09-26 17:54:15,747 - freqtrade.freqtradebot - INFO - Long signal found: about create a new trade for GALA/USDT:USDT with stake_amount: 0.5106615937038997 and price: 0.002314 ...
2026-09-26 17:54:15,749 - freqtrade.freqtradebot - INFO - User denied entry for GALA/USDT:USDT.
2026-09-26 17:54:20,269 - freqtrade.wallets - INFO - Wallets synced.
2026-09-26 17:54:20,424 - freqtrade.freqtradebot - INFO - Long signal found: about create a new trade for SAND/USDT:USDT with stake_amount: 0.7670390959388581 and price: 0.0462 ...
2026-09-26 17:54:20,426 - freqtrade.freqtradebot - INFO - User denied entry for SAND/USDT:USDT.
2026-09-26 17:54:20,441 - freqtrade.wallets - INFO - Wallets synced.
2026-09-26 17:54:20,593 - freqtrade.freqtradebot - INFO - Long signal found: about create a new trade for KSM/USDT:USDT with stake_amount: 0.9098827891811975 and price: 4.808 ...
2026-09-26 17:54:20,594 - freqtrade.freqtradebot - INFO - User denied entry for KSM/USDT:USDT.
2026-09-26 17:54:20,598 - freqtrade.wallets - INFO - Wallets synced.
2026-09-26 17:54:20,750 - freqtrade.freqtradebot - INFO - Long signal found: about create a new trade for GALA/USDT:USDT with stake_amount: 0.5106615937038997 and price: 0.002314 ...
2026-09-26 17:54:20,751 - freqtrade.freqtradebot - INFO - User denied entry for GALA/USDT:USDT.
2026-09-26 17:54:25,272 - freqtrade.wallets - INFO - Wallets synced.
2026-09-26 17:54:25,424 - freqtrade.freqtradebot - INFO - Long signal found: about create a new trade for SAND/USDT:USDT with stake_amount: 0.7670390959388581 and price: 0.0462 ...
2026-09-26 17:54:25,425 - freqtrade.freqtradebot - INFO - User denied entry for SAND/USDT:USDT.
2026-09-26 17:54:25,440 - freqtrade.wallets - INFO - Wallets synced.
2026-09-26 17:54:25,592 - freqtrade.freqtradebot - INFO - Long signal found: about create a new trade for KSM/USDT:USDT with stake_amount: 0.9098827891811975 and price: 4.808 ...
2026-09-26 17:54:25,593 - freqtrade.freqtradebot - INFO - User denied entry for KSM/USDT:USDT.
2026-09-26 17:54:25,597 - freqtrade.wallets - INFO - Wallets synced.
2026-09-26 17:54:25,749 - freqtrade.freqtradebot - INFO - Long signal found: about create a new trade for GALA/USDT:USDT with stake_amount: 0.5111029606820361 and price: 0.002316 ...
2026-09-26 17:54:25,751 - freqtrade.freqtradebot - INFO - User denied entry for GALA/USDT:USDT.
2026-09-26 17:54:30,274 - freqtrade.wallets - INFO - Wallets synced.
2026-09-26 17:54:30,425 - freqtrade.freqtradebot - INFO - Long signal found: about create a new trade for SAND/USDT:USDT with stake_amount: 0.7670390959388581 and price: 0.0462 ...
2026-09-26 17:54:30,427 - freqtrade.freqtradebot - INFO - User denied entry for SAND/USDT:USDT.
2026-09-26 17:54:30,442 - freqtrade.wallets - INFO - Wallets synced.
2026-09-26 17:54:30,594 - freqtrade.freqtradebot - INFO - Long signal found: about create a new trade for KSM/USDT:USDT with stake_amount: 0.9098827891811975 and price: 4.808 ...
2026-09-26 17:54:30,595 - freqtrade.freqtradebot - INFO - User denied entry for KSM/USDT:USDT.
2026-09-26 17:54:30,599 - freqtrade.wallets - INFO - Wallets synced.
2026-09-26 17:54:30,751 - freqtrade.freqtradebot - INFO - Long signal found: about create a new trade for GALA/USDT:USDT with stake_amount: 0.5111029606820361 and price: 0.002316 ...
2026-09-26 17:54:30,752 - freqtrade.freqtradebot - INFO - User denied entry for GALA/USDT:USDT.
2026-09-26 17:54:35,269 - freqtrade.wallets - INFO - Wallets synced.
2026-09-26 17:54:35,420 - freqtrade.freqtradebot - INFO - Long signal found: about create a new trade for SAND/USDT:USDT with stake_amount: 0.7670390959388581 and price: 0.0462 ...
2026-09-26 17:54:35,422 - freqtrade.freqtradebot - INFO - User denied entry for SAND/USDT:USDT.
2026-09-26 17:54:35,437 - freqtrade.wallets - INFO - Wallets synced.
2026-09-26 17:54:35,588 - freqtrade.freqtradebot - INFO - Long signal found: about create a new trade for KSM/USDT:USDT with stake_amount: 0.9098827891811975 and price: 4.808 ...
2026-09-26 17:54:35,590 - freqtrade.freqtradebot - INFO - User denied entry for KSM/USDT:USDT.
2026-09-26 17:54:35,594 - freqtrade.wallets - INFO - Wallets synced.
2026-09-26 17:54:35,745 - freqtrade.freqtradebot - INFO - Long signal found: about create a new trade for GALA/USDT:USDT with stake_amount: 0.5108822771929677 and price: 0.002315 ...
2026-09-26 17:54:35,746 - freqtrade.freqtradebot - INFO - User denied entry for GALA/USDT:USDT.
2026-09-26 17:54:40,269 - freqtrade.wallets - INFO - Wallets synced.
2026-09-26 17:54:40,423 - freqtrade.freqtradebot - INFO - Long signal found: about create a new trade for SAND/USDT:USDT with stake_amount: 0.7667070443821746 and price: 0.04618 ...
2026-09-26 17:54:40,424 - freqtrade.freqtradebot - INFO - User denied entry for SAND/USDT:USDT.
2026-09-26 17:54:40,440 - freqtrade.wallets - INFO - Wallets synced.
2026-09-26 17:54:40,591 - freqtrade.freqtradebot - INFO - Long signal found: about create a new trade for KSM/USDT:USDT with stake_amount: 0.9098827891811975 and price: 4.808 ...
2026-09-26 17:54:40,592 - freqtrade.freqtradebot - INFO - User denied entry for KSM/USDT:USDT.
2026-09-26 17:54:40,596 - freqtrade.wallets - INFO - Wallets synced.
2026-09-26 17:54:40,748 - freqtrade.freqtradebot - INFO - Long signal found: about create a new trade for GALA/USDT:USDT with stake_amount: 0.5106615937038997 and price: 0.002314 ...
2026-09-26 17:54:40,749 - freqtrade.freqtradebot - INFO - User denied entry for GALA/USDT:USDT.
2026-09-26 17:54:45,268 - freqtrade.wallets - INFO - Wallets synced.
2026-09-26 17:54:45,420 - freqtrade.freqtradebot - INFO - Long signal found: about create a new trade for SAND/USDT:USDT with stake_amount: 0.7667070443821746 and price: 0.04618 ...
2026-09-26 17:54:45,421 - freqtrade.freqtradebot - INFO - User denied entry for SAND/USDT:USDT.
2026-09-26 17:54:45,437 - freqtrade.wallets - INFO - Wallets synced.
2026-09-26 17:54:45,589 - freqtrade.freqtradebot - INFO - Long signal found: about create a new trade for KSM/USDT:USDT with stake_amount: 0.9098827891811975 and price: 4.808 ...
2026-09-26 17:54:45,590 - freqtrade.freqtradebot - INFO - User denied entry for KSM/USDT:USDT.
2026-09-26 17:54:45,594 - freqtrade.wallets - INFO - Wallets synced.
2026-09-26 17:54:45,745 - freqtrade.freqtradebot - INFO - Long signal found: about create a new trade for GALA/USDT:USDT with stake_amount: 0.5108822771929677 and price: 0.002315 ...
2026-09-26 17:54:45,746 - freqtrade.freqtradebot - INFO - User denied entry for GALA/USDT:USDT.
2026-09-26 17:54:49,691 - freqtrade.worker - INFO - Bot heartbeat. PID=2144, version='2026.7', state='RUNNING'
2026-09-26 17:54:50,272 - freqtrade.wallets - INFO - Wallets synced.
2026-09-26 17:54:50,423 - freqtrade.freqtradebot - INFO - Long signal found: about create a new trade for SAND/USDT:USDT with stake_amount: 0.7667070443821746 and price: 0.04618 ...
2026-09-26 17:54:50,425 - freqtrade.freqtradebot - INFO - User denied entry for SAND/USDT:USDT.
2026-09-26 17:54:50,440 - freqtrade.wallets - INFO - Wallets synced.
2026-09-26 17:54:50,592 - freqtrade.freqtradebot - INFO - Long signal found: about create a new trade for KSM/USDT:USDT with stake_amount: 0.9098827891811975 and price: 4.808 ...
2026-09-26 17:54:50,593 - freqtrade.freqtradebot - INFO - User denied entry for KSM/USDT:USDT.
2026-09-26 17:54:50,597 - freqtrade.wallets - INFO - Wallets synced.
2026-09-26 17:54:50,748 - freqtrade.freqtradebot - INFO - Long signal found: about create a new trade for GALA/USDT:USDT with stake_amount: 0.5106615937038997 and price: 0.002314 ...
2026-09-26 17:54:50,749 - freqtrade.freqtradebot - INFO - User denied entry for GALA/USDT:USDT.
2026-09-26 17:54:55,273 - freqtrade.wallets - INFO - Wallets synced.
2026-09-26 17:54:55,425 - freqtrade.freqtradebot - INFO - Long signal found: about create a new trade for SAND/USDT:USDT with stake_amount: 0.7667070443821746 and price: 0.04618 ...
2026-09-26 17:54:55,426 - freqtrade.freqtradebot - INFO - User denied entry for SAND/USDT:USDT.
2026-09-26 17:54:55,441 - freqtrade.wallets - INFO - Wallets synced.
2026-09-26 17:54:55,593 - freqtrade.freqtradebot - INFO - Long signal found: about create a new trade for KSM/USDT:USDT with stake_amount: 0.9098827891811975 and price: 4.808 ...
2026-09-26 17:54:55,594 - freqtrade.freqtradebot - INFO - User denied entry for KSM/USDT:USDT.
2026-09-26 17:54:55,598 - freqtrade.wallets - INFO - Wallets synced.
2026-09-26 17:54:55,750 - freqtrade.freqtradebot - INFO - Long signal found: about create a new trade for GALA/USDT:USDT with stake_amount: 0.5106615937038997 and price: 0.002314 ...
2026-09-26 17:54:55,751 - freqtrade.freqtradebot - INFO - User denied entry for GALA/USDT:USDT.
2026-09-26 17:55:00,275 - freqtrade.wallets - INFO - Wallets synced.
2026-09-26 17:55:00,426 - freqtrade.freqtradebot - INFO - Long signal found: about create a new trade for SAND/USDT:USDT with stake_amount: 0.7667070443821746 and price: 0.04618 ...
2026-09-26 17:55:00,428 - freqtrade.freqtradebot - INFO - User denied entry for SAND/USDT:USDT.
2026-09-26 17:55:00,443 - freqtrade.wallets - INFO - Wallets synced.
2026-09-26 17:55:00,595 - freqtrade.freqtradebot - INFO - Long signal found: about create a new trade for KSM/USDT:USDT with stake_amount: 0.9098827891811975 and price: 4.808 ...
2026-09-26 17:55:00,596 - freqtrade.freqtradebot - INFO - User denied entry for KSM/USDT:USDT.
2026-09-26 17:55:00,600 - freqtrade.wallets - INFO - Wallets synced.
2026-09-26 17:55:00,751 - freqtrade.freqtradebot - INFO - Long signal found: about create a new trade for GALA/USDT:USDT with stake_amount: 0.5106615937038997 and price: 0.002314 ...
2026-09-26 17:55:00,752 - freqtrade.freqtradebot - INFO - User denied entry for GALA/USDT:USDT.
2026-09-26 17:55:05,270 - freqtrade.wallets - INFO - Wallets synced.
2026-09-26 17:55:05,422 - freqtrade.freqtradebot - INFO - Long signal found: about create a new trade for SAND/USDT:USDT with stake_amount: 0.7667070443821746 and price: 0.04618 ...
2026-09-26 17:55:05,423 - freqtrade.freqtradebot - INFO - User denied entry for SAND/USDT:USDT.
2026-09-26 17:55:05,438 - freqtrade.wallets - INFO - Wallets synced.
2026-09-26 17:55:05,590 - freqtrade.freqtradebot - INFO - Long signal found: about create a new trade for KSM/USDT:USDT with stake_amount: 0.9098827891811975 and price: 4.808 ...
2026-09-26 17:55:05,591 - freqtrade.freqtradebot - INFO - User denied entry for KSM/USDT:USDT.
2026-09-26 17:55:05,595 - freqtrade.wallets - INFO - Wallets synced.
2026-09-26 17:55:05,747 - freqtrade.freqtradebot - INFO - Long signal found: about create a new trade for GALA/USDT:USDT with stake_amount: 0.5106615937038997 and price: 0.002314 ...
2026-09-26 17:55:05,748 - freqtrade.freqtradebot - INFO - User denied entry for GALA/USDT:USDT.
2026-09-26 17:55:10,271 - freqtrade.wallets - INFO - Wallets synced.
2026-09-26 17:55:10,423 - freqtrade.freqtradebot - INFO - Long signal found: about create a new trade for SAND/USDT:USDT with stake_amount: 0.7667070443821746 and price: 0.04618 ...
2026-09-26 17:55:10,424 - freqtrade.freqtradebot - INFO - User denied entry for SAND/USDT:USDT.
2026-09-26 17:55:10,439 - freqtrade.wallets - INFO - Wallets synced.
2026-09-26 17:55:10,591 - freqtrade.freqtradebot - INFO - Long signal found: about create a new trade for KSM/USDT:USDT with stake_amount: 0.9098827891811975 and price: 4.808 ...
2026-09-26 17:55:10,592 - freqtrade.freqtradebot - INFO - User denied entry for KSM/USDT:USDT.
2026-09-26 17:55:10,596 - freqtrade.wallets - INFO - Wallets synced.
2026-09-26 17:55:10,748 - freqtrade.freqtradebot - INFO - Long signal found: about create a new trade for GALA/USDT:USDT with stake_amount: 0.5111029606820361 and price: 0.002316 ...
2026-09-26 17:55:10,749 - freqtrade.freqtradebot - INFO - User denied entry for GALA/USDT:USDT.
2026-09-26 17:55:15,269 - freqtrade.wallets - INFO - Wallets synced.
2026-09-26 17:55:15,421 - freqtrade.freqtradebot - INFO - Long signal found: about create a new trade for SAND/USDT:USDT with stake_amount: 0.7667070443821746 and price: 0.04618 ...
2026-09-26 17:55:15,422 - freqtrade.freqtradebot - INFO - User denied entry for SAND/USDT:USDT.
2026-09-26 17:55:15,437 - freqtrade.wallets - INFO - Wallets synced.
2026-09-26 17:55:15,590 - freqtrade.freqtradebot - INFO - Long signal found: about create a new trade for KSM/USDT:USDT with stake_amount: 0.9098827891811975 and price: 4.808 ...
2026-09-26 17:55:15,592 - freqtrade.freqtradebot - INFO - User denied entry for KSM/USDT:USDT.
2026-09-26 17:55:15,596 - freqtrade.wallets - INFO - Wallets synced.
2026-09-26 17:55:15,747 - freqtrade.freqtradebot - INFO - Long signal found: about create a new trade for GALA/USDT:USDT with stake_amount: 0.5108822771929677 and price: 0.002315 ...
2026-09-26 17:55:15,748 - freqtrade.freqtradebot - INFO - User denied entry for GALA/USDT:USDT.
2026-09-26 17:55:20,270 - freqtrade.wallets - INFO - Wallets synced.
2026-09-26 17:55:20,422 - freqtrade.freqtradebot - INFO - Long signal found: about create a new trade for SAND/USDT:USDT with stake_amount: 0.7670390959388581 and price: 0.0462 ...
2026-09-26 17:55:20,423 - freqtrade.freqtradebot - INFO - User denied entry for SAND/USDT:USDT.
2026-09-26 17:55:20,439 - freqtrade.wallets - INFO - Wallets synced.
2026-09-26 17:55:20,590 - freqtrade.freqtradebot - INFO - Long signal found: about create a new trade for KSM/USDT:USDT with stake_amount: 0.9098827891811975 and price: 4.808 ...
2026-09-26 17:55:20,591 - freqtrade.freqtradebot - INFO - User denied entry for KSM/USDT:USDT.
2026-09-26 17:55:20,595 - freqtrade.wallets - INFO - Wallets synced.
2026-09-26 17:55:20,747 - freqtrade.freqtradebot - INFO - Long signal found: about create a new trade for GALA/USDT:USDT with stake_amount: 0.5108822771929677 and price: 0.002315 ...
2026-09-26 17:55:20,748 - freqtrade.freqtradebot - INFO - User denied entry for GALA/USDT:USDT.
2026-09-26 17:55:25,273 - freqtrade.wallets - INFO - Wallets synced.
2026-09-26 17:55:25,425 - freqtrade.freqtradebot - INFO - Long signal found: about create a new trade for SAND/USDT:USDT with stake_amount: 0.7670390959388581 and price: 0.0462 ...
2026-09-26 17:55:25,426 - freqtrade.freqtradebot - INFO - User denied entry for SAND/USDT:USDT.
2026-09-26 17:55:25,441 - freqtrade.wallets - INFO - Wallets synced.
2026-09-26 17:55:25,593 - freqtrade.freqtradebot - INFO - Long signal found: about create a new trade for KSM/USDT:USDT with stake_amount: 0.9098827891811975 and price: 4.808 ...
2026-09-26 17:55:25,595 - freqtrade.freqtradebot - INFO - User denied entry for KSM/USDT:USDT.
2026-09-26 17:55:25,599 - freqtrade.wallets - INFO - Wallets synced.
2026-09-26 17:55:25,750 - freqtrade.freqtradebot - INFO - Long signal found: about create a new trade for GALA/USDT:USDT with stake_amount: 0.5108822771929677 and price: 0.002315 ...
2026-09-26 17:55:25,752 - freqtrade.freqtradebot - INFO - User denied entry for GALA/USDT:USDT.
2026-09-26 17:55:30,272 - freqtrade.wallets - INFO - Wallets synced.
2026-09-26 17:55:30,424 - freqtrade.freqtradebot - INFO - Long signal found: about create a new trade for SAND/USDT:USDT with stake_amount: 0.7670390959388581 and price: 0.0462 ...
2026-09-26 17:55:30,425 - freqtrade.freqtradebot - INFO - User denied entry for SAND/USDT:USDT.
2026-09-26 17:55:30,441 - freqtrade.wallets - INFO - Wallets synced.
2026-09-26 17:55:30,593 - freqtrade.freqtradebot - INFO - Long signal found: about create a new trade for KSM/USDT:USDT with stake_amount: 0.9098827891811975 and price: 4.808 ...
2026-09-26 17:55:30,594 - freqtrade.freqtradebot - INFO - User denied entry for KSM/USDT:USDT.
2026-09-26 17:55:30,598 - freqtrade.wallets - INFO - Wallets synced.
2026-09-26 17:55:30,750 - freqtrade.freqtradebot - INFO - Long signal found: about create a new trade for GALA/USDT:USDT with stake_amount: 0.5111029606820361 and price: 0.002316 ...
2026-09-26 17:55:30,752 - freqtrade.freqtradebot - INFO - User denied entry for GALA/USDT:USDT.
2026-09-26 17:55:35,270 - freqtrade.wallets - INFO - Wallets synced.
2026-09-26 17:55:35,424 - freqtrade.freqtradebot - INFO - Long signal found: about create a new trade for SAND/USDT:USDT with stake_amount: 0.7677031990522252 and price: 0.04624 ...
2026-09-26 17:55:35,425 - freqtrade.freqtradebot - INFO - User denied entry for SAND/USDT:USDT.
2026-09-26 17:55:35,440 - freqtrade.wallets - INFO - Wallets synced.
2026-09-26 17:55:35,592 - freqtrade.freqtradebot - INFO - Long signal found: about create a new trade for KSM/USDT:USDT with stake_amount: 0.9098827891811975 and price: 4.808 ...
2026-09-26 17:55:35,593 - freqtrade.freqtradebot - INFO - User denied entry for KSM/USDT:USDT.
2026-09-26 17:55:35,597 - freqtrade.wallets - INFO - Wallets synced.
2026-09-26 17:55:35,749 - freqtrade.freqtradebot - INFO - Long signal found: about create a new trade for GALA/USDT:USDT with stake_amount: 0.5111029606820361 and price: 0.002316 ...
2026-09-26 17:55:35,750 - freqtrade.freqtradebot - INFO - User denied entry for GALA/USDT:USDT.
2026-09-26 17:55:40,278 - freqtrade.wallets - INFO - Wallets synced.
2026-09-26 17:55:40,431 - freqtrade.freqtradebot - INFO - Long signal found: about create a new trade for SAND/USDT:USDT with stake_amount: 0.7677031990522252 and price: 0.04624 ...
2026-09-26 17:55:40,433 - freqtrade.freqtradebot - INFO - User denied entry for SAND/USDT:USDT.
2026-09-26 17:55:40,448 - freqtrade.wallets - INFO - Wallets synced.
2026-09-26 17:55:40,600 - freqtrade.freqtradebot - INFO - Long signal found: about create a new trade for KSM/USDT:USDT with stake_amount: 0.9098827891811975 and price: 4.808 ...
2026-09-26 17:55:40,601 - freqtrade.freqtradebot - INFO - User denied entry for KSM/USDT:USDT.
2026-09-26 17:55:40,605 - freqtrade.wallets - INFO - Wallets synced.
2026-09-26 17:55:40,756 - freqtrade.freqtradebot - INFO - Long signal found: about create a new trade for GALA/USDT:USDT with stake_amount: 0.5111029606820361 and price: 0.002316 ...
2026-09-26 17:55:40,758 - freqtrade.freqtradebot - INFO - User denied entry for GALA/USDT:USDT.
2026-09-26 17:55:45,273 - freqtrade.wallets - INFO - Wallets synced.
2026-09-26 17:55:45,426 - freqtrade.freqtradebot - INFO - Long signal found: about create a new trade for SAND/USDT:USDT with stake_amount: 0.7680352506089085 and price: 0.04626 ...
2026-09-26 17:55:45,427 - freqtrade.freqtradebot - INFO - User denied entry for SAND/USDT:USDT.
2026-09-26 17:55:45,442 - freqtrade.wallets - INFO - Wallets synced.
2026-09-26 17:55:45,594 - freqtrade.freqtradebot - INFO - Long signal found: about create a new trade for KSM/USDT:USDT with stake_amount: 0.9098827891811975 and price: 4.808 ...
2026-09-26 17:55:45,595 - freqtrade.freqtradebot - INFO - User denied entry for KSM/USDT:USDT.
2026-09-26 17:55:45,599 - freqtrade.wallets - INFO - Wallets synced.
2026-09-26 17:55:45,750 - freqtrade.freqtradebot - INFO - Long signal found: about create a new trade for GALA/USDT:USDT with stake_amount: 0.5108822771929677 and price: 0.002315 ...
2026-09-26 17:55:45,752 - freqtrade.freqtradebot - INFO - User denied entry for GALA/USDT:USDT.
2026-09-26 17:55:49,693 - freqtrade.worker - INFO - Bot heartbeat. PID=2144, version='2026.7', state='RUNNING'
2026-09-26 17:55:50,273 - freqtrade.wallets - INFO - Wallets synced.
2026-09-26 17:55:50,425 - freqtrade.freqtradebot - INFO - Long signal found: about create a new trade for SAND/USDT:USDT with stake_amount: 0.7680352506089085 and price: 0.04626 ...
2026-09-26 17:55:50,426 - freqtrade.freqtradebot - INFO - User denied entry for SAND/USDT:USDT.
2026-09-26 17:55:50,441 - freqtrade.wallets - INFO - Wallets synced.
2026-09-26 17:55:50,593 - freqtrade.freqtradebot - INFO - Long signal found: about create a new trade for KSM/USDT:USDT with stake_amount: 0.9098827891811975 and price: 4.808 ...
2026-09-26 17:55:50,594 - freqtrade.freqtradebot - INFO - User denied entry for KSM/USDT:USDT.
2026-09-26 17:55:50,598 - freqtrade.wallets - INFO - Wallets synced.
2026-09-26 17:55:50,750 - freqtrade.freqtradebot - INFO - Long signal found: about create a new trade for GALA/USDT:USDT with stake_amount: 0.5111029606820361 and price: 0.002316 ...
2026-09-26 17:55:50,751 - freqtrade.freqtradebot - INFO - User denied entry for GALA/USDT:USDT.
2026-09-26 17:55:55,288 - freqtrade.wallets - INFO - Wallets synced.
2026-09-26 17:55:55,440 - freqtrade.freqtradebot - INFO - Long signal found: about create a new trade for SAND/USDT:USDT with stake_amount: 0.7680352506089085 and price: 0.04626 ...
2026-09-26 17:55:55,441 - freqtrade.freqtradebot - INFO - User denied entry for SAND/USDT:USDT.
2026-09-26 17:55:55,456 - freqtrade.wallets - INFO - Wallets synced.
2026-09-26 17:55:55,608 - freqtrade.freqtradebot - INFO - Long signal found: about create a new trade for KSM/USDT:USDT with stake_amount: 0.9098827891811975 and price: 4.808 ...
2026-09-26 17:55:55,609 - freqtrade.freqtradebot - INFO - User denied entry for KSM/USDT:USDT.
2026-09-26 17:55:55,613 - freqtrade.wallets - INFO - Wallets synced.
2026-09-26 17:55:55,765 - freqtrade.freqtradebot - INFO - Long signal found: about create a new trade for GALA/USDT:USDT with stake_amount: 0.5106615937038997 and price: 0.002314 ...
2026-09-26 17:55:55,766 - freqtrade.freqtradebot - INFO - User denied entry for GALA/USDT:USDT.
2026-09-26 17:56:00,272 - freqtrade.wallets - INFO - Wallets synced.
2026-09-26 17:56:00,424 - freqtrade.freqtradebot - INFO - Long signal found: about create a new trade for SAND/USDT:USDT with stake_amount: 0.7680352506089085 and price: 0.04626 ...
2026-09-26 17:56:00,425 - freqtrade.freqtradebot - INFO - User denied entry for SAND/USDT:USDT.
2026-09-26 17:56:00,440 - freqtrade.wallets - INFO - Wallets synced.
2026-09-26 17:56:00,592 - freqtrade.freqtradebot - INFO - Long signal found: about create a new trade for KSM/USDT:USDT with stake_amount: 0.9098827891811975 and price: 4.808 ...
2026-09-26 17:56:00,593 - freqtrade.freqtradebot - INFO - User denied entry for KSM/USDT:USDT.
2026-09-26 17:56:00,597 - freqtrade.wallets - INFO - Wallets synced.
2026-09-26 17:56:00,749 - freqtrade.freqtradebot - INFO - Long signal found: about create a new trade for GALA/USDT:USDT with stake_amount: 0.5104409102148314 and price: 0.002313 ...
2026-09-26 17:56:00,750 - freqtrade.freqtradebot - INFO - User denied entry for GALA/USDT:USDT.
2026-09-26 17:56:05,274 - freqtrade.wallets - INFO - Wallets synced.
2026-09-26 17:56:05,426 - freqtrade.freqtradebot - INFO - Long signal found: about create a new trade for SAND/USDT:USDT with stake_amount: 0.7680352506089085 and price: 0.04626 ...
2026-09-26 17:56:05,427 - freqtrade.freqtradebot - INFO - User denied entry for SAND/USDT:USDT.
2026-09-26 17:56:05,442 - freqtrade.wallets - INFO - Wallets synced.
2026-09-26 17:56:05,594 - freqtrade.freqtradebot - INFO - Long signal found: about create a new trade for KSM/USDT:USDT with stake_amount: 0.9098827891811975 and price: 4.808 ...
2026-09-26 17:56:05,596 - freqtrade.freqtradebot - INFO - User denied entry for KSM/USDT:USDT.
2026-09-26 17:56:05,599 - freqtrade.wallets - INFO - Wallets synced.
2026-09-26 17:56:05,757 - freqtrade.freqtradebot - INFO - Long signal found: about create a new trade for GALA/USDT:USDT with stake_amount: 0.5106615937038997 and price: 0.002314 ...
2026-09-26 17:56:05,758 - freqtrade.freqtradebot - INFO - User denied entry for GALA/USDT:USDT.
2026-09-26 17:56:10,272 - freqtrade.wallets - INFO - Wallets synced.
2026-09-26 17:56:10,424 - freqtrade.freqtradebot - INFO - Long signal found: about create a new trade for SAND/USDT:USDT with stake_amount: 0.7680352506089085 and price: 0.04626 ...
2026-09-26 17:56:10,426 - freqtrade.freqtradebot - INFO - User denied entry for SAND/USDT:USDT.
2026-09-26 17:56:10,441 - freqtrade.wallets - INFO - Wallets synced.
2026-09-26 17:56:10,593 - freqtrade.freqtradebot - INFO - Long signal found: about create a new trade for KSM/USDT:USDT with stake_amount: 0.9098827891811975 and price: 4.808 ...
2026-09-26 17:56:10,594 - freqtrade.freqtradebot - INFO - User denied entry for KSM/USDT:USDT.
2026-09-26 17:56:10,598 - freqtrade.wallets - INFO - Wallets synced.
2026-09-26 17:56:10,752 - freqtrade.freqtradebot - INFO - Long signal found: about create a new trade for GALA/USDT:USDT with stake_amount: 0.5106615937038997 and price: 0.002314 ...
2026-09-26 17:56:10,753 - freqtrade.freqtradebot - INFO - User denied entry for GALA/USDT:USDT.
2026-09-26 17:56:15,275 - freqtrade.wallets - INFO - Wallets synced.
2026-09-26 17:56:15,427 - freqtrade.freqtradebot - INFO - Long signal found: about create a new trade for SAND/USDT:USDT with stake_amount: 0.7675371732738834 and price: 0.04623 ...
2026-09-26 17:56:15,428 - freqtrade.freqtradebot - INFO - User denied entry for SAND/USDT:USDT.
2026-09-26 17:56:15,443 - freqtrade.wallets - INFO - Wallets synced.
2026-09-26 17:56:15,595 - freqtrade.freqtradebot - INFO - Long signal found: about create a new trade for KSM/USDT:USDT with stake_amount: 0.9098827891811975 and price: 4.808 ...
2026-09-26 17:56:15,596 - freqtrade.freqtradebot - INFO - User denied entry for KSM/USDT:USDT.
2026-09-26 17:56:15,600 - freqtrade.wallets - INFO - Wallets synced.
2026-09-26 17:56:15,752 - freqtrade.freqtradebot - INFO - Long signal found: about create a new trade for GALA/USDT:USDT with stake_amount: 0.5102202267257631 and price: 0.002312 ...
2026-09-26 17:56:15,753 - freqtrade.freqtradebot - INFO - User denied entry for GALA/USDT:USDT.
2026-09-26 17:56:20,274 - freqtrade.wallets - INFO - Wallets synced.
2026-09-26 17:56:20,426 - freqtrade.freqtradebot - INFO - Long signal found: about create a new trade for SAND/USDT:USDT with stake_amount: 0.7675371732738834 and price: 0.04623 ...
2026-09-26 17:56:20,428 - freqtrade.freqtradebot - INFO - User denied entry for SAND/USDT:USDT.
2026-09-26 17:56:20,443 - freqtrade.wallets - INFO - Wallets synced.
2026-09-26 17:56:20,595 - freqtrade.freqtradebot - INFO - Long signal found: about create a new trade for KSM/USDT:USDT with stake_amount: 0.9098827891811975 and price: 4.808 ...
2026-09-26 17:56:20,596 - freqtrade.freqtradebot - INFO - User denied entry for KSM/USDT:USDT.
2026-09-26 17:56:20,600 - freqtrade.wallets - INFO - Wallets synced.
2026-09-26 17:56:20,751 - freqtrade.freqtradebot - INFO - Long signal found: about create a new trade for GALA/USDT:USDT with stake_amount: 0.5102202267257631 and price: 0.002312 ...
2026-09-26 17:56:20,753 - freqtrade.freqtradebot - INFO - User denied entry for GALA/USDT:USDT.
2026-09-26 17:56:25,276 - freqtrade.wallets - INFO - Wallets synced.
2026-09-26 17:56:25,428 - freqtrade.freqtradebot - INFO - Long signal found: about create a new trade for SAND/USDT:USDT with stake_amount: 0.7675371732738834 and price: 0.04623 ...
2026-09-26 17:56:25,429 - freqtrade.freqtradebot - INFO - User denied entry for SAND/USDT:USDT.
2026-09-26 17:56:25,445 - freqtrade.wallets - INFO - Wallets synced.
2026-09-26 17:56:25,596 - freqtrade.freqtradebot - INFO - Long signal found: about create a new trade for KSM/USDT:USDT with stake_amount: 0.9098827891811975 and price: 4.808 ...
2026-09-26 17:56:25,598 - freqtrade.freqtradebot - INFO - User denied entry for KSM/USDT:USDT.
2026-09-26 17:56:25,602 - freqtrade.wallets - INFO - Wallets synced.
2026-09-26 17:56:25,753 - freqtrade.freqtradebot - INFO - Long signal found: about create a new trade for GALA/USDT:USDT with stake_amount: 0.5097788597476267 and price: 0.00231 ...
2026-09-26 17:56:25,754 - freqtrade.freqtradebot - INFO - User denied entry for GALA/USDT:USDT.
2026-09-26 17:56:30,273 - freqtrade.wallets - INFO - Wallets synced.
2026-09-26 17:56:30,425 - freqtrade.freqtradebot - INFO - Long signal found: about create a new trade for SAND/USDT:USDT with stake_amount: 0.7675371732738834 and price: 0.04623 ...
2026-09-26 17:56:30,426 - freqtrade.freqtradebot - INFO - User denied entry for SAND/USDT:USDT.
2026-09-26 17:56:30,441 - freqtrade.wallets - INFO - Wallets synced.
2026-09-26 17:56:30,593 - freqtrade.freqtradebot - INFO - Long signal found: about create a new trade for KSM/USDT:USDT with stake_amount: 0.9098827891811975 and price: 4.808 ...
2026-09-26 17:56:30,594 - freqtrade.freqtradebot - INFO - User denied entry for KSM/USDT:USDT.
2026-09-26 17:56:30,598 - freqtrade.wallets - INFO - Wallets synced.
2026-09-26 17:56:30,749 - freqtrade.freqtradebot - INFO - Long signal found: about create a new trade for GALA/USDT:USDT with stake_amount: 0.5099995432366949 and price: 0.002311 ...
2026-09-26 17:56:30,751 - freqtrade.freqtradebot - INFO - User denied entry for GALA/USDT:USDT.
2026-09-26 17:56:35,274 - freqtrade.wallets - INFO - Wallets synced.
2026-09-26 17:56:35,426 - freqtrade.freqtradebot - INFO - Long signal found: about create a new trade for SAND/USDT:USDT with stake_amount: 0.7675371732738834 and price: 0.04623 ...
2026-09-26 17:56:35,428 - freqtrade.freqtradebot - INFO - User denied entry for SAND/USDT:USDT.
2026-09-26 17:56:35,443 - freqtrade.wallets - INFO - Wallets synced.
2026-09-26 17:56:35,595 - freqtrade.freqtradebot - INFO - Long signal found: about create a new trade for KSM/USDT:USDT with stake_amount: 0.9098827891811975 and price: 4.808 ...
2026-09-26 17:56:35,596 - freqtrade.freqtradebot - INFO - User denied entry for KSM/USDT:USDT.
2026-09-26 17:56:35,600 - freqtrade.wallets - INFO - Wallets synced.
2026-09-26 17:56:35,754 - freqtrade.freqtradebot - INFO - Long signal found: about create a new trade for GALA/USDT:USDT with stake_amount: 0.5099995432366949 and price: 0.002311 ...
2026-09-26 17:56:35,755 - freqtrade.freqtradebot - INFO - User denied entry for GALA/USDT:USDT.
2026-09-26 17:56:40,277 - freqtrade.wallets - INFO - Wallets synced.
2026-09-26 17:56:40,433 - freqtrade.freqtradebot - INFO - Long signal found: about create a new trade for SAND/USDT:USDT with stake_amount: 0.7680352506089085 and price: 0.04626 ...
2026-09-26 17:56:40,434 - freqtrade.freqtradebot - INFO - User denied entry for SAND/USDT:USDT.
2026-09-26 17:56:40,449 - freqtrade.wallets - INFO - Wallets synced.
2026-09-26 17:56:40,601 - freqtrade.freqtradebot - INFO - Long signal found: about create a new trade for KSM/USDT:USDT with stake_amount: 0.9108290067240232 and price: 4.813 ...
2026-09-26 17:56:40,602 - freqtrade.freqtradebot - INFO - User denied entry for KSM/USDT:USDT.
2026-09-26 17:56:40,607 - freqtrade.wallets - INFO - Wallets synced.
2026-09-26 17:56:40,758 - freqtrade.freqtradebot - INFO - Long signal found: about create a new trade for GALA/USDT:USDT with stake_amount: 0.5104409102148314 and price: 0.002313 ...
2026-09-26 17:56:40,760 - freqtrade.freqtradebot - INFO - User denied entry for GALA/USDT:USDT.
2026-09-26 17:56:45,273 - freqtrade.wallets - INFO - Wallets synced.
2026-09-26 17:56:45,430 - freqtrade.freqtradebot - INFO - Long signal found: about create a new trade for SAND/USDT:USDT with stake_amount: 0.7683673021655921 and price: 0.04628 ...
2026-09-26 17:56:45,431 - freqtrade.freqtradebot - INFO - User denied entry for SAND/USDT:USDT.
2026-09-26 17:56:45,447 - freqtrade.wallets - INFO - Wallets synced.
2026-09-26 17:56:45,599 - freqtrade.freqtradebot - INFO - Long signal found: about create a new trade for KSM/USDT:USDT with stake_amount: 0.9108290067240232 and price: 4.813 ...
2026-09-26 17:56:45,600 - freqtrade.freqtradebot - INFO - User denied entry for KSM/USDT:USDT.
2026-09-26 17:56:45,604 - freqtrade.wallets - INFO - Wallets synced.
2026-09-26 17:56:45,755 - freqtrade.freqtradebot - INFO - Long signal found: about create a new trade for GALA/USDT:USDT with stake_amount: 0.5106615937038997 and price: 0.002314 ...
2026-09-26 17:56:45,757 - freqtrade.freqtradebot - INFO - User denied entry for GALA/USDT:USDT.
2026-09-26 17:56:49,696 - freqtrade.worker - INFO - Bot heartbeat. PID=2144, version='2026.7', state='RUNNING'
2026-09-26 17:56:50,288 - freqtrade.wallets - INFO - Wallets synced.
2026-09-26 17:56:50,440 - freqtrade.freqtradebot - INFO - Long signal found: about create a new trade for SAND/USDT:USDT with stake_amount: 0.7683673021655921 and price: 0.04628 ...
2026-09-26 17:56:50,441 - freqtrade.freqtradebot - INFO - User denied entry for SAND/USDT:USDT.
2026-09-26 17:56:50,456 - freqtrade.wallets - INFO - Wallets synced.
2026-09-26 17:56:50,608 - freqtrade.freqtradebot - INFO - Long signal found: about create a new trade for KSM/USDT:USDT with stake_amount: 0.9108290067240232 and price: 4.813 ...
2026-09-26 17:56:50,609 - freqtrade.freqtradebot - INFO - User denied entry for KSM/USDT:USDT.
2026-09-26 17:56:50,614 - freqtrade.wallets - INFO - Wallets synced.
2026-09-26 17:56:50,767 - freqtrade.freqtradebot - INFO - Long signal found: about create a new trade for GALA/USDT:USDT with stake_amount: 0.5104409102148314 and price: 0.002313 ...
2026-09-26 17:56:50,769 - freqtrade.freqtradebot - INFO - User denied entry for GALA/USDT:USDT.
2026-09-26 17:56:55,278 - freqtrade.wallets - INFO - Wallets synced.
2026-09-26 17:56:55,430 - freqtrade.freqtradebot - INFO - Long signal found: about create a new trade for SAND/USDT:USDT with stake_amount: 0.7680352506089085 and price: 0.04626 ...
2026-09-26 17:56:55,431 - freqtrade.freqtradebot - INFO - User denied entry for SAND/USDT:USDT.
2026-09-26 17:56:55,447 - freqtrade.wallets - INFO - Wallets synced.
2026-09-26 17:56:55,599 - freqtrade.freqtradebot - INFO - Long signal found: about create a new trade for KSM/USDT:USDT with stake_amount: 0.9113967372497187 and price: 4.816 ...
2026-09-26 17:56:55,600 - freqtrade.freqtradebot - INFO - User denied entry for KSM/USDT:USDT.
2026-09-26 17:56:55,604 - freqtrade.wallets - INFO - Wallets synced.
2026-09-26 17:56:55,756 - freqtrade.freqtradebot - INFO - Long signal found: about create a new trade for GALA/USDT:USDT with stake_amount: 0.5106615937038997 and price: 0.002314 ...
2026-09-26 17:56:55,757 - freqtrade.freqtradebot - INFO - User denied entry for GALA/USDT:USDT.
2026-09-26 17:57:00,276 - freqtrade.wallets - INFO - Wallets synced.
2026-09-26 17:57:00,430 - freqtrade.freqtradebot - INFO - Long signal found: about create a new trade for SAND/USDT:USDT with stake_amount: 0.7680352506089085 and price: 0.04626 ...
2026-09-26 17:57:00,431 - freqtrade.freqtradebot - INFO - User denied entry for SAND/USDT:USDT.
2026-09-26 17:57:00,447 - freqtrade.wallets - INFO - Wallets synced.
2026-09-26 17:57:00,600 - freqtrade.freqtradebot - INFO - Long signal found: about create a new trade for KSM/USDT:USDT with stake_amount: 0.9113967372497187 and price: 4.816 ...
2026-09-26 17:57:00,601 - freqtrade.freqtradebot - INFO - User denied entry for KSM/USDT:USDT.
2026-09-26 17:57:00,605 - freqtrade.wallets - INFO - Wallets synced.
2026-09-26 17:57:00,756 - freqtrade.freqtradebot - INFO - Long signal found: about create a new trade for GALA/USDT:USDT with stake_amount: 0.5106615937038997 and price: 0.002314 ...
2026-09-26 17:57:00,758 - freqtrade.freqtradebot - INFO - User denied entry for GALA/USDT:USDT.
2026-09-26 17:57:05,276 - freqtrade.wallets - INFO - Wallets synced.
2026-09-26 17:57:05,427 - freqtrade.freqtradebot - INFO - Long signal found: about create a new trade for SAND/USDT:USDT with stake_amount: 0.7677031990522252 and price: 0.04624 ...
2026-09-26 17:57:05,428 - freqtrade.freqtradebot - INFO - User denied entry for SAND/USDT:USDT.
2026-09-26 17:57:05,444 - freqtrade.wallets - INFO - Wallets synced.
2026-09-26 17:57:05,598 - freqtrade.freqtradebot - INFO - Long signal found: about create a new trade for KSM/USDT:USDT with stake_amount: 0.9113967372497187 and price: 4.816 ...
2026-09-26 17:57:05,600 - freqtrade.freqtradebot - INFO - User denied entry for KSM/USDT:USDT.
2026-09-26 17:57:05,604 - freqtrade.wallets - INFO - Wallets synced.
2026-09-26 17:57:05,755 - freqtrade.freqtradebot - INFO - Long signal found: about create a new trade for GALA/USDT:USDT with stake_amount: 0.5104409102148314 and price: 0.002313 ...
2026-09-26 17:57:05,756 - freqtrade.freqtradebot - INFO - User denied entry for GALA/USDT:USDT.
2026-09-26 17:57:10,277 - freqtrade.wallets - INFO - Wallets synced.
2026-09-26 17:57:10,428 - freqtrade.freqtradebot - INFO - Long signal found: about create a new trade for SAND/USDT:USDT with stake_amount: 0.7677031990522252 and price: 0.04624 ...
2026-09-26 17:57:10,430 - freqtrade.freqtradebot - INFO - User denied entry for SAND/USDT:USDT.
2026-09-26 17:57:10,445 - freqtrade.wallets - INFO - Wallets synced.
2026-09-26 17:57:10,598 - freqtrade.freqtradebot - INFO - Long signal found: about create a new trade for KSM/USDT:USDT with stake_amount: 0.9113967372497187 and price: 4.816 ...
2026-09-26 17:57:10,599 - freqtrade.freqtradebot - INFO - User denied entry for KSM/USDT:USDT.
2026-09-26 17:57:10,603 - freqtrade.wallets - INFO - Wallets synced.
2026-09-26 17:57:10,754 - freqtrade.freqtradebot - INFO - Long signal found: about create a new trade for GALA/USDT:USDT with stake_amount: 0.5106615937038997 and price: 0.002314 ...
2026-09-26 17:57:10,756 - freqtrade.freqtradebot - INFO - User denied entry for GALA/USDT:USDT.
2026-09-26 17:57:15,279 - freqtrade.wallets - INFO - Wallets synced.
2026-09-26 17:57:15,431 - freqtrade.freqtradebot - INFO - Long signal found: about create a new trade for SAND/USDT:USDT with stake_amount: 0.7677031990522252 and price: 0.04624 ...
2026-09-26 17:57:15,433 - freqtrade.freqtradebot - INFO - User denied entry for SAND/USDT:USDT.
2026-09-26 17:57:15,448 - freqtrade.wallets - INFO - Wallets synced.
2026-09-26 17:57:15,601 - freqtrade.freqtradebot - INFO - Long signal found: about create a new trade for KSM/USDT:USDT with stake_amount: 0.9113967372497187 and price: 4.816 ...
2026-09-26 17:57:15,602 - freqtrade.freqtradebot - INFO - User denied entry for KSM/USDT:USDT.
2026-09-26 17:57:15,606 - freqtrade.wallets - INFO - Wallets synced.
2026-09-26 17:57:15,757 - freqtrade.freqtradebot - INFO - Long signal found: about create a new trade for GALA/USDT:USDT with stake_amount: 0.5106615937038997 and price: 0.002314 ...
2026-09-26 17:57:15,759 - freqtrade.freqtradebot - INFO - User denied entry for GALA/USDT:USDT.
2026-09-26 17:57:20,277 - freqtrade.wallets - INFO - Wallets synced.
2026-09-26 17:57:20,429 - freqtrade.freqtradebot - INFO - Long signal found: about create a new trade for SAND/USDT:USDT with stake_amount: 0.7672051217172 and price: 0.04621 ...
2026-09-26 17:57:20,430 - freqtrade.freqtradebot - INFO - User denied entry for SAND/USDT:USDT.
2026-09-26 17:57:20,446 - freqtrade.wallets - INFO - Wallets synced.
2026-09-26 17:57:20,597 - freqtrade.freqtradebot - INFO - Long signal found: about create a new trade for KSM/USDT:USDT with stake_amount: 0.9108290067240232 and price: 4.813 ...
2026-09-26 17:57:20,598 - freqtrade.freqtradebot - INFO - User denied entry for KSM/USDT:USDT.
2026-09-26 17:57:20,602 - freqtrade.wallets - INFO - Wallets synced.
2026-09-26 17:57:20,755 - freqtrade.freqtradebot - INFO - Long signal found: about create a new trade for GALA/USDT:USDT with stake_amount: 0.5106615937038997 and price: 0.002314 ...
2026-09-26 17:57:20,757 - freqtrade.freqtradebot - INFO - User denied entry for GALA/USDT:USDT.
2026-09-26 17:57:25,283 - freqtrade.wallets - INFO - Wallets synced.
2026-09-26 17:57:25,436 - freqtrade.freqtradebot - INFO - Long signal found: about create a new trade for SAND/USDT:USDT with stake_amount: 0.7670390959388581 and price: 0.0462 ...
2026-09-26 17:57:25,437 - freqtrade.freqtradebot - INFO - User denied entry for SAND/USDT:USDT.
2026-09-26 17:57:25,453 - freqtrade.wallets - INFO - Wallets synced.
2026-09-26 17:57:25,604 - freqtrade.freqtradebot - INFO - Long signal found: about create a new trade for KSM/USDT:USDT with stake_amount: 0.9108290067240232 and price: 4.813 ...
2026-09-26 17:57:25,606 - freqtrade.freqtradebot - INFO - User denied entry for KSM/USDT:USDT.
2026-09-26 17:57:25,610 - freqtrade.wallets - INFO - Wallets synced.
2026-09-26 17:57:25,762 - freqtrade.freqtradebot - INFO - Long signal found: about create a new trade for GALA/USDT:USDT with stake_amount: 0.5104409102148314 and price: 0.002313 ...
2026-09-26 17:57:25,763 - freqtrade.freqtradebot - INFO - User denied entry for GALA/USDT:USDT.
2026-09-26 17:57:30,280 - freqtrade.wallets - INFO - Wallets synced.
2026-09-26 17:57:30,432 - freqtrade.freqtradebot - INFO - Long signal found: about create a new trade for SAND/USDT:USDT with stake_amount: 0.7670390959388581 and price: 0.0462 ...
2026-09-26 17:57:30,433 - freqtrade.freqtradebot - INFO - User denied entry for SAND/USDT:USDT.
2026-09-26 17:57:30,449 - freqtrade.wallets - INFO - Wallets synced.
2026-09-26 17:57:30,601 - freqtrade.freqtradebot - INFO - Long signal found: about create a new trade for KSM/USDT:USDT with stake_amount: 0.9108290067240232 and price: 4.813 ...
2026-09-26 17:57:30,602 - freqtrade.freqtradebot - INFO - User denied entry for KSM/USDT:USDT.
2026-09-26 17:57:30,606 - freqtrade.wallets - INFO - Wallets synced.
2026-09-26 17:57:30,758 - freqtrade.freqtradebot - INFO - Long signal found: about create a new trade for GALA/USDT:USDT with stake_amount: 0.5102202267257631 and price: 0.002312 ...
2026-09-26 17:57:30,759 - freqtrade.freqtradebot - INFO - User denied entry for GALA/USDT:USDT.
2026-09-26 17:57:35,278 - freqtrade.wallets - INFO - Wallets synced.
2026-09-26 17:57:35,429 - freqtrade.freqtradebot - INFO - Long signal found: about create a new trade for SAND/USDT:USDT with stake_amount: 0.7670390959388581 and price: 0.0462 ...
2026-09-26 17:57:35,431 - freqtrade.freqtradebot - INFO - User denied entry for SAND/USDT:USDT.
2026-09-26 17:57:35,446 - freqtrade.wallets - INFO - Wallets synced.
2026-09-26 17:57:35,601 - freqtrade.freqtradebot - INFO - Long signal found: about create a new trade for KSM/USDT:USDT with stake_amount: 0.9108290067240232 and price: 4.813 ...
2026-09-26 17:57:35,602 - freqtrade.freqtradebot - INFO - User denied entry for KSM/USDT:USDT.
2026-09-26 17:57:35,606 - freqtrade.wallets - INFO - Wallets synced.
2026-09-26 17:57:35,758 - freqtrade.freqtradebot - INFO - Long signal found: about create a new trade for GALA/USDT:USDT with stake_amount: 0.5099995432366949 and price: 0.002311 ...
2026-09-26 17:57:35,759 - freqtrade.freqtradebot - INFO - User denied entry for GALA/USDT:USDT.
2026-09-26 17:57:40,290 - freqtrade.wallets - INFO - Wallets synced.
2026-09-26 17:57:40,442 - freqtrade.freqtradebot - INFO - Long signal found: about create a new trade for SAND/USDT:USDT with stake_amount: 0.7668730701605164 and price: 0.04619 ...
2026-09-26 17:57:40,443 - freqtrade.freqtradebot - INFO - User denied entry for SAND/USDT:USDT.
2026-09-26 17:57:40,459 - freqtrade.wallets - INFO - Wallets synced.
2026-09-26 17:57:40,613 - freqtrade.freqtradebot - INFO - Long signal found: about create a new trade for KSM/USDT:USDT with stake_amount: 0.9108290067240232 and price: 4.813 ...
2026-09-26 17:57:40,615 - freqtrade.freqtradebot - INFO - User denied entry for KSM/USDT:USDT.
2026-09-26 17:57:40,619 - freqtrade.wallets - INFO - Wallets synced.
2026-09-26 17:57:40,770 - freqtrade.freqtradebot - INFO - Long signal found: about create a new trade for GALA/USDT:USDT with stake_amount: 0.5104409102148314 and price: 0.002313 ...
2026-09-26 17:57:40,771 - freqtrade.freqtradebot - INFO - User denied entry for GALA/USDT:USDT.
2026-09-26 17:57:45,279 - freqtrade.wallets - INFO - Wallets synced.
2026-09-26 17:57:45,431 - freqtrade.freqtradebot - INFO - Long signal found: about create a new trade for SAND/USDT:USDT with stake_amount: 0.7668730701605164 and price: 0.04619 ...
2026-09-26 17:57:45,432 - freqtrade.freqtradebot - INFO - User denied entry for SAND/USDT:USDT.
2026-09-26 17:57:45,448 - freqtrade.wallets - INFO - Wallets synced.
2026-09-26 17:57:45,600 - freqtrade.freqtradebot - INFO - Long signal found: about create a new trade for KSM/USDT:USDT with stake_amount: 0.9108290067240232 and price: 4.813 ...
2026-09-26 17:57:45,601 - freqtrade.freqtradebot - INFO - User denied entry for KSM/USDT:USDT.
2026-09-26 17:57:45,605 - freqtrade.wallets - INFO - Wallets synced.
2026-09-26 17:57:45,757 - freqtrade.freqtradebot - INFO - Long signal found: about create a new trade for GALA/USDT:USDT with stake_amount: 0.5104409102148314 and price: 0.002313 ...
2026-09-26 17:57:45,758 - freqtrade.freqtradebot - INFO - User denied entry for GALA/USDT:USDT.
2026-09-26 17:57:49,698 - freqtrade.worker - INFO - Bot heartbeat. PID=2144, version='2026.7', state='RUNNING'
2026-09-26 17:57:50,277 - freqtrade.wallets - INFO - Wallets synced.
2026-09-26 17:57:50,429 - freqtrade.freqtradebot - INFO - Long signal found: about create a new trade for SAND/USDT:USDT with stake_amount: 0.7668730701605164 and price: 0.04619 ...
2026-09-26 17:57:50,430 - freqtrade.freqtradebot - INFO - User denied entry for SAND/USDT:USDT.
2026-09-26 17:57:50,446 - freqtrade.wallets - INFO - Wallets synced.
2026-09-26 17:57:50,597 - freqtrade.freqtradebot - INFO - Long signal found: about create a new trade for KSM/USDT:USDT with stake_amount: 0.9108290067240232 and price: 4.813 ...
2026-09-26 17:57:50,599 - freqtrade.freqtradebot - INFO - User denied entry for KSM/USDT:USDT.
2026-09-26 17:57:50,603 - freqtrade.wallets - INFO - Wallets synced.
2026-09-26 17:57:50,754 - freqtrade.freqtradebot - INFO - Long signal found: about create a new trade for GALA/USDT:USDT with stake_amount: 0.5104409102148314 and price: 0.002313 ...
2026-09-26 17:57:50,756 - freqtrade.freqtradebot - INFO - User denied entry for GALA/USDT:USDT.
2026-09-26 17:57:55,279 - freqtrade.wallets - INFO - Wallets synced.
2026-09-26 17:57:55,431 - freqtrade.freqtradebot - INFO - Long signal found: about create a new trade for SAND/USDT:USDT with stake_amount: 0.7668730701605164 and price: 0.04619 ...
2026-09-26 17:57:55,432 - freqtrade.freqtradebot - INFO - User denied entry for SAND/USDT:USDT.
2026-09-26 17:57:55,447 - freqtrade.wallets - INFO - Wallets synced.
2026-09-26 17:57:55,599 - freqtrade.freqtradebot - INFO - Long signal found: about create a new trade for KSM/USDT:USDT with stake_amount: 0.9108290067240232 and price: 4.813 ...
2026-09-26 17:57:55,600 - freqtrade.freqtradebot - INFO - User denied entry for KSM/USDT:USDT.
2026-09-26 17:57:55,605 - freqtrade.wallets - INFO - Wallets synced.
2026-09-26 17:57:55,756 - freqtrade.freqtradebot - INFO - Long signal found: about create a new trade for GALA/USDT:USDT with stake_amount: 0.5104409102148314 and price: 0.002313 ...
2026-09-26 17:57:55,758 - freqtrade.freqtradebot - INFO - User denied entry for GALA/USDT:USDT.
2026-09-26 17:58:00,286 - freqtrade.wallets - INFO - Wallets synced.
2026-09-26 17:58:00,438 - freqtrade.freqtradebot - INFO - Long signal found: about create a new trade for SAND/USDT:USDT with stake_amount: 0.7668730701605164 and price: 0.04619 ...
2026-09-26 17:58:00,439 - freqtrade.freqtradebot - INFO - User denied entry for SAND/USDT:USDT.
2026-09-26 17:58:00,455 - freqtrade.wallets - INFO - Wallets synced.
2026-09-26 17:58:00,606 - freqtrade.freqtradebot - INFO - Long signal found: about create a new trade for KSM/USDT:USDT with stake_amount: 0.9108290067240232 and price: 4.813 ...
2026-09-26 17:58:00,608 - freqtrade.freqtradebot - INFO - User denied entry for KSM/USDT:USDT.
2026-09-26 17:58:00,612 - freqtrade.wallets - INFO - Wallets synced.
2026-09-26 17:58:00,764 - freqtrade.freqtradebot - INFO - Long signal found: about create a new trade for GALA/USDT:USDT with stake_amount: 0.5102202267257631 and price: 0.002312 ...
2026-09-26 17:58:00,765 - freqtrade.freqtradebot - INFO - User denied entry for GALA/USDT:USDT.
2026-09-26 17:58:05,278 - freqtrade.wallets - INFO - Wallets synced.
2026-09-26 17:58:05,430 - freqtrade.freqtradebot - INFO - Long signal found: about create a new trade for SAND/USDT:USDT with stake_amount: 0.7668730701605164 and price: 0.04619 ...
2026-09-26 17:58:05,431 - freqtrade.freqtradebot - INFO - User denied entry for SAND/USDT:USDT.
2026-09-26 17:58:05,447 - freqtrade.wallets - INFO - Wallets synced.
2026-09-26 17:58:05,598 - freqtrade.freqtradebot - INFO - Long signal found: about create a new trade for KSM/USDT:USDT with stake_amount: 0.9108290067240232 and price: 4.813 ...
2026-09-26 17:58:05,599 - freqtrade.freqtradebot - INFO - User denied entry for KSM/USDT:USDT.
2026-09-26 17:58:05,603 - freqtrade.wallets - INFO - Wallets synced.
2026-09-26 17:58:05,756 - freqtrade.freqtradebot - INFO - Long signal found: about create a new trade for GALA/USDT:USDT with stake_amount: 0.5102202267257631 and price: 0.002312 ...
2026-09-26 17:58:05,757 - freqtrade.freqtradebot - INFO - User denied entry for GALA/USDT:USDT.
2026-09-26 17:58:10,281 - freqtrade.wallets - INFO - Wallets synced.
2026-09-26 17:58:10,433 - freqtrade.freqtradebot - INFO - Long signal found: about create a new trade for SAND/USDT:USDT with stake_amount: 0.7668730701605164 and price: 0.04619 ...
2026-09-26 17:58:10,434 - freqtrade.freqtradebot - INFO - User denied entry for SAND/USDT:USDT.
2026-09-26 17:58:10,450 - freqtrade.wallets - INFO - Wallets synced.
2026-09-26 17:58:10,602 - freqtrade.freqtradebot - INFO - Long signal found: about create a new trade for KSM/USDT:USDT with stake_amount: 0.9108290067240232 and price: 4.813 ...
2026-09-26 17:58:10,603 - freqtrade.freqtradebot - INFO - User denied entry for KSM/USDT:USDT.
2026-09-26 17:58:10,607 - freqtrade.wallets - INFO - Wallets synced.
2026-09-26 17:58:10,759 - freqtrade.freqtradebot - INFO - Long signal found: about create a new trade for GALA/USDT:USDT with stake_amount: 0.5102202267257631 and price: 0.002312 ...
2026-09-26 17:58:10,760 - freqtrade.freqtradebot - INFO - User denied entry for GALA/USDT:USDT.
2026-09-26 17:58:15,280 - freqtrade.wallets - INFO - Wallets synced.
2026-09-26 17:58:15,432 - freqtrade.freqtradebot - INFO - Long signal found: about create a new trade for SAND/USDT:USDT with stake_amount: 0.7670390959388581 and price: 0.0462 ...
2026-09-26 17:58:15,433 - freqtrade.freqtradebot - INFO - User denied entry for SAND/USDT:USDT.
2026-09-26 17:58:15,448 - freqtrade.wallets - INFO - Wallets synced.
2026-09-26 17:58:15,600 - freqtrade.freqtradebot - INFO - Long signal found: about create a new trade for KSM/USDT:USDT with stake_amount: 0.9108290067240232 and price: 4.813 ...
2026-09-26 17:58:15,601 - freqtrade.freqtradebot - INFO - User denied entry for KSM/USDT:USDT.
2026-09-26 17:58:15,605 - freqtrade.wallets - INFO - Wallets synced.
2026-09-26 17:58:15,757 - freqtrade.freqtradebot - INFO - Long signal found: about create a new trade for GALA/USDT:USDT with stake_amount: 0.5102202267257631 and price: 0.002312 ...
2026-09-26 17:58:15,758 - freqtrade.freqtradebot - INFO - User denied entry for GALA/USDT:USDT.
2026-09-26 17:58:20,283 - freqtrade.wallets - INFO - Wallets synced.
2026-09-26 17:58:20,434 - freqtrade.freqtradebot - INFO - Long signal found: about create a new trade for SAND/USDT:USDT with stake_amount: 0.7670390959388581 and price: 0.0462 ...
2026-09-26 17:58:20,436 - freqtrade.freqtradebot - INFO - User denied entry for SAND/USDT:USDT.
2026-09-26 17:58:20,451 - freqtrade.wallets - INFO - Wallets synced.
2026-09-26 17:58:20,603 - freqtrade.freqtradebot - INFO - Long signal found: about create a new trade for KSM/USDT:USDT with stake_amount: 0.9108290067240232 and price: 4.813 ...
2026-09-26 17:58:20,604 - freqtrade.freqtradebot - INFO - User denied entry for KSM/USDT:USDT.
2026-09-26 17:58:20,608 - freqtrade.wallets - INFO - Wallets synced.
2026-09-26 17:58:20,760 - freqtrade.freqtradebot - INFO - Long signal found: about create a new trade for GALA/USDT:USDT with stake_amount: 0.5102202267257631 and price: 0.002312 ...
2026-09-26 17:58:20,761 - freqtrade.freqtradebot - INFO - User denied entry for GALA/USDT:USDT.
2026-09-26 17:58:25,280 - freqtrade.wallets - INFO - Wallets synced.
2026-09-26 17:58:25,432 - freqtrade.freqtradebot - INFO - Long signal found: about create a new trade for SAND/USDT:USDT with stake_amount: 0.7670390959388581 and price: 0.0462 ...
2026-09-26 17:58:25,433 - freqtrade.freqtradebot - INFO - User denied entry for SAND/USDT:USDT.
2026-09-26 17:58:25,449 - freqtrade.wallets - INFO - Wallets synced.
2026-09-26 17:58:25,601 - freqtrade.freqtradebot - INFO - Long signal found: about create a new trade for KSM/USDT:USDT with stake_amount: 0.9108290067240232 and price: 4.813 ...
2026-09-26 17:58:25,602 - freqtrade.freqtradebot - INFO - User denied entry for KSM/USDT:USDT.
2026-09-26 17:58:25,606 - freqtrade.wallets - INFO - Wallets synced.
2026-09-26 17:58:25,758 - freqtrade.freqtradebot - INFO - Long signal found: about create a new trade for GALA/USDT:USDT with stake_amount: 0.5099995432366949 and price: 0.002311 ...
2026-09-26 17:58:25,759 - freqtrade.freqtradebot - INFO - User denied entry for GALA/USDT:USDT.
2026-09-26 17:58:30,282 - freqtrade.wallets - INFO - Wallets synced.
2026-09-26 17:58:30,433 - freqtrade.freqtradebot - INFO - Long signal found: about create a new trade for SAND/USDT:USDT with stake_amount: 0.7670390959388581 and price: 0.0462 ...
2026-09-26 17:58:30,435 - freqtrade.freqtradebot - INFO - User denied entry for SAND/USDT:USDT.
2026-09-26 17:58:30,450 - freqtrade.wallets - INFO - Wallets synced.
2026-09-26 17:58:30,602 - freqtrade.freqtradebot - INFO - Long signal found: about create a new trade for KSM/USDT:USDT with stake_amount: 0.9108290067240232 and price: 4.813 ...
2026-09-26 17:58:30,603 - freqtrade.freqtradebot - INFO - User denied entry for KSM/USDT:USDT.
2026-09-26 17:58:30,607 - freqtrade.wallets - INFO - Wallets synced.
2026-09-26 17:58:30,759 - freqtrade.freqtradebot - INFO - Long signal found: about create a new trade for GALA/USDT:USDT with stake_amount: 0.5102202267257631 and price: 0.002312 ...
2026-09-26 17:58:30,761 - freqtrade.freqtradebot - INFO - User denied entry for GALA/USDT:USDT.
2026-09-26 17:58:35,281 - freqtrade.wallets - INFO - Wallets synced.
2026-09-26 17:58:35,438 - freqtrade.freqtradebot - INFO - Long signal found: about create a new trade for SAND/USDT:USDT with stake_amount: 0.7670390959388581 and price: 0.0462 ...
2026-09-26 17:58:35,439 - freqtrade.freqtradebot - INFO - User denied entry for SAND/USDT:USDT.
2026-09-26 17:58:35,455 - freqtrade.wallets - INFO - Wallets synced.
2026-09-26 17:58:35,607 - freqtrade.freqtradebot - INFO - Long signal found: about create a new trade for KSM/USDT:USDT with stake_amount: 0.9108290067240232 and price: 4.813 ...
2026-09-26 17:58:35,608 - freqtrade.freqtradebot - INFO - User denied entry for KSM/USDT:USDT.
2026-09-26 17:58:35,612 - freqtrade.wallets - INFO - Wallets synced.
2026-09-26 17:58:35,763 - freqtrade.freqtradebot - INFO - Long signal found: about create a new trade for GALA/USDT:USDT with stake_amount: 0.5104409102148314 and price: 0.002313 ...
2026-09-26 17:58:35,765 - freqtrade.freqtradebot - INFO - User denied entry for GALA/USDT:USDT.
2026-09-26 17:58:40,296 - freqtrade.wallets - INFO - Wallets synced.
2026-09-26 17:58:40,448 - freqtrade.freqtradebot - INFO - Long signal found: about create a new trade for SAND/USDT:USDT with stake_amount: 0.7670390959388581 and price: 0.0462 ...
2026-09-26 17:58:40,449 - freqtrade.freqtradebot - INFO - User denied entry for SAND/USDT:USDT.
2026-09-26 17:58:40,465 - freqtrade.wallets - INFO - Wallets synced.
2026-09-26 17:58:40,616 - freqtrade.freqtradebot - INFO - Long signal found: about create a new trade for KSM/USDT:USDT with stake_amount: 0.9108290067240232 and price: 4.813 ...
2026-09-26 17:58:40,618 - freqtrade.freqtradebot - INFO - User denied entry for KSM/USDT:USDT.
2026-09-26 17:58:40,622 - freqtrade.wallets - INFO - Wallets synced.
2026-09-26 17:58:40,773 - freqtrade.freqtradebot - INFO - Long signal found: about create a new trade for GALA/USDT:USDT with stake_amount: 0.5084547588132172 and price: 0.002304 ...
2026-09-26 17:58:40,774 - freqtrade.freqtradebot - INFO - User denied entry for GALA/USDT:USDT.
2026-09-26 17:58:45,281 - freqtrade.wallets - INFO - Wallets synced.
2026-09-26 17:58:45,433 - freqtrade.freqtradebot - INFO - Long signal found: about create a new trade for SAND/USDT:USDT with stake_amount: 0.7670390959388581 and price: 0.0462 ...
2026-09-26 17:58:45,434 - freqtrade.freqtradebot - INFO - User denied entry for SAND/USDT:USDT.
2026-09-26 17:58:45,450 - freqtrade.wallets - INFO - Wallets synced.
2026-09-26 17:58:45,602 - freqtrade.freqtradebot - INFO - Long signal found: about create a new trade for KSM/USDT:USDT with stake_amount: 0.9108290067240232 and price: 4.813 ...
2026-09-26 17:58:45,603 - freqtrade.freqtradebot - INFO - User denied entry for KSM/USDT:USDT.
2026-09-26 17:58:45,607 - freqtrade.wallets - INFO - Wallets synced.
2026-09-26 17:58:45,758 - freqtrade.freqtradebot - INFO - Long signal found: about create a new trade for GALA/USDT:USDT with stake_amount: 0.5080133918350808 and price: 0.002302 ...
2026-09-26 17:58:45,760 - freqtrade.freqtradebot - INFO - User denied entry for GALA/USDT:USDT.
2026-09-26 17:58:49,701 - freqtrade.worker - INFO - Bot heartbeat. PID=2144, version='2026.7', state='RUNNING'
2026-09-26 17:58:50,282 - freqtrade.wallets - INFO - Wallets synced.
2026-09-26 17:58:50,434 - freqtrade.freqtradebot - INFO - Long signal found: about create a new trade for SAND/USDT:USDT with stake_amount: 0.7670390959388581 and price: 0.0462 ...
2026-09-26 17:58:50,435 - freqtrade.freqtradebot - INFO - User denied entry for SAND/USDT:USDT.
2026-09-26 17:58:50,451 - freqtrade.wallets - INFO - Wallets synced.
2026-09-26 17:58:50,603 - freqtrade.freqtradebot - INFO - Long signal found: about create a new trade for KSM/USDT:USDT with stake_amount: 0.9108290067240232 and price: 4.813 ...
2026-09-26 17:58:50,604 - freqtrade.freqtradebot - INFO - User denied entry for KSM/USDT:USDT.
2026-09-26 17:58:50,608 - freqtrade.wallets - INFO - Wallets synced.
2026-09-26 17:58:50,760 - freqtrade.freqtradebot - INFO - Long signal found: about create a new trade for GALA/USDT:USDT with stake_amount: 0.5080133918350808 and price: 0.002302 ...
2026-09-26 17:58:50,761 - freqtrade.freqtradebot - INFO - User denied entry for GALA/USDT:USDT.
2026-09-26 17:58:55,284 - freqtrade.wallets - INFO - Wallets synced.
2026-09-26 17:58:55,436 - freqtrade.freqtradebot - INFO - Long signal found: about create a new trade for SAND/USDT:USDT with stake_amount: 0.7670390959388581 and price: 0.0462 ...
2026-09-26 17:58:55,437 - freqtrade.freqtradebot - INFO - User denied entry for SAND/USDT:USDT.
2026-09-26 17:58:55,452 - freqtrade.wallets - INFO - Wallets synced.
2026-09-26 17:58:55,605 - freqtrade.freqtradebot - INFO - Long signal found: about create a new trade for KSM/USDT:USDT with stake_amount: 0.9108290067240232 and price: 4.813 ...
2026-09-26 17:58:55,606 - freqtrade.freqtradebot - INFO - User denied entry for KSM/USDT:USDT.
2026-09-26 17:58:55,610 - freqtrade.wallets - INFO - Wallets synced.
2026-09-26 17:58:55,762 - freqtrade.freqtradebot - INFO - Long signal found: about create a new trade for GALA/USDT:USDT with stake_amount: 0.5080133918350808 and price: 0.002302 ...
2026-09-26 17:58:55,763 - freqtrade.freqtradebot - INFO - User denied entry for GALA/USDT:USDT.
2026-09-26 17:59:00,280 - freqtrade.wallets - INFO - Wallets synced.
2026-09-26 17:59:00,432 - freqtrade.freqtradebot - INFO - Long signal found: about create a new trade for SAND/USDT:USDT with stake_amount: 0.7670390959388581 and price: 0.0462 ...
2026-09-26 17:59:00,433 - freqtrade.freqtradebot - INFO - User denied entry for SAND/USDT:USDT.
2026-09-26 17:59:00,448 - freqtrade.wallets - INFO - Wallets synced.
2026-09-26 17:59:00,600 - freqtrade.freqtradebot - INFO - Long signal found: about create a new trade for KSM/USDT:USDT with stake_amount: 0.9108290067240232 and price: 4.813 ...
2026-09-26 17:59:00,601 - freqtrade.freqtradebot - INFO - User denied entry for KSM/USDT:USDT.
2026-09-26 17:59:00,605 - freqtrade.wallets - INFO - Wallets synced.
2026-09-26 17:59:00,757 - freqtrade.freqtradebot - INFO - Long signal found: about create a new trade for GALA/USDT:USDT with stake_amount: 0.5080133918350808 and price: 0.002302 ...
2026-09-26 17:59:00,758 - freqtrade.freqtradebot - INFO - User denied entry for GALA/USDT:USDT.
2026-09-26 17:59:05,280 - freqtrade.wallets - INFO - Wallets synced.
2026-09-26 17:59:05,433 - freqtrade.freqtradebot - INFO - Long signal found: about create a new trade for SAND/USDT:USDT with stake_amount: 0.7670390959388581 and price: 0.0462 ...
2026-09-26 17:59:05,435 - freqtrade.freqtradebot - INFO - User denied entry for SAND/USDT:USDT.
2026-09-26 17:59:05,450 - freqtrade.wallets - INFO - Wallets synced.
2026-09-26 17:59:05,601 - freqtrade.freqtradebot - INFO - Long signal found: about create a new trade for KSM/USDT:USDT with stake_amount: 0.9108290067240232 and price: 4.813 ...
2026-09-26 17:59:05,603 - freqtrade.freqtradebot - INFO - User denied entry for KSM/USDT:USDT.
2026-09-26 17:59:05,607 - freqtrade.wallets - INFO - Wallets synced.
2026-09-26 17:59:05,758 - freqtrade.freqtradebot - INFO - Long signal found: about create a new trade for GALA/USDT:USDT with stake_amount: 0.5082340753241491 and price: 0.002303 ...
2026-09-26 17:59:05,759 - freqtrade.freqtradebot - INFO - User denied entry for GALA/USDT:USDT.
2026-09-26 17:59:10,281 - freqtrade.wallets - INFO - Wallets synced.
2026-09-26 17:59:10,432 - freqtrade.freqtradebot - INFO - Long signal found: about create a new trade for SAND/USDT:USDT with stake_amount: 0.7673711474955416 and price: 0.04622 ...
2026-09-26 17:59:10,434 - freqtrade.freqtradebot - INFO - User denied entry for SAND/USDT:USDT.
2026-09-26 17:59:10,449 - freqtrade.wallets - INFO - Wallets synced.
2026-09-26 17:59:10,601 - freqtrade.freqtradebot - INFO - Long signal found: about create a new trade for KSM/USDT:USDT with stake_amount: 0.9108290067240232 and price: 4.813 ...
2026-09-26 17:59:10,602 - freqtrade.freqtradebot - INFO - User denied entry for KSM/USDT:USDT.
2026-09-26 17:59:10,606 - freqtrade.wallets - INFO - Wallets synced.
2026-09-26 17:59:10,757 - freqtrade.freqtradebot - INFO - Long signal found: about create a new trade for GALA/USDT:USDT with stake_amount: 0.5082340753241491 and price: 0.002303 ...
2026-09-26 17:59:10,759 - freqtrade.freqtradebot - INFO - User denied entry for GALA/USDT:USDT.
2026-09-26 17:59:15,280 - freqtrade.wallets - INFO - Wallets synced.
2026-09-26 17:59:15,431 - freqtrade.freqtradebot - INFO - Long signal found: about create a new trade for SAND/USDT:USDT with stake_amount: 0.7673711474955416 and price: 0.04622 ...
2026-09-26 17:59:15,432 - freqtrade.freqtradebot - INFO - User denied entry for SAND/USDT:USDT.
2026-09-26 17:59:15,447 - freqtrade.wallets - INFO - Wallets synced.
2026-09-26 17:59:15,599 - freqtrade.freqtradebot - INFO - Long signal found: about create a new trade for KSM/USDT:USDT with stake_amount: 0.9108290067240232 and price: 4.813 ...
2026-09-26 17:59:15,600 - freqtrade.freqtradebot - INFO - User denied entry for KSM/USDT:USDT.
2026-09-26 17:59:15,604 - freqtrade.wallets - INFO - Wallets synced.
2026-09-26 17:59:15,755 - freqtrade.freqtradebot - INFO - Long signal found: about create a new trade for GALA/USDT:USDT with stake_amount: 0.5082340753241491 and price: 0.002303 ...
2026-09-26 17:59:15,757 - freqtrade.freqtradebot - INFO - User denied entry for GALA/USDT:USDT.
2026-09-26 17:59:20,284 - freqtrade.wallets - INFO - Wallets synced.
2026-09-26 17:59:20,436 - freqtrade.freqtradebot - INFO - Long signal found: about create a new trade for SAND/USDT:USDT with stake_amount: 0.7673711474955416 and price: 0.04622 ...
2026-09-26 17:59:20,437 - freqtrade.freqtradebot - INFO - User denied entry for SAND/USDT:USDT.
2026-09-26 17:59:20,452 - freqtrade.wallets - INFO - Wallets synced.
2026-09-26 17:59:20,614 - freqtrade.freqtradebot - INFO - Long signal found: about create a new trade for KSM/USDT:USDT with stake_amount: 0.9108290067240232 and price: 4.813 ...
2026-09-26 17:59:20,615 - freqtrade.freqtradebot - INFO - User denied entry for KSM/USDT:USDT.
2026-09-26 17:59:20,619 - freqtrade.wallets - INFO - Wallets synced.
2026-09-26 17:59:20,771 - freqtrade.freqtradebot - INFO - Long signal found: about create a new trade for GALA/USDT:USDT with stake_amount: 0.5086754423022856 and price: 0.002305 ...
2026-09-26 17:59:20,772 - freqtrade.freqtradebot - INFO - User denied entry for GALA/USDT:USDT.
2026-09-26 17:59:25,280 - freqtrade.wallets - INFO - Wallets synced.
2026-09-26 17:59:25,431 - freqtrade.freqtradebot - INFO - Long signal found: about create a new trade for SAND/USDT:USDT with stake_amount: 0.7675371732738834 and price: 0.04623 ...
2026-09-26 17:59:25,432 - freqtrade.freqtradebot - INFO - User denied entry for SAND/USDT:USDT.
2026-09-26 17:59:25,448 - freqtrade.wallets - INFO - Wallets synced.
2026-09-26 17:59:25,599 - freqtrade.freqtradebot - INFO - Long signal found: about create a new trade for KSM/USDT:USDT with stake_amount: 0.9108290067240232 and price: 4.813 ...
2026-09-26 17:59:25,601 - freqtrade.freqtradebot - INFO - User denied entry for KSM/USDT:USDT.
2026-09-26 17:59:25,605 - freqtrade.wallets - INFO - Wallets synced.
2026-09-26 17:59:25,757 - freqtrade.freqtradebot - INFO - Long signal found: about create a new trade for GALA/USDT:USDT with stake_amount: 0.509116809280422 and price: 0.002307 ...
2026-09-26 17:59:25,758 - freqtrade.freqtradebot - INFO - User denied entry for GALA/USDT:USDT.
2026-09-26 17:59:30,281 - freqtrade.wallets - INFO - Wallets synced.
2026-09-26 17:59:30,432 - freqtrade.freqtradebot - INFO - Long signal found: about create a new trade for SAND/USDT:USDT with stake_amount: 0.7675371732738834 and price: 0.04623 ...
2026-09-26 17:59:30,433 - freqtrade.freqtradebot - INFO - User denied entry for SAND/USDT:USDT.
2026-09-26 17:59:30,449 - freqtrade.wallets - INFO - Wallets synced.
2026-09-26 17:59:30,600 - freqtrade.freqtradebot - INFO - Long signal found: about create a new trade for KSM/USDT:USDT with stake_amount: 0.9108290067240232 and price: 4.813 ...
2026-09-26 17:59:30,601 - freqtrade.freqtradebot - INFO - User denied entry for KSM/USDT:USDT.
2026-09-26 17:59:30,605 - freqtrade.wallets - INFO - Wallets synced.
2026-09-26 17:59:30,757 - freqtrade.freqtradebot - INFO - Long signal found: about create a new trade for GALA/USDT:USDT with stake_amount: 0.509116809280422 and price: 0.002307 ...
2026-09-26 17:59:30,758 - freqtrade.freqtradebot - INFO - User denied entry for GALA/USDT:USDT.
2026-09-26 17:59:35,281 - freqtrade.wallets - INFO - Wallets synced.
2026-09-26 17:59:35,435 - freqtrade.freqtradebot - INFO - Long signal found: about create a new trade for SAND/USDT:USDT with stake_amount: 0.7675371732738834 and price: 0.04623 ...
2026-09-26 17:59:35,436 - freqtrade.freqtradebot - INFO - User denied entry for SAND/USDT:USDT.
2026-09-26 17:59:35,452 - freqtrade.wallets - INFO - Wallets synced.
2026-09-26 17:59:35,603 - freqtrade.freqtradebot - INFO - Long signal found: about create a new trade for KSM/USDT:USDT with stake_amount: 0.9108290067240232 and price: 4.813 ...
2026-09-26 17:59:35,604 - freqtrade.freqtradebot - INFO - User denied entry for KSM/USDT:USDT.
2026-09-26 17:59:35,608 - freqtrade.wallets - INFO - Wallets synced.
2026-09-26 17:59:35,759 - freqtrade.freqtradebot - INFO - Long signal found: about create a new trade for GALA/USDT:USDT with stake_amount: 0.509116809280422 and price: 0.002307 ...
2026-09-26 17:59:35,761 - freqtrade.freqtradebot - INFO - User denied entry for GALA/USDT:USDT.
2026-09-26 17:59:40,283 - freqtrade.wallets - INFO - Wallets synced.
2026-09-26 17:59:40,435 - freqtrade.freqtradebot - INFO - Long signal found: about create a new trade for SAND/USDT:USDT with stake_amount: 0.7675371732738834 and price: 0.04623 ...
2026-09-26 17:59:40,436 - freqtrade.freqtradebot - INFO - User denied entry for SAND/USDT:USDT.
2026-09-26 17:59:40,452 - freqtrade.wallets - INFO - Wallets synced.
2026-09-26 17:59:40,603 - freqtrade.freqtradebot - INFO - Long signal found: about create a new trade for KSM/USDT:USDT with stake_amount: 0.9108290067240232 and price: 4.813 ...
2026-09-26 17:59:40,604 - freqtrade.freqtradebot - INFO - User denied entry for KSM/USDT:USDT.
2026-09-26 17:59:40,608 - freqtrade.wallets - INFO - Wallets synced.
2026-09-26 17:59:40,760 - freqtrade.freqtradebot - INFO - Long signal found: about create a new trade for GALA/USDT:USDT with stake_amount: 0.5088961257913537 and price: 0.002306 ...
2026-09-26 17:59:40,762 - freqtrade.freqtradebot - INFO - User denied entry for GALA/USDT:USDT.
2026-09-26 17:59:45,280 - freqtrade.wallets - INFO - Wallets synced.
2026-09-26 17:59:45,433 - freqtrade.freqtradebot - INFO - Long signal found: about create a new trade for SAND/USDT:USDT with stake_amount: 0.7675371732738834 and price: 0.04623 ...
2026-09-26 17:59:45,434 - freqtrade.freqtradebot - INFO - User denied entry for SAND/USDT:USDT.
2026-09-26 17:59:45,449 - freqtrade.wallets - INFO - Wallets synced.
2026-09-26 17:59:45,600 - freqtrade.freqtradebot - INFO - Long signal found: about create a new trade for KSM/USDT:USDT with stake_amount: 0.9108290067240232 and price: 4.813 ...
2026-09-26 17:59:45,602 - freqtrade.freqtradebot - INFO - User denied entry for KSM/USDT:USDT.
2026-09-26 17:59:45,606 - freqtrade.wallets - INFO - Wallets synced.
2026-09-26 17:59:45,757 - freqtrade.freqtradebot - INFO - Long signal found: about create a new trade for GALA/USDT:USDT with stake_amount: 0.5088961257913537 and price: 0.002306 ...
2026-09-26 17:59:45,758 - freqtrade.freqtradebot - INFO - User denied entry for GALA/USDT:USDT.
2026-09-26 17:59:49,703 - freqtrade.worker - INFO - Bot heartbeat. PID=2144, version='2026.7', state='RUNNING'
2026-09-26 17:59:50,285 - freqtrade.wallets - INFO - Wallets synced.
2026-09-26 17:59:50,437 - freqtrade.freqtradebot - INFO - Long signal found: about create a new trade for SAND/USDT:USDT with stake_amount: 0.7675371732738834 and price: 0.04623 ...
2026-09-26 17:59:50,438 - freqtrade.freqtradebot - INFO - User denied entry for SAND/USDT:USDT.
2026-09-26 17:59:50,453 - freqtrade.wallets - INFO - Wallets synced.
2026-09-26 17:59:50,605 - freqtrade.freqtradebot - INFO - Long signal found: about create a new trade for KSM/USDT:USDT with stake_amount: 0.9108290067240232 and price: 4.813 ...
2026-09-26 17:59:50,606 - freqtrade.freqtradebot - INFO - User denied entry for KSM/USDT:USDT.
2026-09-26 17:59:50,610 - freqtrade.wallets - INFO - Wallets synced.
2026-09-26 17:59:50,762 - freqtrade.freqtradebot - INFO - Long signal found: about create a new trade for GALA/USDT:USDT with stake_amount: 0.5088961257913537 and price: 0.002306 ...
2026-09-26 17:59:50,763 - freqtrade.freqtradebot - INFO - User denied entry for GALA/USDT:USDT.
2026-09-26 17:59:55,282 - freqtrade.wallets - INFO - Wallets synced.
2026-09-26 17:59:55,434 - freqtrade.freqtradebot - INFO - Long signal found: about create a new trade for SAND/USDT:USDT with stake_amount: 0.7675371732738834 and price: 0.04623 ...
2026-09-26 17:59:55,435 - freqtrade.freqtradebot - INFO - User denied entry for SAND/USDT:USDT.
2026-09-26 17:59:55,451 - freqtrade.wallets - INFO - Wallets synced.
2026-09-26 17:59:55,602 - freqtrade.freqtradebot - INFO - Long signal found: about create a new trade for KSM/USDT:USDT with stake_amount: 0.9108290067240232 and price: 4.813 ...
2026-09-26 17:59:55,603 - freqtrade.freqtradebot - INFO - User denied entry for KSM/USDT:USDT.
2026-09-26 17:59:55,607 - freqtrade.wallets - INFO - Wallets synced.
2026-09-26 17:59:55,759 - freqtrade.freqtradebot - INFO - Long signal found: about create a new trade for GALA/USDT:USDT with stake_amount: 0.509116809280422 and price: 0.002307 ...
2026-09-26 17:59:55,760 - freqtrade.freqtradebot - INFO - User denied entry for GALA/USDT:USDT.
2026-09-26 18:00:00,559 - freqtrade.wallets - INFO - Wallets synced.
2026-09-26 18:00:00,715 - freqtrade.freqtradebot - INFO - Long signal found: about create a new trade for SAND/USDT:USDT with stake_amount: 0.7675371732738834 and price: 0.04623 ...
2026-09-26 18:00:00,870 - freqtrade.freqtradebot - INFO - Order dry_run_buy_SAND/USDT:USDT_83fb5e98-a681-4814-962d-16ee39b713a2 was created for SAND/USDT:USDT and status is closed.
2026-09-26 18:00:00,874 - freqtrade.wallets - INFO - Wallets synced.
2026-09-26 18:00:00,874 - freqtrade.rpc.rpc_manager - INFO - Sending rpc message: {'trade_id': 56, 'type': entry, 'buy_tag': 'h_breakout_up', 'enter_tag': 'h_breakout_up', 'exchange': 'Gate', 'pair': 'SAND/USDT:USDT', 'leverage': 10.0, 'direction': 'Long', 'limit': 0.04623, 'order_rate': 0.04623, 'open_rate': 0.04623, 'order_type': 'limit', 'stake_amount': 0.7674179999999999, 'stake_currency': 'USDT', 'base_currency': 'SAND', 'quote_currency': 'USDT', 'fiat_currency': 'USD', 'amount': 166.0, 'open_date': datetime.datetime(2026, 9, 26, 18, 0, 0, 870944, tzinfo=datetime.timezone.utc), 'current_rate': 0.04623, 'sub_trade': False}
2026-09-26 18:00:00,875 - freqtrade.freqtradebot - INFO - Found open order for Trade(id=56, pair=SAND/USDT:USDT, amount=166, is_short=False, leverage=10, open_rate=0.04623, open_since=2026-09-26 18:00:00)
2026-09-26 18:00:00,877 - freqtrade.freqtradebot - INFO - Fee for Trade Trade(id=56, pair=SAND/USDT:USDT, amount=166, is_short=False, leverage=10, open_rate=0.04623, open_since=2026-09-26 18:00:00) [buy]: 0.00383709 USDT - rate: 0.0005
2026-09-26 18:00:00,877 - freqtrade.persistence.trade_model - INFO - Updating trade (id=56) ...
2026-09-26 18:00:00,877 - freqtrade.persistence.trade_model - INFO - LIMIT_BUY has been fulfilled for Trade(id=56, pair=SAND/USDT:USDT, amount=166, is_short=False, leverage=10, open_rate=0.04623, open_since=2026-09-26 18:00:00).
2026-09-26 18:00:01,031 - freqtrade.wallets - INFO - Wallets synced.
2026-09-26 18:00:01,033 - freqtrade.rpc.rpc_manager - INFO - Sending rpc message: {'trade_id': 56, 'type': entry_fill, 'buy_tag': 'h_breakout_up', 'enter_tag': 'h_breakout_up', 'exchange': 'Gate', 'pair': 'SAND/USDT:USDT', 'leverage': 10.0, 'direction': 'Long', 'limit': 0.04623, 'order_rate': 0.04623, 'open_rate': 0.04623, 'order_type': 'limit', 'stake_amount': 0.7674179999999999, 'stake_currency': 'USDT', 'base_currency': 'SAND', 'quote_currency': 'USDT', 'fiat_currency': 'USD', 'amount': 166.0, 'open_date': datetime.datetime(2026, 9, 26, 18, 0, 0, 870944, tzinfo=datetime.timezone.utc), 'current_rate': 0.04623, 'sub_trade': False}
2026-09-26 18:00:01,049 - freqtrade.wallets - INFO - Wallets synced.
2026-09-26 18:00:01,201 - freqtrade.freqtradebot - INFO - Long signal found: about create a new trade for KSM/USDT:USDT with stake_amount: 0.9108290067240231 and price: 4.813 ...
2026-09-26 18:00:01,202 - freqtrade.freqtradebot - INFO - User denied entry for KSM/USDT:USDT.
2026-09-26 18:00:01,206 - freqtrade.wallets - INFO - Wallets synced.
2026-09-26 18:00:01,358 - freqtrade.freqtradebot - INFO - Long signal found: about create a new trade for GALA/USDT:USDT with stake_amount: 0.5091168092804219 and price: 0.002307 ...
2026-09-26 18:00:01,359 - freqtrade.freqtradebot - INFO - User denied entry for GALA/USDT:USDT.
2026-09-26 18:00:08,936 - freqtrade.wallets - INFO - Wallets synced.
2026-09-26 18:00:09,088 - freqtrade.freqtradebot - INFO - Long signal found: about create a new trade for SUSHI/USDT:USDT with stake_amount: 0.711930663388534 and price: 0.2719 ...
2026-09-26 18:00:09,090 - freqtrade.freqtradebot - INFO - User denied entry for SUSHI/USDT:USDT.
2026-09-26 18:00:10,451 - freqtrade.wallets - INFO - Wallets synced.
2026-09-26 18:00:10,604 - freqtrade.freqtradebot - INFO - Long signal found: about create a new trade for SUSHI/USDT:USDT with stake_amount: 0.711930663388534 and price: 0.2719 ...
2026-09-26 18:00:10,605 - freqtrade.freqtradebot - INFO - User denied entry for SUSHI/USDT:USDT.
2026-09-26 18:00:15,450 - freqtrade.wallets - INFO - Wallets synced.
2026-09-26 18:00:15,601 - freqtrade.freqtradebot - INFO - Long signal found: about create a new trade for SUSHI/USDT:USDT with stake_amount: 0.7121924988660585 and price: 0.272 ...
2026-09-26 18:00:15,603 - freqtrade.freqtradebot - INFO - User denied entry for SUSHI/USDT:USDT.
2026-09-26 18:00:20,452 - freqtrade.wallets - INFO - Wallets synced.
2026-09-26 18:00:20,603 - freqtrade.freqtradebot - INFO - Long signal found: about create a new trade for SUSHI/USDT:USDT with stake_amount: 0.711930663388534 and price: 0.2719 ...
2026-09-26 18:00:20,604 - freqtrade.freqtradebot - INFO - User denied entry for SUSHI/USDT:USDT.
2026-09-26 18:00:25,456 - freqtrade.wallets - INFO - Wallets synced.
2026-09-26 18:00:25,607 - freqtrade.freqtradebot - INFO - Long signal found: about create a new trade for SUSHI/USDT:USDT with stake_amount: 0.7116688279110098 and price: 0.2718 ...
2026-09-26 18:00:25,609 - freqtrade.freqtradebot - INFO - User denied entry for SUSHI/USDT:USDT.
2026-09-26 18:00:30,455 - freqtrade.wallets - INFO - Wallets synced.
2026-09-26 18:00:30,607 - freqtrade.freqtradebot - INFO - Long signal found: about create a new trade for SUSHI/USDT:USDT with stake_amount: 0.7116688279110098 and price: 0.2718 ...
2026-09-26 18:00:30,608 - freqtrade.freqtradebot - INFO - User denied entry for SUSHI/USDT:USDT.
2026-09-26 18:00:35,451 - freqtrade.wallets - INFO - Wallets synced.
2026-09-26 18:00:35,603 - freqtrade.freqtradebot - INFO - Long signal found: about create a new trade for SUSHI/USDT:USDT with stake_amount: 0.711930663388534 and price: 0.2719 ...
2026-09-26 18:00:35,604 - freqtrade.freqtradebot - INFO - User denied entry for SUSHI/USDT:USDT.
2026-09-26 18:00:40,453 - freqtrade.wallets - INFO - Wallets synced.
2026-09-26 18:00:40,605 - freqtrade.freqtradebot - INFO - Long signal found: about create a new trade for SUSHI/USDT:USDT with stake_amount: 0.7116688279110098 and price: 0.2718 ...
2026-09-26 18:00:40,606 - freqtrade.freqtradebot - INFO - User denied entry for SUSHI/USDT:USDT.
2026-09-26 18:00:45,457 - freqtrade.wallets - INFO - Wallets synced.
2026-09-26 18:00:45,609 - freqtrade.freqtradebot - INFO - Long signal found: about create a new trade for SUSHI/USDT:USDT with stake_amount: 0.7116688279110098 and price: 0.2718 ...
2026-09-26 18:00:45,610 - freqtrade.freqtradebot - INFO - User denied entry for SUSHI/USDT:USDT.
2026-09-26 18:00:49,706 - freqtrade.worker - INFO - Bot heartbeat. PID=2144, version='2026.7', state='RUNNING'
2026-09-26 18:00:50,454 - freqtrade.wallets - INFO - Wallets synced.
2026-09-26 18:00:50,606 - freqtrade.freqtradebot - INFO - Long signal found: about create a new trade for SUSHI/USDT:USDT with stake_amount: 0.7116688279110098 and price: 0.2718 ...
2026-09-26 18:00:50,607 - freqtrade.freqtradebot - INFO - User denied entry for SUSHI/USDT:USDT.
2026-09-26 18:00:55,453 - freqtrade.wallets - INFO - Wallets synced.
2026-09-26 18:00:55,605 - freqtrade.freqtradebot - INFO - Long signal found: about create a new trade for SUSHI/USDT:USDT with stake_amount: 0.7116688279110098 and price: 0.2718 ...
2026-09-26 18:00:55,606 - freqtrade.freqtradebot - INFO - User denied entry for SUSHI/USDT:USDT.
2026-09-26 18:01:00,454 - freqtrade.wallets - INFO - Wallets synced.
2026-09-26 18:01:00,608 - freqtrade.freqtradebot - INFO - Long signal found: about create a new trade for SUSHI/USDT:USDT with stake_amount: 0.7116688279110098 and price: 0.2718 ...
2026-09-26 18:01:00,609 - freqtrade.freqtradebot - INFO - User denied entry for SUSHI/USDT:USDT.
2026-09-26 18:01:05,452 - freqtrade.wallets - INFO - Wallets synced.
2026-09-26 18:01:05,604 - freqtrade.freqtradebot - INFO - Long signal found: about create a new trade for SUSHI/USDT:USDT with stake_amount: 0.7116688279110098 and price: 0.2718 ...
2026-09-26 18:01:05,606 - freqtrade.freqtradebot - INFO - User denied entry for SUSHI/USDT:USDT.
2026-09-26 18:01:07,196 - freqtrade.wallets - INFO - Wallets synced.
2026-09-26 18:01:10,451 - freqtrade.wallets - INFO - Wallets synced.
2026-09-26 18:01:10,603 - freqtrade.freqtradebot - INFO - Long signal found: about create a new trade for SUSHI/USDT:USDT with stake_amount: 0.7116688279110098 and price: 0.2718 ...
2026-09-26 18:01:10,604 - freqtrade.freqtradebot - INFO - User denied entry for SUSHI/USDT:USDT.
2026-09-26 18:01:15,476 - freqtrade.wallets - INFO - Wallets synced.
2026-09-26 18:01:15,627 - freqtrade.freqtradebot - INFO - Long signal found: about create a new trade for SUSHI/USDT:USDT with stake_amount: 0.7116688279110098 and price: 0.2718 ...
2026-09-26 18:01:15,629 - freqtrade.freqtradebot - INFO - User denied entry for SUSHI/USDT:USDT.
2026-09-26 18:01:20,454 - freqtrade.wallets - INFO - Wallets synced.
2026-09-26 18:01:20,605 - freqtrade.freqtradebot - INFO - Long signal found: about create a new trade for SUSHI/USDT:USDT with stake_amount: 0.7116688279110098 and price: 0.2718 ...
2026-09-26 18:01:20,607 - freqtrade.freqtradebot - INFO - User denied entry for SUSHI/USDT:USDT.
2026-09-26 18:01:25,454 - freqtrade.wallets - INFO - Wallets synced.
2026-09-26 18:01:25,606 - freqtrade.freqtradebot - INFO - Long signal found: about create a new trade for SUSHI/USDT:USDT with stake_amount: 0.7116688279110098 and price: 0.2718 ...
2026-09-26 18:01:25,607 - freqtrade.freqtradebot - INFO - User denied entry for SUSHI/USDT:USDT.
2026-09-26 18:01:30,456 - freqtrade.wallets - INFO - Wallets synced.
2026-09-26 18:01:30,608 - freqtrade.freqtradebot - INFO - Long signal found: about create a new trade for SUSHI/USDT:USDT with stake_amount: 0.7116688279110098 and price: 0.2718 ...
2026-09-26 18:01:30,609 - freqtrade.freqtradebot - INFO - User denied entry for SUSHI/USDT:USDT.
2026-09-26 18:01:35,455 - freqtrade.wallets - INFO - Wallets synced.
2026-09-26 18:01:35,607 - freqtrade.freqtradebot - INFO - Long signal found: about create a new trade for SUSHI/USDT:USDT with stake_amount: 0.7116688279110098 and price: 0.2718 ...
2026-09-26 18:01:35,608 - freqtrade.freqtradebot - INFO - User denied entry for SUSHI/USDT:USDT.
2026-09-26 18:01:40,454 - freqtrade.wallets - INFO - Wallets synced.
2026-09-26 18:01:40,605 - freqtrade.freqtradebot - INFO - Long signal found: about create a new trade for SUSHI/USDT:USDT with stake_amount: 0.7116688279110098 and price: 0.2718 ...
2026-09-26 18:01:40,607 - freqtrade.freqtradebot - INFO - User denied entry for SUSHI/USDT:USDT.
2026-09-26 18:01:45,455 - freqtrade.wallets - INFO - Wallets synced.
2026-09-26 18:01:45,824 - freqtrade.freqtradebot - INFO - Long signal found: about create a new trade for SUSHI/USDT:USDT with stake_amount: 0.7116688279110098 and price: 0.2718 ...
2026-09-26 18:01:45,826 - freqtrade.freqtradebot - INFO - User denied entry for SUSHI/USDT:USDT.
2026-09-26 18:01:49,708 - freqtrade.worker - INFO - Bot heartbeat. PID=2144, version='2026.7', state='RUNNING'
2026-09-26 18:01:50,454 - freqtrade.wallets - INFO - Wallets synced.
2026-09-26 18:01:50,606 - freqtrade.freqtradebot - INFO - Long signal found: about create a new trade for SUSHI/USDT:USDT with stake_amount: 0.7116688279110098 and price: 0.2718 ...
2026-09-26 18:01:50,607 - freqtrade.freqtradebot - INFO - User denied entry for SUSHI/USDT:USDT.
2026-09-26 18:01:55,454 - freqtrade.wallets - INFO - Wallets synced.
2026-09-26 18:01:55,606 - freqtrade.freqtradebot - INFO - Long signal found: about create a new trade for SUSHI/USDT:USDT with stake_amount: 0.7116688279110098 and price: 0.2718 ...
2026-09-26 18:01:55,607 - freqtrade.freqtradebot - INFO - User denied entry for SUSHI/USDT:USDT.
2026-09-26 18:02:00,455 - freqtrade.wallets - INFO - Wallets synced.
2026-09-26 18:02:00,607 - freqtrade.freqtradebot - INFO - Long signal found: about create a new trade for SUSHI/USDT:USDT with stake_amount: 0.7116688279110098 and price: 0.2718 ...
2026-09-26 18:02:00,608 - freqtrade.freqtradebot - INFO - User denied entry for SUSHI/USDT:USDT.
2026-09-26 18:02:05,460 - freqtrade.wallets - INFO - Wallets synced.
2026-09-26 18:02:05,612 - freqtrade.freqtradebot - INFO - Long signal found: about create a new trade for SUSHI/USDT:USDT with stake_amount: 0.7116688279110098 and price: 0.2718 ...
2026-09-26 18:02:05,613 - freqtrade.freqtradebot - INFO - User denied entry for SUSHI/USDT:USDT.
2026-09-26 18:02:10,457 - freqtrade.wallets - INFO - Wallets synced.
2026-09-26 18:02:10,608 - freqtrade.freqtradebot - INFO - Long signal found: about create a new trade for SUSHI/USDT:USDT with stake_amount: 0.7121924988660585 and price: 0.272 ...
2026-09-26 18:02:10,610 - freqtrade.freqtradebot - INFO - User denied entry for SUSHI/USDT:USDT.
2026-09-26 18:02:15,458 - freqtrade.wallets - INFO - Wallets synced.
2026-09-26 18:02:15,610 - freqtrade.freqtradebot - INFO - Long signal found: about create a new trade for SUSHI/USDT:USDT with stake_amount: 0.7137635117312041 and price: 0.2726 ...
2026-09-26 18:02:15,611 - freqtrade.freqtradebot - INFO - User denied entry for SUSHI/USDT:USDT.
2026-09-26 18:02:20,461 - freqtrade.wallets - INFO - Wallets synced.
2026-09-26 18:02:20,613 - freqtrade.freqtradebot - INFO - Long signal found: about create a new trade for SUSHI/USDT:USDT with stake_amount: 0.7137635117312041 and price: 0.2726 ...
2026-09-26 18:02:20,614 - freqtrade.freqtradebot - INFO - User denied entry for SUSHI/USDT:USDT.
2026-09-26 18:02:25,458 - freqtrade.wallets - INFO - Wallets synced.
2026-09-26 18:02:25,610 - freqtrade.freqtradebot - INFO - Long signal found: about create a new trade for SUSHI/USDT:USDT with stake_amount: 0.7137635117312041 and price: 0.2726 ...
2026-09-26 18:02:25,611 - freqtrade.freqtradebot - INFO - User denied entry for SUSHI/USDT:USDT.
2026-09-26 18:02:30,457 - freqtrade.wallets - INFO - Wallets synced.
2026-09-26 18:02:30,609 - freqtrade.freqtradebot - INFO - Long signal found: about create a new trade for SUSHI/USDT:USDT with stake_amount: 0.7137635117312041 and price: 0.2726 ...
2026-09-26 18:02:30,610 - freqtrade.freqtradebot - INFO - User denied entry for SUSHI/USDT:USDT.
2026-09-26 18:02:35,458 - freqtrade.wallets - INFO - Wallets synced.
2026-09-26 18:02:35,611 - freqtrade.freqtradebot - INFO - Long signal found: about create a new trade for SUSHI/USDT:USDT with stake_amount: 0.7137635117312041 and price: 0.2726 ...
2026-09-26 18:02:35,613 - freqtrade.freqtradebot - INFO - User denied entry for SUSHI/USDT:USDT.
2026-09-26 18:02:40,467 - freqtrade.wallets - INFO - Wallets synced.
2026-09-26 18:02:40,618 - freqtrade.freqtradebot - INFO - Long signal found: about create a new trade for SUSHI/USDT:USDT with stake_amount: 0.7135016762536799 and price: 0.2725 ...
2026-09-26 18:02:40,620 - freqtrade.freqtradebot - INFO - User denied entry for SUSHI/USDT:USDT.
2026-09-26 18:02:45,458 - freqtrade.wallets - INFO - Wallets synced.
2026-09-26 18:02:45,610 - freqtrade.freqtradebot - INFO - Long signal found: about create a new trade for SUSHI/USDT:USDT with stake_amount: 0.7135016762536799 and price: 0.2725 ...
2026-09-26 18:02:45,612 - freqtrade.freqtradebot - INFO - User denied entry for SUSHI/USDT:USDT.
2026-09-26 18:02:49,711 - freqtrade.worker - INFO - Bot heartbeat. PID=2144, version='2026.7', state='RUNNING'
2026-09-26 18:02:50,459 - freqtrade.wallets - INFO - Wallets synced.
2026-09-26 18:02:50,611 - freqtrade.freqtradebot - INFO - Long signal found: about create a new trade for SUSHI/USDT:USDT with stake_amount: 0.7135016762536799 and price: 0.2725 ...
2026-09-26 18:02:50,612 - freqtrade.freqtradebot - INFO - User denied entry for SUSHI/USDT:USDT.
2026-09-26 18:02:55,466 - freqtrade.wallets - INFO - Wallets synced.
2026-09-26 18:02:55,618 - freqtrade.freqtradebot - INFO - Long signal found: about create a new trade for SUSHI/USDT:USDT with stake_amount: 0.7135016762536799 and price: 0.2725 ...
2026-09-26 18:02:55,619 - freqtrade.freqtradebot - INFO - User denied entry for SUSHI/USDT:USDT.
2026-09-26 18:03:00,461 - freqtrade.wallets - INFO - Wallets synced.
2026-09-26 18:03:00,613 - freqtrade.freqtradebot - INFO - Long signal found: about create a new trade for SUSHI/USDT:USDT with stake_amount: 0.7142871826862526 and price: 0.2728 ...
2026-09-26 18:03:00,614 - freqtrade.freqtradebot - INFO - User denied entry for SUSHI/USDT:USDT.
2026-09-26 18:03:05,459 - freqtrade.wallets - INFO - Wallets synced.
2026-09-26 18:03:05,611 - freqtrade.freqtradebot - INFO - Long signal found: about create a new trade for SUSHI/USDT:USDT with stake_amount: 0.7142871826862526 and price: 0.2728 ...
2026-09-26 18:03:05,612 - freqtrade.freqtradebot - INFO - User denied entry for SUSHI/USDT:USDT.
2026-09-26 18:03:10,459 - freqtrade.wallets - INFO - Wallets synced.
2026-09-26 18:03:10,611 - freqtrade.freqtradebot - INFO - Long signal found: about create a new trade for SUSHI/USDT:USDT with stake_amount: 0.7142871826862526 and price: 0.2728 ...
2026-09-26 18:03:10,612 - freqtrade.freqtradebot - INFO - User denied entry for SUSHI/USDT:USDT.
2026-09-26 18:03:15,460 - freqtrade.wallets - INFO - Wallets synced.
2026-09-26 18:03:15,613 - freqtrade.freqtradebot - INFO - Long signal found: about create a new trade for SUSHI/USDT:USDT with stake_amount: 0.7150726891188256 and price: 0.2731 ...
2026-09-26 18:03:15,614 - freqtrade.freqtradebot - INFO - User denied entry for SUSHI/USDT:USDT.
2026-09-26 18:03:20,459 - freqtrade.wallets - INFO - Wallets synced.
2026-09-26 18:03:20,611 - freqtrade.freqtradebot - INFO - Long signal found: about create a new trade for SUSHI/USDT:USDT with stake_amount: 0.7150726891188256 and price: 0.2731 ...
2026-09-26 18:03:20,612 - freqtrade.freqtradebot - INFO - User denied entry for SUSHI/USDT:USDT.
2026-09-26 18:03:25,462 - freqtrade.wallets - INFO - Wallets synced.
2026-09-26 18:03:25,613 - freqtrade.freqtradebot - INFO - Long signal found: about create a new trade for SUSHI/USDT:USDT with stake_amount: 0.7148108536413013 and price: 0.273 ...
2026-09-26 18:03:25,615 - freqtrade.freqtradebot - INFO - User denied entry for SUSHI/USDT:USDT.
2026-09-26 18:03:30,462 - freqtrade.wallets - INFO - Wallets synced.
2026-09-26 18:03:30,614 - freqtrade.freqtradebot - INFO - Long signal found: about create a new trade for SUSHI/USDT:USDT with stake_amount: 0.7148108536413013 and price: 0.273 ...
2026-09-26 18:03:30,615 - freqtrade.freqtradebot - INFO - User denied entry for SUSHI/USDT:USDT.
2026-09-26 18:03:35,459 - freqtrade.wallets - INFO - Wallets synced.
2026-09-26 18:03:35,611 - freqtrade.freqtradebot - INFO - Long signal found: about create a new trade for SUSHI/USDT:USDT with stake_amount: 0.7148108536413013 and price: 0.273 ...
2026-09-26 18:03:35,613 - freqtrade.freqtradebot - INFO - User denied entry for SUSHI/USDT:USDT.
2026-09-26 18:03:40,459 - freqtrade.wallets - INFO - Wallets synced.
2026-09-26 18:03:40,611 - freqtrade.freqtradebot - INFO - Long signal found: about create a new trade for SUSHI/USDT:USDT with stake_amount: 0.7148108536413013 and price: 0.273 ...
2026-09-26 18:03:40,612 - freqtrade.freqtradebot - INFO - User denied entry for SUSHI/USDT:USDT.
2026-09-26 18:03:45,463 - freqtrade.wallets - INFO - Wallets synced.
2026-09-26 18:03:45,615 - freqtrade.freqtradebot - INFO - Long signal found: about create a new trade for SUSHI/USDT:USDT with stake_amount: 0.7155963600738741 and price: 0.2733 ...
2026-09-26 18:03:45,616 - freqtrade.freqtradebot - INFO - User denied entry for SUSHI/USDT:USDT.
2026-09-26 18:03:49,714 - freqtrade.worker - INFO - Bot heartbeat. PID=2144, version='2026.7', state='RUNNING'
2026-09-26 18:03:50,460 - freqtrade.wallets - INFO - Wallets synced.
2026-09-26 18:03:50,612 - freqtrade.freqtradebot - INFO - Long signal found: about create a new trade for SUSHI/USDT:USDT with stake_amount: 0.7161200310289226 and price: 0.2735 ...
2026-09-26 18:03:50,614 - freqtrade.freqtradebot - INFO - User denied entry for SUSHI/USDT:USDT.
2026-09-26 18:03:55,459 - freqtrade.wallets - INFO - Wallets synced.
2026-09-26 18:03:55,611 - freqtrade.freqtradebot - INFO - Long signal found: about create a new trade for SUSHI/USDT:USDT with stake_amount: 0.7161200310289226 and price: 0.2735 ...
2026-09-26 18:03:55,613 - freqtrade.freqtradebot - INFO - User denied entry for SUSHI/USDT:USDT.
2026-09-26 18:04:00,471 - freqtrade.wallets - INFO - Wallets synced.
2026-09-26 18:04:00,624 - freqtrade.freqtradebot - INFO - Long signal found: about create a new trade for SUSHI/USDT:USDT with stake_amount: 0.7161200310289226 and price: 0.2735 ...
2026-09-26 18:04:00,625 - freqtrade.freqtradebot - INFO - User denied entry for SUSHI/USDT:USDT.
2026-09-26 18:04:05,462 - freqtrade.wallets - INFO - Wallets synced.
2026-09-26 18:04:05,615 - freqtrade.freqtradebot - INFO - Long signal found: about create a new trade for SUSHI/USDT:USDT with stake_amount: 0.7161200310289226 and price: 0.2735 ...
2026-09-26 18:04:05,617 - freqtrade.freqtradebot - INFO - User denied entry for SUSHI/USDT:USDT.
2026-09-26 18:04:10,461 - freqtrade.wallets - INFO - Wallets synced.
2026-09-26 18:04:10,613 - freqtrade.freqtradebot - INFO - Long signal found: about create a new trade for SUSHI/USDT:USDT with stake_amount: 0.7161200310289226 and price: 0.2735 ...
2026-09-26 18:04:10,614 - freqtrade.freqtradebot - INFO - User denied entry for SUSHI/USDT:USDT.
2026-09-26 18:04:15,464 - freqtrade.wallets - INFO - Wallets synced.
2026-09-26 18:04:15,616 - freqtrade.freqtradebot - INFO - Long signal found: about create a new trade for SUSHI/USDT:USDT with stake_amount: 0.7161200310289226 and price: 0.2735 ...
2026-09-26 18:04:15,618 - freqtrade.freqtradebot - INFO - User denied entry for SUSHI/USDT:USDT.
2026-09-26 18:04:20,465 - freqtrade.wallets - INFO - Wallets synced.
2026-09-26 18:04:20,616 - freqtrade.freqtradebot - INFO - Long signal found: about create a new trade for SUSHI/USDT:USDT with stake_amount: 0.7161200310289226 and price: 0.2735 ...
2026-09-26 18:04:20,618 - freqtrade.freqtradebot - INFO - User denied entry for SUSHI/USDT:USDT.
2026-09-26 18:04:25,487 - freqtrade.wallets - INFO - Wallets synced.
2026-09-26 18:04:25,640 - freqtrade.freqtradebot - INFO - Long signal found: about create a new trade for SUSHI/USDT:USDT with stake_amount: 0.7161200310289226 and price: 0.2735 ...
2026-09-26 18:04:25,641 - freqtrade.freqtradebot - INFO - User denied entry for SUSHI/USDT:USDT.
2026-09-26 18:04:30,462 - freqtrade.wallets - INFO - Wallets synced.
2026-09-26 18:04:30,613 - freqtrade.freqtradebot - INFO - Long signal found: about create a new trade for SUSHI/USDT:USDT with stake_amount: 0.7161200310289226 and price: 0.2735 ...
2026-09-26 18:04:30,615 - freqtrade.freqtradebot - INFO - User denied entry for SUSHI/USDT:USDT.
2026-09-26 18:04:35,464 - freqtrade.wallets - INFO - Wallets synced.
2026-09-26 18:04:35,616 - freqtrade.freqtradebot - INFO - Long signal found: about create a new trade for SUSHI/USDT:USDT with stake_amount: 0.7161200310289226 and price: 0.2735 ...
2026-09-26 18:04:35,617 - freqtrade.freqtradebot - INFO - User denied entry for SUSHI/USDT:USDT.
2026-09-26 18:04:40,465 - freqtrade.wallets - INFO - Wallets synced.
2026-09-26 18:04:40,617 - freqtrade.freqtradebot - INFO - Long signal found: about create a new trade for SUSHI/USDT:USDT with stake_amount: 0.7161200310289226 and price: 0.2735 ...
2026-09-26 18:04:40,619 - freqtrade.freqtradebot - INFO - User denied entry for SUSHI/USDT:USDT.
2026-09-26 18:04:45,464 - freqtrade.wallets - INFO - Wallets synced.
2026-09-26 18:04:45,616 - freqtrade.freqtradebot - INFO - Long signal found: about create a new trade for SUSHI/USDT:USDT with stake_amount: 0.7161200310289226 and price: 0.2735 ...
2026-09-26 18:04:45,618 - freqtrade.freqtradebot - INFO - User denied entry for SUSHI/USDT:USDT.
2026-09-26 18:04:49,717 - freqtrade.worker - INFO - Bot heartbeat. PID=2144, version='2026.7', state='RUNNING'
2026-09-26 18:04:50,463 - freqtrade.wallets - INFO - Wallets synced.
2026-09-26 18:04:50,614 - freqtrade.freqtradebot - INFO - Long signal found: about create a new trade for SUSHI/USDT:USDT with stake_amount: 0.7161200310289226 and price: 0.2735 ...
2026-09-26 18:04:50,615 - freqtrade.freqtradebot - INFO - User denied entry for SUSHI/USDT:USDT.
2026-09-26 18:04:55,467 - freqtrade.wallets - INFO - Wallets synced.
2026-09-26 18:04:55,621 - freqtrade.freqtradebot - INFO - Long signal found: about create a new trade for SUSHI/USDT:USDT with stake_amount: 0.7161200310289226 and price: 0.2735 ...
2026-09-26 18:04:55,622 - freqtrade.freqtradebot - INFO - User denied entry for SUSHI/USDT:USDT.
2026-09-26 18:05:00,465 - freqtrade.wallets - INFO - Wallets synced.
2026-09-26 18:05:00,616 - freqtrade.freqtradebot - INFO - Long signal found: about create a new trade for SUSHI/USDT:USDT with stake_amount: 0.716381866506447 and price: 0.2736 ...
2026-09-26 18:05:00,618 - freqtrade.freqtradebot - INFO - User denied entry for SUSHI/USDT:USDT.
2026-09-26 18:05:05,469 - freqtrade.wallets - INFO - Wallets synced.
2026-09-26 18:05:05,622 - freqtrade.freqtradebot - INFO - Long signal found: about create a new trade for SUSHI/USDT:USDT with stake_amount: 0.7166437019839712 and price: 0.2737 ...
2026-09-26 18:05:05,623 - freqtrade.freqtradebot - INFO - User denied entry for SUSHI/USDT:USDT.
2026-09-26 18:05:10,465 - freqtrade.wallets - INFO - Wallets synced.
2026-09-26 18:05:10,617 - freqtrade.freqtradebot - INFO - Long signal found: about create a new trade for SUSHI/USDT:USDT with stake_amount: 0.7161200310289226 and price: 0.2735 ...
2026-09-26 18:05:10,618 - freqtrade.freqtradebot - INFO - User denied entry for SUSHI/USDT:USDT.
2026-09-26 18:05:15,462 - freqtrade.wallets - INFO - Wallets synced.
2026-09-26 18:05:15,614 - freqtrade.freqtradebot - INFO - Long signal found: about create a new trade for SUSHI/USDT:USDT with stake_amount: 0.716381866506447 and price: 0.2736 ...
2026-09-26 18:05:15,615 - freqtrade.freqtradebot - INFO - User denied entry for SUSHI/USDT:USDT.
2026-09-26 18:05:20,464 - freqtrade.wallets - INFO - Wallets synced.
2026-09-26 18:05:20,615 - freqtrade.freqtradebot - INFO - Long signal found: about create a new trade for SUSHI/USDT:USDT with stake_amount: 0.7161200310289226 and price: 0.2735 ...
2026-09-26 18:05:20,617 - freqtrade.freqtradebot - INFO - User denied entry for SUSHI/USDT:USDT.
2026-09-26 18:05:25,464 - freqtrade.wallets - INFO - Wallets synced.
2026-09-26 18:05:25,618 - freqtrade.freqtradebot - INFO - Long signal found: about create a new trade for SUSHI/USDT:USDT with stake_amount: 0.7158581955513983 and price: 0.2734 ...
2026-09-26 18:05:25,619 - freqtrade.freqtradebot - INFO - User denied entry for SUSHI/USDT:USDT.
2026-09-26 18:05:30,467 - freqtrade.wallets - INFO - Wallets synced.
2026-09-26 18:05:30,619 - freqtrade.freqtradebot - INFO - Long signal found: about create a new trade for SUSHI/USDT:USDT with stake_amount: 0.7166437019839712 and price: 0.2737 ...
2026-09-26 18:05:30,621 - freqtrade.freqtradebot - INFO - User denied entry for SUSHI/USDT:USDT.
2026-09-26 18:05:35,466 - freqtrade.wallets - INFO - Wallets synced.
2026-09-26 18:05:35,618 - freqtrade.freqtradebot - INFO - Long signal found: about create a new trade for SUSHI/USDT:USDT with stake_amount: 0.7166437019839712 and price: 0.2737 ...
2026-09-26 18:05:35,619 - freqtrade.freqtradebot - INFO - User denied entry for SUSHI/USDT:USDT.
2026-09-26 18:05:40,464 - freqtrade.wallets - INFO - Wallets synced.
2026-09-26 18:05:40,616 - freqtrade.freqtradebot - INFO - Long signal found: about create a new trade for SUSHI/USDT:USDT with stake_amount: 0.7166437019839712 and price: 0.2737 ...
2026-09-26 18:05:40,617 - freqtrade.freqtradebot - INFO - User denied entry for SUSHI/USDT:USDT.
2026-09-26 18:05:45,467 - freqtrade.wallets - INFO - Wallets synced.
2026-09-26 18:05:45,618 - freqtrade.freqtradebot - INFO - Long signal found: about create a new trade for SUSHI/USDT:USDT with stake_amount: 0.716381866506447 and price: 0.2736 ...
2026-09-26 18:05:45,620 - freqtrade.freqtradebot - INFO - User denied entry for SUSHI/USDT:USDT.
2026-09-26 18:05:49,719 - freqtrade.worker - INFO - Bot heartbeat. PID=2144, version='2026.7', state='RUNNING'
2026-09-26 18:05:50,467 - freqtrade.wallets - INFO - Wallets synced.
2026-09-26 18:05:50,618 - freqtrade.freqtradebot - INFO - Long signal found: about create a new trade for SUSHI/USDT:USDT with stake_amount: 0.716381866506447 and price: 0.2736 ...
2026-09-26 18:05:50,620 - freqtrade.freqtradebot - INFO - User denied entry for SUSHI/USDT:USDT.
2026-09-26 18:05:55,468 - freqtrade.wallets - INFO - Wallets synced.
2026-09-26 18:05:55,620 - freqtrade.freqtradebot - INFO - Long signal found: about create a new trade for SUSHI/USDT:USDT with stake_amount: 0.716381866506447 and price: 0.2736 ...
2026-09-26 18:05:55,621 - freqtrade.freqtradebot - INFO - User denied entry for SUSHI/USDT:USDT.
2026-09-26 18:06:00,464 - freqtrade.wallets - INFO - Wallets synced.
2026-09-26 18:06:00,616 - freqtrade.freqtradebot - INFO - Long signal found: about create a new trade for SUSHI/USDT:USDT with stake_amount: 0.716381866506447 and price: 0.2736 ...
2026-09-26 18:06:00,618 - freqtrade.freqtradebot - INFO - User denied entry for SUSHI/USDT:USDT.
2026-09-26 18:06:05,466 - freqtrade.wallets - INFO - Wallets synced.
2026-09-26 18:06:05,617 - freqtrade.freqtradebot - INFO - Long signal found: about create a new trade for SUSHI/USDT:USDT with stake_amount: 0.7161200310289226 and price: 0.2735 ...
2026-09-26 18:06:05,619 - freqtrade.freqtradebot - INFO - User denied entry for SUSHI/USDT:USDT.
2026-09-26 18:06:10,472 - freqtrade.wallets - INFO - Wallets synced.
2026-09-26 18:06:10,623 - freqtrade.freqtradebot - INFO - Long signal found: about create a new trade for SUSHI/USDT:USDT with stake_amount: 0.7161200310289226 and price: 0.2735 ...
2026-09-26 18:06:10,624 - freqtrade.freqtradebot - INFO - User denied entry for SUSHI/USDT:USDT.
2026-09-26 18:06:15,467 - freqtrade.wallets - INFO - Wallets synced.
2026-09-26 18:06:15,619 - freqtrade.freqtradebot - INFO - Long signal found: about create a new trade for SUSHI/USDT:USDT with stake_amount: 0.7155963600738741 and price: 0.2733 ...
2026-09-26 18:06:15,620 - freqtrade.freqtradebot - INFO - User denied entry for SUSHI/USDT:USDT.
2026-09-26 18:06:20,468 - freqtrade.wallets - INFO - Wallets synced.
2026-09-26 18:06:20,620 - freqtrade.freqtradebot - INFO - Long signal found: about create a new trade for SUSHI/USDT:USDT with stake_amount: 0.7155963600738741 and price: 0.2733 ...
2026-09-26 18:06:20,621 - freqtrade.freqtradebot - INFO - User denied entry for SUSHI/USDT:USDT.
2026-09-26 18:06:25,467 - freqtrade.wallets - INFO - Wallets synced.
2026-09-26 18:06:25,619 - freqtrade.freqtradebot - INFO - Long signal found: about create a new trade for SUSHI/USDT:USDT with stake_amount: 0.7155963600738741 and price: 0.2733 ...
2026-09-26 18:06:25,620 - freqtrade.freqtradebot - INFO - User denied entry for SUSHI/USDT:USDT.
2026-09-26 18:06:30,470 - freqtrade.wallets - INFO - Wallets synced.
2026-09-26 18:06:30,621 - freqtrade.freqtradebot - INFO - Long signal found: about create a new trade for SUSHI/USDT:USDT with stake_amount: 0.7155963600738741 and price: 0.2733 ...
2026-09-26 18:06:30,623 - freqtrade.freqtradebot - INFO - User denied entry for SUSHI/USDT:USDT.
2026-09-26 18:06:35,467 - freqtrade.wallets - INFO - Wallets synced.
2026-09-26 18:06:35,619 - freqtrade.freqtradebot - INFO - Long signal found: about create a new trade for SUSHI/USDT:USDT with stake_amount: 0.7155963600738741 and price: 0.2733 ...
2026-09-26 18:06:35,620 - freqtrade.freqtradebot - INFO - User denied entry for SUSHI/USDT:USDT.
2026-09-26 18:06:40,471 - freqtrade.wallets - INFO - Wallets synced.
2026-09-26 18:06:40,623 - freqtrade.freqtradebot - INFO - Long signal found: about create a new trade for SUSHI/USDT:USDT with stake_amount: 0.7155963600738741 and price: 0.2733 ...
2026-09-26 18:06:40,624 - freqtrade.freqtradebot - INFO - User denied entry for SUSHI/USDT:USDT.
2026-09-26 18:06:45,467 - freqtrade.wallets - INFO - Wallets synced.
2026-09-26 18:06:45,618 - freqtrade.freqtradebot - INFO - Long signal found: about create a new trade for SUSHI/USDT:USDT with stake_amount: 0.7155963600738741 and price: 0.2733 ...
2026-09-26 18:06:45,620 - freqtrade.freqtradebot - INFO - User denied entry for SUSHI/USDT:USDT.
2026-09-26 18:06:49,722 - freqtrade.worker - INFO - Bot heartbeat. PID=2144, version='2026.7', state='RUNNING'
2026-09-26 18:06:50,989 - freqtrade.wallets - INFO - Wallets synced.
2026-09-26 18:06:51,146 - freqtrade.freqtradebot - INFO - Long signal found: about create a new trade for SUSHI/USDT:USDT with stake_amount: 0.7155963600738741 and price: 0.2733 ...
2026-09-26 18:06:51,147 - freqtrade.freqtradebot - INFO - User denied entry for SUSHI/USDT:USDT.
2026-09-26 18:06:55,472 - freqtrade.wallets - INFO - Wallets synced.
2026-09-26 18:06:55,624 - freqtrade.freqtradebot - INFO - Long signal found: about create a new trade for SUSHI/USDT:USDT with stake_amount: 0.7148108536413013 and price: 0.273 ...
2026-09-26 18:06:55,626 - freqtrade.freqtradebot - INFO - User denied entry for SUSHI/USDT:USDT.
2026-09-26 18:07:00,472 - freqtrade.wallets - INFO - Wallets synced.
2026-09-26 18:07:00,625 - freqtrade.freqtradebot - INFO - Long signal found: about create a new trade for SUSHI/USDT:USDT with stake_amount: 0.7153345245963497 and price: 0.2732 ...
2026-09-26 18:07:00,626 - freqtrade.freqtradebot - INFO - User denied entry for SUSHI/USDT:USDT.
2026-09-26 18:07:05,469 - freqtrade.wallets - INFO - Wallets synced.
2026-09-26 18:07:05,620 - freqtrade.freqtradebot - INFO - Long signal found: about create a new trade for SUSHI/USDT:USDT with stake_amount: 0.7153345245963497 and price: 0.2732 ...
2026-09-26 18:07:05,622 - freqtrade.freqtradebot - INFO - User denied entry for SUSHI/USDT:USDT.
2026-09-26 18:07:10,472 - freqtrade.wallets - INFO - Wallets synced.
2026-09-26 18:07:10,624 - freqtrade.freqtradebot - INFO - Long signal found: about create a new trade for SUSHI/USDT:USDT with stake_amount: 0.7155963600738741 and price: 0.2733 ...
2026-09-26 18:07:10,626 - freqtrade.freqtradebot - INFO - User denied entry for SUSHI/USDT:USDT.
2026-09-26 18:07:15,474 - freqtrade.wallets - INFO - Wallets synced.
2026-09-26 18:07:15,626 - freqtrade.freqtradebot - INFO - Long signal found: about create a new trade for SUSHI/USDT:USDT with stake_amount: 0.7155963600738741 and price: 0.2733 ...
2026-09-26 18:07:15,627 - freqtrade.freqtradebot - INFO - User denied entry for SUSHI/USDT:USDT.
2026-09-26 18:07:20,471 - freqtrade.wallets - INFO - Wallets synced.
2026-09-26 18:07:20,624 - freqtrade.freqtradebot - INFO - Long signal found: about create a new trade for SUSHI/USDT:USDT with stake_amount: 0.7155963600738741 and price: 0.2733 ...
2026-09-26 18:07:20,625 - freqtrade.freqtradebot - INFO - User denied entry for SUSHI/USDT:USDT.
2026-09-26 18:08:54,471 - freqtrade.loggers - INFO - Enabling colorized output.
2026-09-26 18:08:54,471 - freqtrade.loggers - INFO - Logfile configured
2026-09-26 18:08:54,472 - freqtrade.loggers - INFO - Verbosity set to 0
2026-09-26 18:08:54,472 - freqtrade.configuration.configuration - INFO - Runmode set to dry_run.
2026-09-26 18:08:54,472 - freqtrade.configuration.configuration - INFO - Parameter --db-url detected ...
2026-09-26 18:08:54,473 - freqtrade.configuration.configuration - INFO - Dry run is enabled
2026-09-26 18:08:54,473 - freqtrade.configuration.configuration - INFO - Using DB: "sqlite:////home/runner/work/_temp/live_cloud.sqlite"
2026-09-26 18:08:54,473 - freqtrade.configuration.configuration - INFO - Using max_open_trades: 15 ...
2026-09-26 18:08:54,474 - freqtrade.configuration.configuration - INFO - Using user-data directory: user_data ...
2026-09-26 18:08:54,475 - freqtrade.configuration.directory_operations - INFO - Created data directory: None
2026-09-26 18:08:54,475 - freqtrade.configuration.configuration - INFO - Using data directory: user_data/data/gate ...
2026-09-26 18:08:54,476 - freqtrade.exchange.check_exchange - INFO - Checking exchange...
2026-09-26 18:08:54,482 - freqtrade.exchange.check_exchange - INFO - Exchange "gate" is officially supported by the Freqtrade development team.
2026-09-26 18:08:54,483 - freqtrade.configuration.configuration - INFO - Using pairlist from configuration.
2026-09-26 18:08:54,483 - freqtrade.exchange.exchange - INFO - Instance is running with dry_run enabled
2026-09-26 18:08:54,484 - freqtrade.exchange.exchange - INFO - Using CCXT 4.5.84
2026-09-26 18:08:54,484 - freqtrade.exchange.exchange - INFO - Applying additional ccxt config: {'options': {'defaultType': 'swap'}}
2026-09-26 18:08:54,486 - freqtrade.exchange.exchange - INFO - Applying additional ccxt config: {'options': {'defaultType': 'swap'}}
2026-09-26 18:08:54,489 - freqtrade.exchange.exchange - INFO - Using Exchange "Gate"
2026-09-26 18:09:04,511 - freqtrade.resolvers.exchange_resolver - INFO - Using resolved exchange class 'Gate' ...
2026-09-26 18:09:04,523 - freqtrade.resolvers.iresolver - INFO - Using resolved strategy HourlyTrend from '/home/runner/work/hourly-bot/hourly-bot/user_data/strategies/HourlyTrend.py'...
2026-09-26 18:09:04,524 - freqtrade.strategy.hyper - INFO - Found no parameter file.
2026-09-26 18:09:04,524 - freqtrade.resolvers.strategy_resolver - INFO - Override strategy 'timeframe' with value from the configuration: 1h.
2026-09-26 18:09:04,525 - freqtrade.resolvers.strategy_resolver - INFO - Override strategy 'order_types' with value from the configuration: {'entry': 'limit', 'exit': 'limit', 'stoploss': 'limit', 'stoploss_on_exchange': False}.
2026-09-26 18:09:04,525 - freqtrade.resolvers.strategy_resolver - INFO - Override strategy 'stake_currency' with value from the configuration: USDT.
2026-09-26 18:09:04,526 - freqtrade.resolvers.strategy_resolver - INFO - Override strategy 'stake_amount' with value from the configuration: unlimited.
2026-09-26 18:09:04,526 - freqtrade.resolvers.strategy_resolver - INFO - Override strategy 'unfilledtimeout' with value from the configuration: {'entry': 5, 'exit': 5, 'exit_timeout_count': 0, 'unit': 'minutes'}.
2026-09-26 18:09:04,526 - freqtrade.resolvers.strategy_resolver - INFO - Override strategy 'max_open_trades' with value from the configuration: 15.
2026-09-26 18:09:04,527 - freqtrade.resolvers.strategy_resolver - INFO - Strategy using minimal_roi: {'0': 100.0}
2026-09-26 18:09:04,527 - freqtrade.resolvers.strategy_resolver - INFO - Strategy using timeframe: 1h
2026-09-26 18:09:04,527 - freqtrade.resolvers.strategy_resolver - INFO - Strategy using stoploss: -0.6
2026-09-26 18:09:04,528 - freqtrade.resolvers.strategy_resolver - INFO - Strategy using trailing_stop: False
2026-09-26 18:09:04,528 - freqtrade.resolvers.strategy_resolver - INFO - Strategy using trailing_stop_positive_offset: 0.0
2026-09-26 18:09:04,528 - freqtrade.resolvers.strategy_resolver - INFO - Strategy using trailing_only_offset_is_reached: False
2026-09-26 18:09:04,529 - freqtrade.resolvers.strategy_resolver - INFO - Strategy using use_custom_stoploss: True
2026-09-26 18:09:04,529 - freqtrade.resolvers.strategy_resolver - INFO - Strategy using process_only_new_candles: True
2026-09-26 18:09:04,529 - freqtrade.resolvers.strategy_resolver - INFO - Strategy using order_types: {'entry': 'limit', 'exit': 'limit', 'stoploss': 'limit', 'stoploss_on_exchange': False}
2026-09-26 18:09:04,530 - freqtrade.resolvers.strategy_resolver - INFO - Strategy using order_time_in_force: {'entry': 'GTC', 'exit': 'GTC'}
2026-09-26 18:09:04,530 - freqtrade.resolvers.strategy_resolver - INFO - Strategy using stake_currency: USDT
2026-09-26 18:09:04,530 - freqtrade.resolvers.strategy_resolver - INFO - Strategy using stake_amount: unlimited
2026-09-26 18:09:04,531 - freqtrade.resolvers.strategy_resolver - INFO - Strategy using startup_candle_count: 800
2026-09-26 18:09:04,531 - freqtrade.resolvers.strategy_resolver - INFO - Strategy using unfilledtimeout: {'entry': 5, 'exit': 5, 'exit_timeout_count': 0, 'unit': 'minutes'}
2026-09-26 18:09:04,531 - freqtrade.resolvers.strategy_resolver - INFO - Strategy using use_exit_signal: False
2026-09-26 18:09:04,532 - freqtrade.resolvers.strategy_resolver - INFO - Strategy using exit_profit_only: False
2026-09-26 18:09:04,532 - freqtrade.resolvers.strategy_resolver - INFO - Strategy using ignore_roi_if_entry_signal: False
2026-09-26 18:09:04,532 - freqtrade.resolvers.strategy_resolver - INFO - Strategy using exit_profit_offset: 0.0
2026-09-26 18:09:04,533 - freqtrade.resolvers.strategy_resolver - INFO - Strategy using disable_dataframe_checks: False
2026-09-26 18:09:04,533 - freqtrade.resolvers.strategy_resolver - INFO - Strategy using ignore_buying_expired_candle_after: 0
2026-09-26 18:09:04,533 - freqtrade.resolvers.strategy_resolver - INFO - Strategy using position_adjustment_enable: False
2026-09-26 18:09:04,533 - freqtrade.resolvers.strategy_resolver - INFO - Strategy using max_entry_position_adjustment: -1
2026-09-26 18:09:04,534 - freqtrade.resolvers.strategy_resolver - INFO - Strategy using max_open_trades: 15
2026-09-26 18:09:04,534 - freqtrade.configuration.config_validation - INFO - Validating configuration ...
2026-09-26 18:09:04,572 - freqtrade.wallets - INFO - Wallets synced.
2026-09-26 18:09:04,683 - freqtrade.rpc.rpc_manager - INFO - Enabling rpc.api_server
2026-09-26 18:09:04,843 - freqtrade.rpc.api_server.webserver - INFO - Starting HTTP Server at 127.0.0.1:8080
2026-09-26 18:09:04,843 - freqtrade.rpc.api_server.webserver - INFO - Starting Local Rest Server.
2026-09-26 18:09:04,861 - uvicorn.error - INFO - Started server process [2359]
2026-09-26 18:09:04,862 - uvicorn.error - INFO - Waiting for application startup.
2026-09-26 18:09:04,862 - uvicorn.error - INFO - Application startup complete.
2026-09-26 18:09:04,863 - uvicorn.error - INFO - Uvicorn running on http://127.0.0.1:8080 (Press CTRL+C to quit)
2026-09-26 18:09:04,867 - freqtrade.resolvers.iresolver - INFO - Using resolved pairlist StaticPairList from '/opt/hostedtoolcache/Python/3.12.14/x64/lib/python3.12/site-packages/freqtrade/plugins/pairlist/StaticPairList.py'...
2026-09-26 18:09:04,867 - freqtrade.freqtradebot - INFO - Starting initial pairlist refresh
2026-09-26 18:09:04,927 - freqtrade.plugins.pairlistmanager - INFO - Whitelist with 47 pairs: ['BTC/USDT:USDT', 'ETH/USDT:USDT', 'BNB/USDT:USDT', 'SOL/USDT:USDT', 'ADA/USDT:USDT', 'DOGE/USDT:USDT', 'AVAX/USDT:USDT', 'DOT/USDT:USDT', 'LINK/USDT:USDT', 'LTC/USDT:USDT', 'BCH/USDT:USDT', 'ATOM/USDT:USDT', 'UNI/USDT:USDT', 'ETC/USDT:USDT', 'NEAR/USDT:USDT', 'ALGO/USDT:USDT', 'FIL/USDT:USDT', 'ICP/USDT:USDT', 'HBAR/USDT:USDT', 'APE/USDT:USDT', 'SAND/USDT:USDT', 'MANA/USDT:USDT', 'AXS/USDT:USDT', 'THETA/USDT:USDT', 'AAVE/USDT:USDT', 'GRT/USDT:USDT', 'CHZ/USDT:USDT', 'ENJ/USDT:USDT', 'CRV/USDT:USDT', 'COMP/USDT:USDT', 'DASH/USDT:USDT', 'QTUM/USDT:USDT', 'IOTA/USDT:USDT', 'ONT/USDT:USDT', 'BAT/USDT:USDT', 'RVN/USDT:USDT', 'KSM/USDT:USDT', 'EGLD/USDT:USDT', 'GALA/USDT:USDT', 'CELO/USDT:USDT', 'SUSHI/USDT:USDT', 'SNX/USDT:USDT', 'LRC/USDT:USDT', 'STORJ/USDT:USDT', 'ANKR/USDT:USDT', 'SKL/USDT:USDT', 'BAND/USDT:USDT']
2026-09-26 18:09:04,928 - freqtrade.freqtradebot - INFO - Initial Pairlist refresh took 0.06s
2026-09-26 18:09:04,930 - freqtrade.strategy.hyper - INFO - No params for buy found, using default values.
2026-09-26 18:09:04,930 - freqtrade.strategy.hyper - INFO - Strategy Parameter(default): adx_floor = 20
2026-09-26 18:09:04,930 - freqtrade.strategy.hyper - INFO - Strategy Parameter(default): breakout_hours = 72
2026-09-26 18:09:04,931 - freqtrade.strategy.hyper - INFO - Strategy Parameter(default): ema_fast = 50
2026-09-26 18:09:04,931 - freqtrade.strategy.hyper - INFO - Strategy Parameter(default): ema_slow = 200
2026-09-26 18:09:04,931 - freqtrade.strategy.hyper - INFO - Strategy Parameter(default): rsi_long_max = 78
2026-09-26 18:09:04,932 - freqtrade.strategy.hyper - INFO - Strategy Parameter(default): rsi_short_min = 22
2026-09-26 18:09:04,932 - freqtrade.strategy.hyper - INFO - No params for sell found, using default values.
2026-09-26 18:09:04,932 - freqtrade.strategy.hyper - INFO - Strategy Parameter(default): initial_stop_atr = 2.0
2026-09-26 18:09:04,933 - freqtrade.strategy.hyper - INFO - Strategy Parameter(default): risk_per_trade = 0.01
2026-09-26 18:09:04,933 - freqtrade.strategy.hyper - INFO - Strategy Parameter(default): trail_atr = 6.0
2026-09-26 18:09:04,934 - freqtrade.resolvers.iresolver - INFO - Using resolved protection CooldownPeriod from '/opt/hostedtoolcache/Python/3.12.14/x64/lib/python3.12/site-packages/freqtrade/plugins/protections/cooldown_period.py'...
2026-09-26 18:09:04,935 - freqtrade.resolvers.iresolver - INFO - Using resolved protection MaxDrawdown from '/opt/hostedtoolcache/Python/3.12.14/x64/lib/python3.12/site-packages/freqtrade/plugins/protections/max_drawdown_protection.py'...
2026-09-26 18:09:04,937 - freqtrade.resolvers.iresolver - INFO - Using resolved protection StoplossGuard from '/opt/hostedtoolcache/Python/3.12.14/x64/lib/python3.12/site-packages/freqtrade/plugins/protections/stoploss_guard.py'...
2026-09-26 18:09:04,937 - freqtrade.rpc.rpc_manager - INFO - Sending rpc message: {'type': status, 'status': 'running'}
2026-09-26 18:09:04,938 - freqtrade.worker - INFO - Changing state to: RUNNING
2026-09-26 18:09:04,947 - freqtrade.rpc.rpc_manager - INFO - Sending rpc message: {'type': warning, 'status': 'Dry run is enabled. All trades are simulated.'}
2026-09-26 18:09:04,947 - freqtrade.rpc.rpc_manager - INFO - Sending rpc message: {'type': startup, 'status': "*Exchange:* `gate`\n*Stake per trade:* `unlimited USDT`\n*Minimum ROI:* `{'0': 100.0}`\n*Stoploss:* `-0.6`\n*Position adjustment:* `Off`\n*Timeframe:* `1h`\n*Strategy:* `HourlyTrend`"}
2026-09-26 18:09:04,948 - freqtrade.rpc.rpc_manager - INFO - Sending rpc message: {'type': startup, 'status': "Searching for USDT pairs to buy and sell based on [{'StaticPairList': 'StaticPairList'}]"}
2026-09-26 18:09:04,948 - freqtrade.rpc.rpc_manager - INFO - Sending rpc message: {'type': startup, 'status': 'Using Protections: \nCooldownPeriod - Cooldown period for 2 candles.\nMaxDrawdown - Max drawdown protection, stop trading if drawdown is > 0.15 within 168 candles.\nStoplossGuard - Frequent Stoploss Guard, 6 stoplosses with profit < 0.00% within 24 candles.'}
2026-09-26 18:09:04,951 - freqtrade.persistence.trade_model - INFO - Found open trade: Trade(id=51, pair=MANA/USDT:USDT, amount=79.7, is_short=False, leverage=10, open_rate=0.09099, open_since=2026-09-25 07:00:04)
2026-09-26 18:09:04,952 - freqtrade.persistence.trade_model - INFO - Found open trade: Trade(id=54, pair=DOT/USDT:USDT, amount=4, is_short=False, leverage=10, open_rate=1.285, open_since=2026-09-26 16:00:04)
2026-09-26 18:09:04,952 - freqtrade.persistence.trade_model - INFO - Found open trade: Trade(id=55, pair=ICP/USDT:USDT, amount=1.901, is_short=False, leverage=10, open_rate=3.334, open_since=2026-09-26 17:00:05)
2026-09-26 18:09:04,953 - freqtrade.persistence.trade_model - INFO - Found open trade: Trade(id=56, pair=SAND/USDT:USDT, amount=166, is_short=False, leverage=10, open_rate=0.04623, open_since=2026-09-26 18:00:00)
2026-09-26 18:09:10,607 - freqtrade.wallets - INFO - Wallets synced.
2026-09-26 18:09:10,766 - freqtrade.freqtradebot - INFO - Long signal found: about create a new trade for SUSHI/USDT:USDT with stake_amount: 0.7132398407761553 and price: 0.2724 ...
2026-09-26 18:09:10,768 - freqtrade.freqtradebot - INFO - User denied entry for SUSHI/USDT:USDT.
2026-09-26 18:09:11,068 - freqtrade.worker - INFO - Bot heartbeat. PID=2359, version='2026.7', state='RUNNING'
2026-09-26 18:09:11,908 - freqtrade.wallets - INFO - Wallets synced.
2026-09-26 18:09:12,068 - freqtrade.freqtradebot - INFO - Long signal found: about create a new trade for SUSHI/USDT:USDT with stake_amount: 0.7132398407761553 and price: 0.2724 ...
2026-09-26 18:09:12,070 - freqtrade.freqtradebot - INFO - User denied entry for SUSHI/USDT:USDT.
2026-09-26 18:09:16,912 - freqtrade.wallets - INFO - Wallets synced.
2026-09-26 18:09:17,071 - freqtrade.freqtradebot - INFO - Long signal found: about create a new trade for SUSHI/USDT:USDT with stake_amount: 0.7137635117312041 and price: 0.2726 ...
2026-09-26 18:09:17,073 - freqtrade.freqtradebot - INFO - User denied entry for SUSHI/USDT:USDT.
2026-09-26 18:09:21,908 - freqtrade.wallets - INFO - Wallets synced.
2026-09-26 18:09:22,068 - freqtrade.freqtradebot - INFO - Long signal found: about create a new trade for SUSHI/USDT:USDT with stake_amount: 0.7137635117312041 and price: 0.2726 ...
2026-09-26 18:09:22,069 - freqtrade.freqtradebot - INFO - User denied entry for SUSHI/USDT:USDT.
2026-09-26 18:09:26,912 - freqtrade.wallets - INFO - Wallets synced.
2026-09-26 18:09:27,071 - freqtrade.freqtradebot - INFO - Long signal found: about create a new trade for SUSHI/USDT:USDT with stake_amount: 0.7137635117312041 and price: 0.2726 ...
2026-09-26 18:09:27,073 - freqtrade.freqtradebot - INFO - User denied entry for SUSHI/USDT:USDT.
2026-09-26 18:09:31,908 - freqtrade.wallets - INFO - Wallets synced.
2026-09-26 18:09:32,068 - freqtrade.freqtradebot - INFO - Long signal found: about create a new trade for SUSHI/USDT:USDT with stake_amount: 0.7137635117312041 and price: 0.2726 ...
2026-09-26 18:09:32,069 - freqtrade.freqtradebot - INFO - User denied entry for SUSHI/USDT:USDT.
2026-09-26 18:09:36,910 - freqtrade.wallets - INFO - Wallets synced.
2026-09-26 18:09:37,070 - freqtrade.freqtradebot - INFO - Long signal found: about create a new trade for SUSHI/USDT:USDT with stake_amount: 0.7137635117312041 and price: 0.2726 ...
2026-09-26 18:09:37,072 - freqtrade.freqtradebot - INFO - User denied entry for SUSHI/USDT:USDT.
2026-09-26 18:09:41,909 - freqtrade.wallets - INFO - Wallets synced.
2026-09-26 18:09:42,069 - freqtrade.freqtradebot - INFO - Long signal found: about create a new trade for SUSHI/USDT:USDT with stake_amount: 0.7137635117312041 and price: 0.2726 ...
2026-09-26 18:09:42,071 - freqtrade.freqtradebot - INFO - User denied entry for SUSHI/USDT:USDT.
2026-09-26 18:09:46,908 - freqtrade.wallets - INFO - Wallets synced.
2026-09-26 18:09:47,067 - freqtrade.freqtradebot - INFO - Long signal found: about create a new trade for SUSHI/USDT:USDT with stake_amount: 0.7137635117312041 and price: 0.2726 ...
2026-09-26 18:09:47,069 - freqtrade.freqtradebot - INFO - User denied entry for SUSHI/USDT:USDT.
2026-09-26 18:09:51,908 - freqtrade.wallets - INFO - Wallets synced.
2026-09-26 18:09:52,068 - freqtrade.freqtradebot - INFO - Long signal found: about create a new trade for SUSHI/USDT:USDT with stake_amount: 0.7137635117312041 and price: 0.2726 ...
2026-09-26 18:09:52,069 - freqtrade.freqtradebot - INFO - User denied entry for SUSHI/USDT:USDT.
2026-09-26 18:09:56,909 - freqtrade.wallets - INFO - Wallets synced.
2026-09-26 18:09:57,069 - freqtrade.freqtradebot - INFO - Long signal found: about create a new trade for SUSHI/USDT:USDT with stake_amount: 0.7137635117312041 and price: 0.2726 ...
2026-09-26 18:09:57,071 - freqtrade.freqtradebot - INFO - User denied entry for SUSHI/USDT:USDT.
2026-09-26 18:10:01,919 - freqtrade.wallets - INFO - Wallets synced.
2026-09-26 18:10:02,079 - freqtrade.freqtradebot - INFO - Long signal found: about create a new trade for SUSHI/USDT:USDT with stake_amount: 0.7132398407761553 and price: 0.2724 ...
2026-09-26 18:10:02,080 - freqtrade.freqtradebot - INFO - User denied entry for SUSHI/USDT:USDT.
2026-09-26 18:10:06,910 - freqtrade.wallets - INFO - Wallets synced.
2026-09-26 18:10:07,070 - freqtrade.freqtradebot - INFO - Long signal found: about create a new trade for SUSHI/USDT:USDT with stake_amount: 0.7132398407761553 and price: 0.2724 ...
2026-09-26 18:10:07,072 - freqtrade.freqtradebot - INFO - User denied entry for SUSHI/USDT:USDT.
2026-09-26 18:10:11,070 - freqtrade.worker - INFO - Bot heartbeat. PID=2359, version='2026.7', state='RUNNING'
2026-09-26 18:10:11,913 - freqtrade.wallets - INFO - Wallets synced.
2026-09-26 18:10:12,073 - freqtrade.freqtradebot - INFO - Long signal found: about create a new trade for SUSHI/USDT:USDT with stake_amount: 0.7132398407761553 and price: 0.2724 ...
2026-09-26 18:10:12,075 - freqtrade.freqtradebot - INFO - User denied entry for SUSHI/USDT:USDT.
2026-09-26 18:10:16,909 - freqtrade.wallets - INFO - Wallets synced.
2026-09-26 18:10:17,069 - freqtrade.freqtradebot - INFO - Long signal found: about create a new trade for SUSHI/USDT:USDT with stake_amount: 0.7132398407761553 and price: 0.2724 ...
2026-09-26 18:10:17,070 - freqtrade.freqtradebot - INFO - User denied entry for SUSHI/USDT:USDT.
2026-09-26 18:10:21,909 - freqtrade.wallets - INFO - Wallets synced.
2026-09-26 18:10:22,069 - freqtrade.freqtradebot - INFO - Long signal found: about create a new trade for SUSHI/USDT:USDT with stake_amount: 0.7137635117312041 and price: 0.2726 ...
2026-09-26 18:10:22,070 - freqtrade.freqtradebot - INFO - User denied entry for SUSHI/USDT:USDT.
2026-09-26 18:10:26,911 - freqtrade.wallets - INFO - Wallets synced.
2026-09-26 18:10:27,071 - freqtrade.freqtradebot - INFO - Long signal found: about create a new trade for SUSHI/USDT:USDT with stake_amount: 0.7140253472087283 and price: 0.2727 ...
2026-09-26 18:10:27,072 - freqtrade.freqtradebot - INFO - User denied entry for SUSHI/USDT:USDT.
2026-09-26 18:10:31,912 - freqtrade.wallets - INFO - Wallets synced.
2026-09-26 18:10:32,072 - freqtrade.freqtradebot - INFO - Long signal found: about create a new trade for SUSHI/USDT:USDT with stake_amount: 0.7140253472087283 and price: 0.2727 ...
2026-09-26 18:10:32,073 - freqtrade.freqtradebot - INFO - User denied entry for SUSHI/USDT:USDT.
2026-09-26 18:10:36,910 - freqtrade.wallets - INFO - Wallets synced.
2026-09-26 18:10:37,083 - freqtrade.freqtradebot - INFO - Long signal found: about create a new trade for SUSHI/USDT:USDT with stake_amount: 0.7140253472087283 and price: 0.2727 ...
2026-09-26 18:10:37,085 - freqtrade.freqtradebot - INFO - User denied entry for SUSHI/USDT:USDT.
2026-09-26 18:10:41,910 - freqtrade.wallets - INFO - Wallets synced.
2026-09-26 18:10:42,069 - freqtrade.freqtradebot - INFO - Long signal found: about create a new trade for SUSHI/USDT:USDT with stake_amount: 0.7137635117312041 and price: 0.2726 ...
2026-09-26 18:10:42,071 - freqtrade.freqtradebot - INFO - User denied entry for SUSHI/USDT:USDT.
2026-09-26 18:10:46,915 - freqtrade.wallets - INFO - Wallets synced.
2026-09-26 18:10:47,074 - freqtrade.freqtradebot - INFO - Long signal found: about create a new trade for SUSHI/USDT:USDT with stake_amount: 0.7137635117312041 and price: 0.2726 ...
2026-09-26 18:10:47,076 - freqtrade.freqtradebot - INFO - User denied entry for SUSHI/USDT:USDT.
2026-09-26 18:10:51,914 - freqtrade.wallets - INFO - Wallets synced.
2026-09-26 18:10:52,074 - freqtrade.freqtradebot - INFO - Long signal found: about create a new trade for SUSHI/USDT:USDT with stake_amount: 0.7137635117312041 and price: 0.2726 ...
2026-09-26 18:10:52,075 - freqtrade.freqtradebot - INFO - User denied entry for SUSHI/USDT:USDT.
2026-09-26 18:10:56,911 - freqtrade.wallets - INFO - Wallets synced.
2026-09-26 18:10:57,071 - freqtrade.freqtradebot - INFO - Long signal found: about create a new trade for SUSHI/USDT:USDT with stake_amount: 0.7137635117312041 and price: 0.2726 ...
2026-09-26 18:10:57,072 - freqtrade.freqtradebot - INFO - User denied entry for SUSHI/USDT:USDT.
2026-09-26 18:11:01,911 - freqtrade.wallets - INFO - Wallets synced.
2026-09-26 18:11:02,070 - freqtrade.freqtradebot - INFO - Long signal found: about create a new trade for SUSHI/USDT:USDT with stake_amount: 0.7137635117312041 and price: 0.2726 ...
2026-09-26 18:11:02,072 - freqtrade.freqtradebot - INFO - User denied entry for SUSHI/USDT:USDT.
2026-09-26 18:11:06,909 - freqtrade.wallets - INFO - Wallets synced.
2026-09-26 18:11:07,069 - freqtrade.freqtradebot - INFO - Long signal found: about create a new trade for SUSHI/USDT:USDT with stake_amount: 0.7137635117312041 and price: 0.2726 ...
2026-09-26 18:11:07,070 - freqtrade.freqtradebot - INFO - User denied entry for SUSHI/USDT:USDT.
2026-09-26 18:11:11,073 - freqtrade.worker - INFO - Bot heartbeat. PID=2359, version='2026.7', state='RUNNING'
2026-09-26 18:11:11,913 - freqtrade.wallets - INFO - Wallets synced.
2026-09-26 18:11:12,072 - freqtrade.freqtradebot - INFO - Long signal found: about create a new trade for SUSHI/USDT:USDT with stake_amount: 0.7137635117312041 and price: 0.2726 ...
2026-09-26 18:11:12,073 - freqtrade.freqtradebot - INFO - User denied entry for SUSHI/USDT:USDT.
2026-09-26 18:11:16,915 - freqtrade.wallets - INFO - Wallets synced.
2026-09-26 18:11:17,074 - freqtrade.freqtradebot - INFO - Long signal found: about create a new trade for SUSHI/USDT:USDT with stake_amount: 0.7135016762536799 and price: 0.2725 ...
2026-09-26 18:11:17,076 - freqtrade.freqtradebot - INFO - User denied entry for SUSHI/USDT:USDT.
2026-09-26 18:11:21,915 - freqtrade.wallets - INFO - Wallets synced.
2026-09-26 18:11:22,075 - freqtrade.freqtradebot - INFO - Long signal found: about create a new trade for SUSHI/USDT:USDT with stake_amount: 0.7135016762536799 and price: 0.2725 ...
2026-09-26 18:11:22,076 - freqtrade.freqtradebot - INFO - User denied entry for SUSHI/USDT:USDT.
2026-09-26 18:11:26,915 - freqtrade.wallets - INFO - Wallets synced.
2026-09-26 18:11:27,075 - freqtrade.freqtradebot - INFO - Long signal found: about create a new trade for SUSHI/USDT:USDT with stake_amount: 0.7135016762536799 and price: 0.2725 ...
2026-09-26 18:11:27,076 - freqtrade.freqtradebot - INFO - User denied entry for SUSHI/USDT:USDT.
2026-09-26 18:11:31,918 - freqtrade.wallets - INFO - Wallets synced.
2026-09-26 18:11:32,078 - freqtrade.freqtradebot - INFO - Long signal found: about create a new trade for SUSHI/USDT:USDT with stake_amount: 0.7135016762536799 and price: 0.2725 ...
2026-09-26 18:11:32,080 - freqtrade.freqtradebot - INFO - User denied entry for SUSHI/USDT:USDT.
2026-09-26 18:11:36,921 - freqtrade.wallets - INFO - Wallets synced.
2026-09-26 18:11:37,082 - freqtrade.freqtradebot - INFO - Long signal found: about create a new trade for SUSHI/USDT:USDT with stake_amount: 0.7135016762536799 and price: 0.2725 ...
2026-09-26 18:11:37,084 - freqtrade.freqtradebot - INFO - User denied entry for SUSHI/USDT:USDT.
2026-09-26 18:11:41,913 - freqtrade.wallets - INFO - Wallets synced.
2026-09-26 18:11:42,072 - freqtrade.freqtradebot - INFO - Long signal found: about create a new trade for SUSHI/USDT:USDT with stake_amount: 0.7137635117312041 and price: 0.2726 ...
2026-09-26 18:11:42,074 - freqtrade.freqtradebot - INFO - User denied entry for SUSHI/USDT:USDT.
2026-09-26 18:11:46,910 - freqtrade.wallets - INFO - Wallets synced.
2026-09-26 18:11:47,070 - freqtrade.freqtradebot - INFO - Long signal found: about create a new trade for SUSHI/USDT:USDT with stake_amount: 0.7137635117312041 and price: 0.2726 ...
2026-09-26 18:11:47,071 - freqtrade.freqtradebot - INFO - User denied entry for SUSHI/USDT:USDT.
2026-09-26 18:11:51,912 - freqtrade.wallets - INFO - Wallets synced.
2026-09-26 18:11:52,072 - freqtrade.freqtradebot - INFO - Long signal found: about create a new trade for SUSHI/USDT:USDT with stake_amount: 0.7140253472087283 and price: 0.2727 ...
2026-09-26 18:11:52,073 - freqtrade.freqtradebot - INFO - User denied entry for SUSHI/USDT:USDT.
2026-09-26 18:11:56,913 - freqtrade.wallets - INFO - Wallets synced.
2026-09-26 18:11:57,072 - freqtrade.freqtradebot - INFO - Long signal found: about create a new trade for SUSHI/USDT:USDT with stake_amount: 0.7140253472087283 and price: 0.2727 ...
2026-09-26 18:11:57,074 - freqtrade.freqtradebot - INFO - User denied entry for SUSHI/USDT:USDT.
2026-09-26 18:12:01,912 - freqtrade.wallets - INFO - Wallets synced.
2026-09-26 18:12:02,071 - freqtrade.freqtradebot - INFO - Long signal found: about create a new trade for SUSHI/USDT:USDT with stake_amount: 0.7140253472087283 and price: 0.2727 ...
2026-09-26 18:12:02,073 - freqtrade.freqtradebot - INFO - User denied entry for SUSHI/USDT:USDT.
2026-09-26 18:12:06,911 - freqtrade.wallets - INFO - Wallets synced.
2026-09-26 18:12:07,070 - freqtrade.freqtradebot - INFO - Long signal found: about create a new trade for SUSHI/USDT:USDT with stake_amount: 0.7140253472087283 and price: 0.2727 ...
2026-09-26 18:12:07,072 - freqtrade.freqtradebot - INFO - User denied entry for SUSHI/USDT:USDT.
2026-09-26 18:12:11,076 - freqtrade.worker - INFO - Bot heartbeat. PID=2359, version='2026.7', state='RUNNING'
2026-09-26 18:12:11,913 - freqtrade.wallets - INFO - Wallets synced.
2026-09-26 18:12:12,073 - freqtrade.freqtradebot - INFO - Long signal found: about create a new trade for SUSHI/USDT:USDT with stake_amount: 0.7140253472087283 and price: 0.2727 ...
2026-09-26 18:12:12,075 - freqtrade.freqtradebot - INFO - User denied entry for SUSHI/USDT:USDT.
2026-09-26 18:12:16,911 - freqtrade.wallets - INFO - Wallets synced.
2026-09-26 18:12:17,072 - freqtrade.freqtradebot - INFO - Long signal found: about create a new trade for SUSHI/USDT:USDT with stake_amount: 0.7140253472087283 and price: 0.2727 ...
2026-09-26 18:12:17,074 - freqtrade.freqtradebot - INFO - User denied entry for SUSHI/USDT:USDT.
2026-09-26 18:12:21,917 - freqtrade.wallets - INFO - Wallets synced.
2026-09-26 18:12:22,076 - freqtrade.freqtradebot - INFO - Long signal found: about create a new trade for SUSHI/USDT:USDT with stake_amount: 0.7140253472087283 and price: 0.2727 ...
2026-09-26 18:12:22,078 - freqtrade.freqtradebot - INFO - User denied entry for SUSHI/USDT:USDT.
2026-09-26 18:12:26,918 - freqtrade.wallets - INFO - Wallets synced.
2026-09-26 18:12:27,077 - freqtrade.freqtradebot - INFO - Long signal found: about create a new trade for SUSHI/USDT:USDT with stake_amount: 0.7140253472087283 and price: 0.2727 ...
2026-09-26 18:12:27,079 - freqtrade.freqtradebot - INFO - User denied entry for SUSHI/USDT:USDT.
2026-09-26 18:12:31,913 - freqtrade.wallets - INFO - Wallets synced.
2026-09-26 18:12:32,072 - freqtrade.freqtradebot - INFO - Long signal found: about create a new trade for SUSHI/USDT:USDT with stake_amount: 0.7140253472087283 and price: 0.2727 ...
2026-09-26 18:12:32,074 - freqtrade.freqtradebot - INFO - User denied entry for SUSHI/USDT:USDT.
2026-09-26 18:12:36,913 - freqtrade.wallets - INFO - Wallets synced.
2026-09-26 18:12:37,073 - freqtrade.freqtradebot - INFO - Long signal found: about create a new trade for SUSHI/USDT:USDT with stake_amount: 0.7140253472087283 and price: 0.2727 ...
2026-09-26 18:12:37,074 - freqtrade.freqtradebot - INFO - User denied entry for SUSHI/USDT:USDT.
2026-09-26 18:12:41,916 - freqtrade.wallets - INFO - Wallets synced.
2026-09-26 18:12:42,075 - freqtrade.freqtradebot - INFO - Long signal found: about create a new trade for SUSHI/USDT:USDT with stake_amount: 0.7140253472087283 and price: 0.2727 ...
2026-09-26 18:12:42,077 - freqtrade.freqtradebot - INFO - User denied entry for SUSHI/USDT:USDT.
2026-09-26 18:12:46,917 - freqtrade.wallets - INFO - Wallets synced.
2026-09-26 18:12:47,077 - freqtrade.freqtradebot - INFO - Long signal found: about create a new trade for SUSHI/USDT:USDT with stake_amount: 0.7140253472087283 and price: 0.2727 ...
2026-09-26 18:12:47,078 - freqtrade.freqtradebot - INFO - User denied entry for SUSHI/USDT:USDT.
2026-09-26 18:12:51,914 - freqtrade.wallets - INFO - Wallets synced.
2026-09-26 18:12:52,074 - freqtrade.freqtradebot - INFO - Long signal found: about create a new trade for SUSHI/USDT:USDT with stake_amount: 0.7140253472087283 and price: 0.2727 ...
2026-09-26 18:12:52,075 - freqtrade.freqtradebot - INFO - User denied entry for SUSHI/USDT:USDT.
2026-09-26 18:12:56,912 - freqtrade.wallets - INFO - Wallets synced.
2026-09-26 18:12:57,071 - freqtrade.freqtradebot - INFO - Long signal found: about create a new trade for SUSHI/USDT:USDT with stake_amount: 0.7140253472087283 and price: 0.2727 ...
2026-09-26 18:12:57,073 - freqtrade.freqtradebot - INFO - User denied entry for SUSHI/USDT:USDT.
2026-09-26 18:13:01,912 - freqtrade.wallets - INFO - Wallets synced.
2026-09-26 18:13:02,071 - freqtrade.freqtradebot - INFO - Long signal found: about create a new trade for SUSHI/USDT:USDT with stake_amount: 0.7140253472087283 and price: 0.2727 ...
2026-09-26 18:13:02,073 - freqtrade.freqtradebot - INFO - User denied entry for SUSHI/USDT:USDT.
2026-09-26 18:13:06,915 - freqtrade.wallets - INFO - Wallets synced.
2026-09-26 18:13:07,076 - freqtrade.freqtradebot - INFO - Long signal found: about create a new trade for SUSHI/USDT:USDT with stake_amount: 0.7140253472087283 and price: 0.2727 ...
2026-09-26 18:13:07,078 - freqtrade.freqtradebot - INFO - User denied entry for SUSHI/USDT:USDT.
2026-09-26 18:13:11,079 - freqtrade.worker - INFO - Bot heartbeat. PID=2359, version='2026.7', state='RUNNING'
2026-09-26 18:13:11,918 - freqtrade.wallets - INFO - Wallets synced.
2026-09-26 18:13:12,078 - freqtrade.freqtradebot - INFO - Long signal found: about create a new trade for SUSHI/USDT:USDT with stake_amount: 0.7145490181637768 and price: 0.2729 ...
2026-09-26 18:13:12,079 - freqtrade.freqtradebot - INFO - User denied entry for SUSHI/USDT:USDT.
2026-09-26 18:13:16,917 - freqtrade.wallets - INFO - Wallets synced.
2026-09-26 18:13:17,076 - freqtrade.freqtradebot - INFO - Long signal found: about create a new trade for SUSHI/USDT:USDT with stake_amount: 0.7145490181637768 and price: 0.2729 ...
2026-09-26 18:13:17,078 - freqtrade.freqtradebot - INFO - User denied entry for SUSHI/USDT:USDT.
2026-09-26 18:13:21,923 - freqtrade.wallets - INFO - Wallets synced.
2026-09-26 18:13:22,082 - freqtrade.freqtradebot - INFO - Long signal found: about create a new trade for SUSHI/USDT:USDT with stake_amount: 0.7148108536413013 and price: 0.273 ...
2026-09-26 18:13:22,083 - freqtrade.freqtradebot - INFO - User denied entry for SUSHI/USDT:USDT.
2026-09-26 18:13:26,919 - freqtrade.wallets - INFO - Wallets synced.
2026-09-26 18:13:27,078 - freqtrade.freqtradebot - INFO - Long signal found: about create a new trade for SUSHI/USDT:USDT with stake_amount: 0.7148108536413013 and price: 0.273 ...
2026-09-26 18:13:27,080 - freqtrade.freqtradebot - INFO - User denied entry for SUSHI/USDT:USDT.
2026-09-26 18:13:31,918 - freqtrade.wallets - INFO - Wallets synced.
2026-09-26 18:13:32,078 - freqtrade.freqtradebot - INFO - Long signal found: about create a new trade for SUSHI/USDT:USDT with stake_amount: 0.7148108536413013 and price: 0.273 ...
2026-09-26 18:13:32,079 - freqtrade.freqtradebot - INFO - User denied entry for SUSHI/USDT:USDT.
2026-09-26 18:13:36,918 - freqtrade.wallets - INFO - Wallets synced.
2026-09-26 18:13:37,078 - freqtrade.freqtradebot - INFO - Long signal found: about create a new trade for SUSHI/USDT:USDT with stake_amount: 0.7148108536413013 and price: 0.273 ...
2026-09-26 18:13:37,079 - freqtrade.freqtradebot - INFO - User denied entry for SUSHI/USDT:USDT.
2026-09-26 18:13:41,915 - freqtrade.wallets - INFO - Wallets synced.
2026-09-26 18:13:42,074 - freqtrade.freqtradebot - INFO - Long signal found: about create a new trade for SUSHI/USDT:USDT with stake_amount: 0.7148108536413013 and price: 0.273 ...
2026-09-26 18:13:42,076 - freqtrade.freqtradebot - INFO - User denied entry for SUSHI/USDT:USDT.
2026-09-26 18:13:46,920 - freqtrade.wallets - INFO - Wallets synced.
2026-09-26 18:13:47,079 - freqtrade.freqtradebot - INFO - Long signal found: about create a new trade for SUSHI/USDT:USDT with stake_amount: 0.7148108536413013 and price: 0.273 ...
2026-09-26 18:13:47,081 - freqtrade.freqtradebot - INFO - User denied entry for SUSHI/USDT:USDT.
2026-09-26 18:13:51,915 - freqtrade.wallets - INFO - Wallets synced.
2026-09-26 18:13:52,077 - freqtrade.freqtradebot - INFO - Long signal found: about create a new trade for SUSHI/USDT:USDT with stake_amount: 0.7148108536413013 and price: 0.273 ...
2026-09-26 18:13:52,079 - freqtrade.freqtradebot - INFO - User denied entry for SUSHI/USDT:USDT.
2026-09-26 18:13:56,918 - freqtrade.wallets - INFO - Wallets synced.
2026-09-26 18:13:57,077 - freqtrade.freqtradebot - INFO - Long signal found: about create a new trade for SUSHI/USDT:USDT with stake_amount: 0.7161200310289226 and price: 0.2735 ...
2026-09-26 18:13:57,079 - freqtrade.freqtradebot - INFO - User denied entry for SUSHI/USDT:USDT.
2026-09-26 18:14:01,915 - freqtrade.wallets - INFO - Wallets synced.
2026-09-26 18:14:02,075 - freqtrade.freqtradebot - INFO - Long signal found: about create a new trade for SUSHI/USDT:USDT with stake_amount: 0.7161200310289226 and price: 0.2735 ...
2026-09-26 18:14:02,077 - freqtrade.freqtradebot - INFO - User denied entry for SUSHI/USDT:USDT.
2026-09-26 18:14:06,916 - freqtrade.wallets - INFO - Wallets synced.
2026-09-26 18:14:07,075 - freqtrade.freqtradebot - INFO - Long signal found: about create a new trade for SUSHI/USDT:USDT with stake_amount: 0.7161200310289226 and price: 0.2735 ...
2026-09-26 18:14:07,077 - freqtrade.freqtradebot - INFO - User denied entry for SUSHI/USDT:USDT.
2026-09-26 18:14:11,082 - freqtrade.worker - INFO - Bot heartbeat. PID=2359, version='2026.7', state='RUNNING'
2026-09-26 18:14:11,918 - freqtrade.wallets - INFO - Wallets synced.
2026-09-26 18:14:12,078 - freqtrade.freqtradebot - INFO - Long signal found: about create a new trade for SUSHI/USDT:USDT with stake_amount: 0.7161200310289226 and price: 0.2735 ...
2026-09-26 18:14:12,079 - freqtrade.freqtradebot - INFO - User denied entry for SUSHI/USDT:USDT.
2026-09-26 18:14:16,919 - freqtrade.wallets - INFO - Wallets synced.
2026-09-26 18:14:17,079 - freqtrade.freqtradebot - INFO - Long signal found: about create a new trade for SUSHI/USDT:USDT with stake_amount: 0.7161200310289226 and price: 0.2735 ...
2026-09-26 18:14:17,080 - freqtrade.freqtradebot - INFO - User denied entry for SUSHI/USDT:USDT.
2026-09-26 18:14:21,916 - freqtrade.wallets - INFO - Wallets synced.
2026-09-26 18:14:22,076 - freqtrade.freqtradebot - INFO - Long signal found: about create a new trade for SUSHI/USDT:USDT with stake_amount: 0.7161200310289226 and price: 0.2735 ...
2026-09-26 18:14:22,077 - freqtrade.freqtradebot - INFO - User denied entry for SUSHI/USDT:USDT.
2026-09-26 18:14:26,921 - freqtrade.wallets - INFO - Wallets synced.
2026-09-26 18:14:27,080 - freqtrade.freqtradebot - INFO - Long signal found: about create a new trade for SUSHI/USDT:USDT with stake_amount: 0.7169055374614954 and price: 0.2738 ...
2026-09-26 18:14:27,081 - freqtrade.freqtradebot - INFO - User denied entry for SUSHI/USDT:USDT.
2026-09-26 18:14:31,933 - freqtrade.wallets - INFO - Wallets synced.
2026-09-26 18:14:32,093 - freqtrade.freqtradebot - INFO - Long signal found: about create a new trade for SUSHI/USDT:USDT with stake_amount: 0.7166437019839712 and price: 0.2737 ...
2026-09-26 18:14:32,094 - freqtrade.freqtradebot - INFO - User denied entry for SUSHI/USDT:USDT.
2026-09-26 18:14:36,917 - freqtrade.wallets - INFO - Wallets synced.
2026-09-26 18:14:37,077 - freqtrade.freqtradebot - INFO - Long signal found: about create a new trade for SUSHI/USDT:USDT with stake_amount: 0.7166437019839712 and price: 0.2737 ...
2026-09-26 18:14:37,078 - freqtrade.freqtradebot - INFO - User denied entry for SUSHI/USDT:USDT.
2026-09-26 18:14:41,916 - freqtrade.wallets - INFO - Wallets synced.
2026-09-26 18:14:42,076 - freqtrade.freqtradebot - INFO - Long signal found: about create a new trade for SUSHI/USDT:USDT with stake_amount: 0.716381866506447 and price: 0.2736 ...
2026-09-26 18:14:42,077 - freqtrade.freqtradebot - INFO - User denied entry for SUSHI/USDT:USDT.
2026-09-26 18:14:46,922 - freqtrade.wallets - INFO - Wallets synced.
2026-09-26 18:14:47,081 - freqtrade.freqtradebot - INFO - Long signal found: about create a new trade for SUSHI/USDT:USDT with stake_amount: 0.716381866506447 and price: 0.2736 ...
2026-09-26 18:14:47,083 - freqtrade.freqtradebot - INFO - User denied entry for SUSHI/USDT:USDT.
2026-09-26 18:14:51,974 - freqtrade.wallets - INFO - Wallets synced.
2026-09-26 18:14:52,137 - freqtrade.freqtradebot - INFO - Long signal found: about create a new trade for SUSHI/USDT:USDT with stake_amount: 0.7158581955513983 and price: 0.2734 ...
2026-09-26 18:14:52,139 - freqtrade.freqtradebot - INFO - User denied entry for SUSHI/USDT:USDT.
2026-09-26 18:14:56,919 - freqtrade.wallets - INFO - Wallets synced.
2026-09-26 18:14:57,078 - freqtrade.freqtradebot - INFO - Long signal found: about create a new trade for SUSHI/USDT:USDT with stake_amount: 0.7158581955513983 and price: 0.2734 ...
2026-09-26 18:14:57,079 - freqtrade.freqtradebot - INFO - User denied entry for SUSHI/USDT:USDT.
2026-09-26 18:15:01,924 - freqtrade.wallets - INFO - Wallets synced.
2026-09-26 18:15:02,083 - freqtrade.freqtradebot - INFO - Long signal found: about create a new trade for SUSHI/USDT:USDT with stake_amount: 0.7158581955513983 and price: 0.2734 ...
2026-09-26 18:15:02,085 - freqtrade.freqtradebot - INFO - User denied entry for SUSHI/USDT:USDT.
2026-09-26 18:15:06,920 - freqtrade.wallets - INFO - Wallets synced.
2026-09-26 18:15:07,079 - freqtrade.freqtradebot - INFO - Long signal found: about create a new trade for SUSHI/USDT:USDT with stake_amount: 0.7153345245963497 and price: 0.2732 ...
2026-09-26 18:15:07,081 - freqtrade.freqtradebot - INFO - User denied entry for SUSHI/USDT:USDT.
2026-09-26 18:15:11,085 - freqtrade.worker - INFO - Bot heartbeat. PID=2359, version='2026.7', state='RUNNING'
2026-09-26 18:15:11,923 - freqtrade.wallets - INFO - Wallets synced.
2026-09-26 18:15:12,084 - freqtrade.freqtradebot - INFO - Long signal found: about create a new trade for SUSHI/USDT:USDT with stake_amount: 0.7150726891188256 and price: 0.2731 ...
2026-09-26 18:15:12,085 - freqtrade.freqtradebot - INFO - User denied entry for SUSHI/USDT:USDT.
2026-09-26 18:15:16,922 - freqtrade.wallets - INFO - Wallets synced.
2026-09-26 18:15:17,081 - freqtrade.freqtradebot - INFO - Long signal found: about create a new trade for SUSHI/USDT:USDT with stake_amount: 0.7161200310289226 and price: 0.2735 ...
2026-09-26 18:15:17,083 - freqtrade.freqtradebot - INFO - User denied entry for SUSHI/USDT:USDT.
2026-09-26 18:15:21,924 - freqtrade.wallets - INFO - Wallets synced.
2026-09-26 18:15:22,083 - freqtrade.freqtradebot - INFO - Long signal found: about create a new trade for SUSHI/USDT:USDT with stake_amount: 0.7155963600738741 and price: 0.2733 ...
2026-09-26 18:15:22,085 - freqtrade.freqtradebot - INFO - User denied entry for SUSHI/USDT:USDT.
2026-09-26 18:15:26,924 - freqtrade.wallets - INFO - Wallets synced.
2026-09-26 18:15:27,084 - freqtrade.freqtradebot - INFO - Long signal found: about create a new trade for SUSHI/USDT:USDT with stake_amount: 0.7155963600738741 and price: 0.2733 ...
2026-09-26 18:15:27,085 - freqtrade.freqtradebot - INFO - User denied entry for SUSHI/USDT:USDT.
2026-09-26 18:15:31,922 - freqtrade.wallets - INFO - Wallets synced.
2026-09-26 18:15:32,082 - freqtrade.freqtradebot - INFO - Long signal found: about create a new trade for SUSHI/USDT:USDT with stake_amount: 0.7153345245963497 and price: 0.2732 ...
2026-09-26 18:15:32,083 - freqtrade.freqtradebot - INFO - User denied entry for SUSHI/USDT:USDT.
2026-09-26 18:15:36,922 - freqtrade.wallets - INFO - Wallets synced.
2026-09-26 18:15:37,082 - freqtrade.freqtradebot - INFO - Long signal found: about create a new trade for SUSHI/USDT:USDT with stake_amount: 0.7176910438940683 and price: 0.2741 ...
2026-09-26 18:15:37,083 - freqtrade.freqtradebot - INFO - User denied entry for SUSHI/USDT:USDT.
2026-09-26 18:15:41,921 - freqtrade.wallets - INFO - Wallets synced.
2026-09-26 18:15:42,082 - freqtrade.freqtradebot - INFO - Long signal found: about create a new trade for SUSHI/USDT:USDT with stake_amount: 0.7171673729390198 and price: 0.2739 ...
2026-09-26 18:15:42,083 - freqtrade.freqtradebot - INFO - User denied entry for SUSHI/USDT:USDT.
2026-09-26 18:15:46,922 - freqtrade.wallets - INFO - Wallets synced.
2026-09-26 18:15:47,081 - freqtrade.freqtradebot - INFO - Long signal found: about create a new trade for SUSHI/USDT:USDT with stake_amount: 0.7171673729390198 and price: 0.2739 ...
2026-09-26 18:15:47,083 - freqtrade.freqtradebot - INFO - User denied entry for SUSHI/USDT:USDT.
2026-09-26 18:15:51,921 - freqtrade.wallets - INFO - Wallets synced.
2026-09-26 18:15:52,085 - freqtrade.freqtradebot - INFO - Long signal found: about create a new trade for SUSHI/USDT:USDT with stake_amount: 0.7174292084165441 and price: 0.274 ...
2026-09-26 18:15:52,086 - freqtrade.freqtradebot - INFO - User denied entry for SUSHI/USDT:USDT.
2026-09-26 18:15:56,921 - freqtrade.wallets - INFO - Wallets synced.
2026-09-26 18:15:57,081 - freqtrade.freqtradebot - INFO - Long signal found: about create a new trade for SUSHI/USDT:USDT with stake_amount: 0.7174292084165441 and price: 0.274 ...
2026-09-26 18:15:57,083 - freqtrade.freqtradebot - INFO - User denied entry for SUSHI/USDT:USDT.
2026-09-26 18:16:01,923 - freqtrade.wallets - INFO - Wallets synced.
2026-09-26 18:16:02,083 - freqtrade.freqtradebot - INFO - Long signal found: about create a new trade for SUSHI/USDT:USDT with stake_amount: 0.7174292084165441 and price: 0.274 ...
2026-09-26 18:16:02,084 - freqtrade.freqtradebot - INFO - User denied entry for SUSHI/USDT:USDT.
2026-09-26 18:16:06,923 - freqtrade.wallets - INFO - Wallets synced.
2026-09-26 18:16:07,082 - freqtrade.freqtradebot - INFO - Long signal found: about create a new trade for SUSHI/USDT:USDT with stake_amount: 0.7176910438940683 and price: 0.2741 ...
2026-09-26 18:16:07,084 - freqtrade.freqtradebot - INFO - User denied entry for SUSHI/USDT:USDT.
2026-09-26 18:16:11,087 - freqtrade.worker - INFO - Bot heartbeat. PID=2359, version='2026.7', state='RUNNING'
2026-09-26 18:16:11,926 - freqtrade.wallets - INFO - Wallets synced.
2026-09-26 18:16:12,088 - freqtrade.freqtradebot - INFO - Long signal found: about create a new trade for SUSHI/USDT:USDT with stake_amount: 0.7176910438940683 and price: 0.2741 ...
2026-09-26 18:16:12,089 - freqtrade.freqtradebot - INFO - User denied entry for SUSHI/USDT:USDT.
2026-09-26 18:16:16,923 - freqtrade.wallets - INFO - Wallets synced.
2026-09-26 18:16:17,082 - freqtrade.freqtradebot - INFO - Long signal found: about create a new trade for SUSHI/USDT:USDT with stake_amount: 0.7176910438940683 and price: 0.2741 ...
2026-09-26 18:16:17,084 - freqtrade.freqtradebot - INFO - User denied entry for SUSHI/USDT:USDT.
2026-09-26 18:16:21,923 - freqtrade.wallets - INFO - Wallets synced.
2026-09-26 18:16:22,083 - freqtrade.freqtradebot - INFO - Long signal found: about create a new trade for SUSHI/USDT:USDT with stake_amount: 0.7184765503266412 and price: 0.2744 ...
2026-09-26 18:16:22,084 - freqtrade.freqtradebot - INFO - User denied entry for SUSHI/USDT:USDT.
2026-09-26 18:16:26,931 - freqtrade.wallets - INFO - Wallets synced.
2026-09-26 18:16:27,090 - freqtrade.freqtradebot - INFO - Long signal found: about create a new trade for SUSHI/USDT:USDT with stake_amount: 0.7184765503266412 and price: 0.2744 ...
2026-09-26 18:16:27,091 - freqtrade.freqtradebot - INFO - User denied entry for SUSHI/USDT:USDT.
2026-09-26 18:16:31,925 - freqtrade.wallets - INFO - Wallets synced.
2026-09-26 18:16:32,084 - freqtrade.freqtradebot - INFO - Long signal found: about create a new trade for SUSHI/USDT:USDT with stake_amount: 0.7184765503266412 and price: 0.2744 ...
2026-09-26 18:16:32,086 - freqtrade.freqtradebot - INFO - User denied entry for SUSHI/USDT:USDT.
2026-09-26 18:16:36,927 - freqtrade.wallets - INFO - Wallets synced.
2026-09-26 18:16:37,086 - freqtrade.freqtradebot - INFO - Long signal found: about create a new trade for SUSHI/USDT:USDT with stake_amount: 0.7184765503266412 and price: 0.2744 ...
2026-09-26 18:16:37,088 - freqtrade.freqtradebot - INFO - User denied entry for SUSHI/USDT:USDT.
2026-09-26 18:16:41,926 - freqtrade.wallets - INFO - Wallets synced.
2026-09-26 18:16:42,095 - freqtrade.freqtradebot - INFO - Long signal found: about create a new trade for SUSHI/USDT:USDT with stake_amount: 0.7187383858041656 and price: 0.2745 ...
2026-09-26 18:16:42,097 - freqtrade.freqtradebot - INFO - User denied entry for SUSHI/USDT:USDT.
2026-09-26 18:16:46,930 - freqtrade.wallets - INFO - Wallets synced.
2026-09-26 18:16:47,089 - freqtrade.freqtradebot - INFO - Long signal found: about create a new trade for SUSHI/USDT:USDT with stake_amount: 0.7184765503266412 and price: 0.2744 ...
2026-09-26 18:16:47,091 - freqtrade.freqtradebot - INFO - User denied entry for SUSHI/USDT:USDT.
2026-09-26 18:16:51,925 - freqtrade.wallets - INFO - Wallets synced.
2026-09-26 18:16:52,084 - freqtrade.freqtradebot - INFO - Long signal found: about create a new trade for SUSHI/USDT:USDT with stake_amount: 0.7197857277142626 and price: 0.2749 ...
2026-09-26 18:16:52,086 - freqtrade.freqtradebot - INFO - User denied entry for SUSHI/USDT:USDT.
2026-09-26 18:16:56,924 - freqtrade.wallets - INFO - Wallets synced.
2026-09-26 18:16:57,083 - freqtrade.freqtradebot - INFO - Long signal found: about create a new trade for SUSHI/USDT:USDT with stake_amount: 0.7205712341468355 and price: 0.2752 ...
2026-09-26 18:16:57,085 - freqtrade.freqtradebot - INFO - User denied entry for SUSHI/USDT:USDT.
2026-09-26 18:17:01,929 - freqtrade.wallets - INFO - Wallets synced.
2026-09-26 18:17:02,088 - freqtrade.freqtradebot - INFO - Long signal found: about create a new trade for SUSHI/USDT:USDT with stake_amount: 0.7197857277142626 and price: 0.2749 ...
2026-09-26 18:17:02,089 - freqtrade.freqtradebot - INFO - User denied entry for SUSHI/USDT:USDT.
2026-09-26 18:17:06,925 - freqtrade.wallets - INFO - Wallets synced.
2026-09-26 18:17:07,086 - freqtrade.freqtradebot - INFO - Long signal found: about create a new trade for SUSHI/USDT:USDT with stake_amount: 0.7200475631917871 and price: 0.275 ...
2026-09-26 18:17:07,088 - freqtrade.freqtradebot - INFO - User denied entry for SUSHI/USDT:USDT.
2026-09-26 18:17:11,090 - freqtrade.worker - INFO - Bot heartbeat. PID=2359, version='2026.7', state='RUNNING'
2026-09-26 18:17:11,931 - freqtrade.wallets - INFO - Wallets synced.
2026-09-26 18:17:12,091 - freqtrade.freqtradebot - INFO - Long signal found: about create a new trade for SUSHI/USDT:USDT with stake_amount: 0.7200475631917871 and price: 0.275 ...
2026-09-26 18:17:12,092 - freqtrade.freqtradebot - INFO - User denied entry for SUSHI/USDT:USDT.
2026-09-26 18:17:16,926 - freqtrade.wallets - INFO - Wallets synced.
2026-09-26 18:17:17,086 - freqtrade.freqtradebot - INFO - Long signal found: about create a new trade for SUSHI/USDT:USDT with stake_amount: 0.7200475631917871 and price: 0.275 ...
2026-09-26 18:17:17,088 - freqtrade.freqtradebot - INFO - User denied entry for SUSHI/USDT:USDT.
2026-09-26 18:17:21,937 - freqtrade.wallets - INFO - Wallets synced.
2026-09-26 18:17:22,098 - freqtrade.freqtradebot - INFO - Long signal found: about create a new trade for SUSHI/USDT:USDT with stake_amount: 0.7200475631917871 and price: 0.275 ...
2026-09-26 18:17:22,100 - freqtrade.freqtradebot - INFO - User denied entry for SUSHI/USDT:USDT.
2026-09-26 18:17:26,935 - freqtrade.wallets - INFO - Wallets synced.
2026-09-26 18:17:27,095 - freqtrade.freqtradebot - INFO - Long signal found: about create a new trade for SUSHI/USDT:USDT with stake_amount: 0.7200475631917871 and price: 0.275 ...
2026-09-26 18:17:27,096 - freqtrade.freqtradebot - INFO - User denied entry for SUSHI/USDT:USDT.
2026-09-26 18:17:31,929 - freqtrade.wallets - INFO - Wallets synced.
2026-09-26 18:17:32,090 - freqtrade.freqtradebot - INFO - Long signal found: about create a new trade for SUSHI/USDT:USDT with stake_amount: 0.7205712341468355 and price: 0.2752 ...
2026-09-26 18:17:32,091 - freqtrade.freqtradebot - INFO - User denied entry for SUSHI/USDT:USDT.
2026-09-26 18:17:36,930 - freqtrade.wallets - INFO - Wallets synced.
2026-09-26 18:17:37,089 - freqtrade.freqtradebot - INFO - Long signal found: about create a new trade for SUSHI/USDT:USDT with stake_amount: 0.7200475631917871 and price: 0.275 ...
2026-09-26 18:17:37,091 - freqtrade.freqtradebot - INFO - User denied entry for SUSHI/USDT:USDT.
2026-09-26 18:17:41,928 - freqtrade.wallets - INFO - Wallets synced.
2026-09-26 18:17:42,094 - freqtrade.freqtradebot - INFO - Long signal found: about create a new trade for SUSHI/USDT:USDT with stake_amount: 0.7200475631917871 and price: 0.275 ...
2026-09-26 18:17:42,095 - freqtrade.freqtradebot - INFO - User denied entry for SUSHI/USDT:USDT.
2026-09-26 18:17:46,930 - freqtrade.wallets - INFO - Wallets synced.
2026-09-26 18:17:47,089 - freqtrade.freqtradebot - INFO - Long signal found: about create a new trade for SUSHI/USDT:USDT with stake_amount: 0.7200475631917871 and price: 0.275 ...
2026-09-26 18:17:47,091 - freqtrade.freqtradebot - INFO - User denied entry for SUSHI/USDT:USDT.
2026-09-26 18:17:51,927 - freqtrade.wallets - INFO - Wallets synced.
2026-09-26 18:17:52,089 - freqtrade.freqtradebot - INFO - Long signal found: about create a new trade for SUSHI/USDT:USDT with stake_amount: 0.7200475631917871 and price: 0.275 ...
2026-09-26 18:17:52,090 - freqtrade.freqtradebot - INFO - User denied entry for SUSHI/USDT:USDT.
2026-09-26 18:17:56,931 - freqtrade.wallets - INFO - Wallets synced.
2026-09-26 18:17:57,090 - freqtrade.freqtradebot - INFO - Long signal found: about create a new trade for SUSHI/USDT:USDT with stake_amount: 0.7200475631917871 and price: 0.275 ...
2026-09-26 18:17:57,092 - freqtrade.freqtradebot - INFO - User denied entry for SUSHI/USDT:USDT.
2026-09-26 18:18:01,928 - freqtrade.wallets - INFO - Wallets synced.
2026-09-26 18:18:02,088 - freqtrade.freqtradebot - INFO - Long signal found: about create a new trade for SUSHI/USDT:USDT with stake_amount: 0.7197857277142626 and price: 0.2749 ...
2026-09-26 18:18:02,089 - freqtrade.freqtradebot - INFO - User denied entry for SUSHI/USDT:USDT.
2026-09-26 18:18:06,929 - freqtrade.wallets - INFO - Wallets synced.
2026-09-26 18:18:07,089 - freqtrade.freqtradebot - INFO - Long signal found: about create a new trade for SUSHI/USDT:USDT with stake_amount: 0.7197857277142626 and price: 0.2749 ...
2026-09-26 18:18:07,090 - freqtrade.freqtradebot - INFO - User denied entry for SUSHI/USDT:USDT.
2026-09-26 18:18:11,093 - freqtrade.worker - INFO - Bot heartbeat. PID=2359, version='2026.7', state='RUNNING'
2026-09-26 18:18:11,935 - freqtrade.wallets - INFO - Wallets synced.
2026-09-26 18:18:12,094 - freqtrade.freqtradebot - INFO - Long signal found: about create a new trade for SUSHI/USDT:USDT with stake_amount: 0.7197857277142626 and price: 0.2749 ...
2026-09-26 18:18:12,096 - freqtrade.freqtradebot - INFO - User denied entry for SUSHI/USDT:USDT.
2026-09-26 18:18:16,931 - freqtrade.wallets - INFO - Wallets synced.
2026-09-26 18:18:17,091 - freqtrade.freqtradebot - INFO - Long signal found: about create a new trade for SUSHI/USDT:USDT with stake_amount: 0.7197857277142626 and price: 0.2749 ...
2026-09-26 18:18:17,092 - freqtrade.freqtradebot - INFO - User denied entry for SUSHI/USDT:USDT.
2026-09-26 18:18:21,931 - freqtrade.wallets - INFO - Wallets synced.
2026-09-26 18:18:22,091 - freqtrade.freqtradebot - INFO - Long signal found: about create a new trade for SUSHI/USDT:USDT with stake_amount: 0.7203093986693113 and price: 0.2751 ...
2026-09-26 18:18:22,092 - freqtrade.freqtradebot - INFO - User denied entry for SUSHI/USDT:USDT.
2026-09-26 18:18:26,932 - freqtrade.wallets - INFO - Wallets synced.
2026-09-26 18:18:27,092 - freqtrade.freqtradebot - INFO - Long signal found: about create a new trade for SUSHI/USDT:USDT with stake_amount: 0.7203093986693113 and price: 0.2751 ...
2026-09-26 18:18:27,093 - freqtrade.freqtradebot - INFO - User denied entry for SUSHI/USDT:USDT.
2026-09-26 18:18:31,930 - freqtrade.wallets - INFO - Wallets synced.
2026-09-26 18:18:32,089 - freqtrade.freqtradebot - INFO - Long signal found: about create a new trade for SUSHI/USDT:USDT with stake_amount: 0.7195238922367383 and price: 0.2748 ...
2026-09-26 18:18:32,091 - freqtrade.freqtradebot - INFO - User denied entry for SUSHI/USDT:USDT.
2026-09-26 18:18:36,939 - freqtrade.wallets - INFO - Wallets synced.
2026-09-26 18:18:37,098 - freqtrade.freqtradebot - INFO - Long signal found: about create a new trade for SUSHI/USDT:USDT with stake_amount: 0.7190002212816898 and price: 0.2746 ...
2026-09-26 18:18:37,099 - freqtrade.freqtradebot - INFO - User denied entry for SUSHI/USDT:USDT.
2026-09-26 18:18:41,935 - freqtrade.wallets - INFO - Wallets synced.
2026-09-26 18:18:42,094 - freqtrade.freqtradebot - INFO - Long signal found: about create a new trade for SUSHI/USDT:USDT with stake_amount: 0.7190002212816898 and price: 0.2746 ...
2026-09-26 18:18:42,096 - freqtrade.freqtradebot - INFO - User denied entry for SUSHI/USDT:USDT.
2026-09-26 18:18:46,932 - freqtrade.wallets - INFO - Wallets synced.
2026-09-26 18:18:47,091 - freqtrade.freqtradebot - INFO - Long signal found: about create a new trade for SUSHI/USDT:USDT with stake_amount: 0.7182147148491169 and price: 0.2743 ...
2026-09-26 18:18:47,093 - freqtrade.freqtradebot - INFO - User denied entry for SUSHI/USDT:USDT.
2026-09-26 18:18:51,938 - freqtrade.wallets - INFO - Wallets synced.
2026-09-26 18:18:52,099 - freqtrade.freqtradebot - INFO - Long signal found: about create a new trade for SUSHI/USDT:USDT with stake_amount: 0.7182147148491169 and price: 0.2743 ...
2026-09-26 18:18:52,100 - freqtrade.freqtradebot - INFO - User denied entry for SUSHI/USDT:USDT.
2026-09-26 18:18:56,930 - freqtrade.wallets - INFO - Wallets synced.
2026-09-26 18:18:57,089 - freqtrade.freqtradebot - INFO - Long signal found: about create a new trade for SUSHI/USDT:USDT with stake_amount: 0.7182147148491169 and price: 0.2743 ...
2026-09-26 18:18:57,091 - freqtrade.freqtradebot - INFO - User denied entry for SUSHI/USDT:USDT.
2026-09-26 18:19:01,929 - freqtrade.wallets - INFO - Wallets synced.
2026-09-26 18:19:02,089 - freqtrade.freqtradebot - INFO - Long signal found: about create a new trade for SUSHI/USDT:USDT with stake_amount: 0.7184765503266412 and price: 0.2744 ...
2026-09-26 18:19:02,090 - freqtrade.freqtradebot - INFO - User denied entry for SUSHI/USDT:USDT.
2026-09-26 18:19:06,931 - freqtrade.wallets - INFO - Wallets synced.
2026-09-26 18:19:07,090 - freqtrade.freqtradebot - INFO - Long signal found: about create a new trade for SUSHI/USDT:USDT with stake_amount: 0.7195238922367383 and price: 0.2748 ...
2026-09-26 18:19:07,091 - freqtrade.freqtradebot - INFO - User denied entry for SUSHI/USDT:USDT.
2026-09-26 18:19:11,096 - freqtrade.worker - INFO - Bot heartbeat. PID=2359, version='2026.7', state='RUNNING'
2026-09-26 18:19:11,930 - freqtrade.wallets - INFO - Wallets synced.
2026-09-26 18:19:12,091 - freqtrade.freqtradebot - INFO - Long signal found: about create a new trade for SUSHI/USDT:USDT with stake_amount: 0.7187383858041656 and price: 0.2745 ...
2026-09-26 18:19:12,093 - freqtrade.freqtradebot - INFO - User denied entry for SUSHI/USDT:USDT.
2026-09-26 18:19:16,932 - freqtrade.wallets - INFO - Wallets synced.
2026-09-26 18:19:17,091 - freqtrade.freqtradebot - INFO - Long signal found: about create a new trade for SUSHI/USDT:USDT with stake_amount: 0.7187383858041656 and price: 0.2745 ...
2026-09-26 18:19:17,093 - freqtrade.freqtradebot - INFO - User denied entry for SUSHI/USDT:USDT.
2026-09-26 18:19:21,938 - freqtrade.wallets - INFO - Wallets synced.
2026-09-26 18:19:22,097 - freqtrade.freqtradebot - INFO - Long signal found: about create a new trade for SUSHI/USDT:USDT with stake_amount: 0.7187383858041656 and price: 0.2745 ...
2026-09-26 18:19:22,098 - freqtrade.freqtradebot - INFO - User denied entry for SUSHI/USDT:USDT.
2026-09-26 18:19:26,932 - freqtrade.wallets - INFO - Wallets synced.
2026-09-26 18:19:27,101 - freqtrade.freqtradebot - INFO - Long signal found: about create a new trade for SUSHI/USDT:USDT with stake_amount: 0.7187383858041656 and price: 0.2745 ...
2026-09-26 18:19:27,102 - freqtrade.freqtradebot - INFO - User denied entry for SUSHI/USDT:USDT.
2026-09-26 18:19:31,931 - freqtrade.wallets - INFO - Wallets synced.
2026-09-26 18:19:32,090 - freqtrade.freqtradebot - INFO - Long signal found: about create a new trade for SUSHI/USDT:USDT with stake_amount: 0.7190002212816898 and price: 0.2746 ...
2026-09-26 18:19:32,092 - freqtrade.freqtradebot - INFO - User denied entry for SUSHI/USDT:USDT.
2026-09-26 18:19:36,933 - freqtrade.wallets - INFO - Wallets synced.
2026-09-26 18:19:37,092 - freqtrade.freqtradebot - INFO - Long signal found: about create a new trade for SUSHI/USDT:USDT with stake_amount: 0.7192620567592141 and price: 0.2747 ...
2026-09-26 18:19:37,094 - freqtrade.freqtradebot - INFO - User denied entry for SUSHI/USDT:USDT.
2026-09-26 18:19:41,931 - freqtrade.wallets - INFO - Wallets synced.
2026-09-26 18:19:42,094 - freqtrade.freqtradebot - INFO - Long signal found: about create a new trade for SUSHI/USDT:USDT with stake_amount: 0.7195238922367383 and price: 0.2748 ...
2026-09-26 18:19:42,096 - freqtrade.freqtradebot - INFO - User denied entry for SUSHI/USDT:USDT.
2026-09-26 18:19:46,932 - freqtrade.wallets - INFO - Wallets synced.
2026-09-26 18:19:47,092 - freqtrade.freqtradebot - INFO - Long signal found: about create a new trade for SUSHI/USDT:USDT with stake_amount: 0.7195238922367383 and price: 0.2748 ...
2026-09-26 18:19:47,094 - freqtrade.freqtradebot - INFO - User denied entry for SUSHI/USDT:USDT.
2026-09-26 18:19:51,935 - freqtrade.wallets - INFO - Wallets synced.
2026-09-26 18:19:52,094 - freqtrade.freqtradebot - INFO - Long signal found: about create a new trade for SUSHI/USDT:USDT with stake_amount: 0.7195238922367383 and price: 0.2748 ...
2026-09-26 18:19:52,096 - freqtrade.freqtradebot - INFO - User denied entry for SUSHI/USDT:USDT.
2026-09-26 18:19:56,934 - freqtrade.wallets - INFO - Wallets synced.
2026-09-26 18:19:57,093 - freqtrade.freqtradebot - INFO - Long signal found: about create a new trade for SUSHI/USDT:USDT with stake_amount: 0.7195238922367383 and price: 0.2748 ...
2026-09-26 18:19:57,094 - freqtrade.freqtradebot - INFO - User denied entry for SUSHI/USDT:USDT.
2026-09-26 18:20:01,937 - freqtrade.wallets - INFO - Wallets synced.
2026-09-26 18:20:02,097 - freqtrade.freqtradebot - INFO - Long signal found: about create a new trade for SUSHI/USDT:USDT with stake_amount: 0.7195238922367383 and price: 0.2748 ...
2026-09-26 18:20:02,098 - freqtrade.freqtradebot - INFO - User denied entry for SUSHI/USDT:USDT.
2026-09-26 18:20:06,936 - freqtrade.wallets - INFO - Wallets synced.
2026-09-26 18:20:07,096 - freqtrade.freqtradebot - INFO - Long signal found: about create a new trade for SUSHI/USDT:USDT with stake_amount: 0.7192620567592141 and price: 0.2747 ...
2026-09-26 18:20:07,097 - freqtrade.freqtradebot - INFO - User denied entry for SUSHI/USDT:USDT.
2026-09-26 18:20:11,099 - freqtrade.worker - INFO - Bot heartbeat. PID=2359, version='2026.7', state='RUNNING'
2026-09-26 18:20:11,941 - freqtrade.wallets - INFO - Wallets synced.
2026-09-26 18:20:12,101 - freqtrade.freqtradebot - INFO - Long signal found: about create a new trade for SUSHI/USDT:USDT with stake_amount: 0.7192620567592141 and price: 0.2747 ...
2026-09-26 18:20:12,102 - freqtrade.freqtradebot - INFO - User denied entry for SUSHI/USDT:USDT.
2026-09-26 18:20:16,937 - freqtrade.wallets - INFO - Wallets synced.
2026-09-26 18:20:17,097 - freqtrade.freqtradebot - INFO - Long signal found: about create a new trade for SUSHI/USDT:USDT with stake_amount: 0.7192620567592141 and price: 0.2747 ...
2026-09-26 18:20:17,099 - freqtrade.freqtradebot - INFO - User denied entry for SUSHI/USDT:USDT.
2026-09-26 18:20:21,935 - freqtrade.wallets - INFO - Wallets synced.
2026-09-26 18:20:22,095 - freqtrade.freqtradebot - INFO - Long signal found: about create a new trade for SUSHI/USDT:USDT with stake_amount: 0.7187383858041656 and price: 0.2745 ...
2026-09-26 18:20:22,096 - freqtrade.freqtradebot - INFO - User denied entry for SUSHI/USDT:USDT.
2026-09-26 18:20:26,937 - freqtrade.wallets - INFO - Wallets synced.
2026-09-26 18:20:27,096 - freqtrade.freqtradebot - INFO - Long signal found: about create a new trade for SUSHI/USDT:USDT with stake_amount: 0.7187383858041656 and price: 0.2745 ...
2026-09-26 18:20:27,098 - freqtrade.freqtradebot - INFO - User denied entry for SUSHI/USDT:USDT.
2026-09-26 18:20:31,937 - freqtrade.wallets - INFO - Wallets synced.
2026-09-26 18:20:32,096 - freqtrade.freqtradebot - INFO - Long signal found: about create a new trade for SUSHI/USDT:USDT with stake_amount: 0.7190002212816898 and price: 0.2746 ...
2026-09-26 18:20:32,098 - freqtrade.freqtradebot - INFO - User denied entry for SUSHI/USDT:USDT.
2026-09-26 18:20:36,935 - freqtrade.wallets - INFO - Wallets synced.
2026-09-26 18:20:37,094 - freqtrade.freqtradebot - INFO - Long signal found: about create a new trade for SUSHI/USDT:USDT with stake_amount: 0.7187383858041656 and price: 0.2745 ...
2026-09-26 18:20:37,096 - freqtrade.freqtradebot - INFO - User denied entry for SUSHI/USDT:USDT.
2026-09-26 18:20:41,943 - freqtrade.wallets - INFO - Wallets synced.
2026-09-26 18:20:42,102 - freqtrade.freqtradebot - INFO - Long signal found: about create a new trade for SUSHI/USDT:USDT with stake_amount: 0.7187383858041656 and price: 0.2745 ...
2026-09-26 18:20:42,104 - freqtrade.freqtradebot - INFO - User denied entry for SUSHI/USDT:USDT.
2026-09-26 18:20:46,940 - freqtrade.wallets - INFO - Wallets synced.
2026-09-26 18:20:47,100 - freqtrade.freqtradebot - INFO - Long signal found: about create a new trade for SUSHI/USDT:USDT with stake_amount: 0.7187383858041656 and price: 0.2745 ...
2026-09-26 18:20:47,102 - freqtrade.freqtradebot - INFO - User denied entry for SUSHI/USDT:USDT.
2026-09-26 18:20:51,939 - freqtrade.wallets - INFO - Wallets synced.
2026-09-26 18:20:52,098 - freqtrade.freqtradebot - INFO - Long signal found: about create a new trade for SUSHI/USDT:USDT with stake_amount: 0.7187383858041656 and price: 0.2745 ...
2026-09-26 18:20:52,100 - freqtrade.freqtradebot - INFO - User denied entry for SUSHI/USDT:USDT.
2026-09-26 18:20:56,939 - freqtrade.wallets - INFO - Wallets synced.
2026-09-26 18:20:57,098 - freqtrade.freqtradebot - INFO - Long signal found: about create a new trade for SUSHI/USDT:USDT with stake_amount: 0.7187383858041656 and price: 0.2745 ...
2026-09-26 18:20:57,100 - freqtrade.freqtradebot - INFO - User denied entry for SUSHI/USDT:USDT.
2026-09-26 18:21:01,938 - freqtrade.wallets - INFO - Wallets synced.
2026-09-26 18:21:02,098 - freqtrade.freqtradebot - INFO - Long signal found: about create a new trade for SUSHI/USDT:USDT with stake_amount: 0.7187383858041656 and price: 0.2745 ...
2026-09-26 18:21:02,099 - freqtrade.freqtradebot - INFO - User denied entry for SUSHI/USDT:USDT.
2026-09-26 18:21:06,941 - freqtrade.wallets - INFO - Wallets synced.
2026-09-26 18:21:07,100 - freqtrade.freqtradebot - INFO - Long signal found: about create a new trade for SUSHI/USDT:USDT with stake_amount: 0.7187383858041656 and price: 0.2745 ...
2026-09-26 18:21:07,102 - freqtrade.freqtradebot - INFO - User denied entry for SUSHI/USDT:USDT.
2026-09-26 18:21:11,102 - freqtrade.worker - INFO - Bot heartbeat. PID=2359, version='2026.7', state='RUNNING'
2026-09-26 18:21:11,940 - freqtrade.wallets - INFO - Wallets synced.
2026-09-26 18:21:12,102 - freqtrade.freqtradebot - INFO - Long signal found: about create a new trade for SUSHI/USDT:USDT with stake_amount: 0.7197857277142626 and price: 0.2749 ...
2026-09-26 18:21:12,103 - freqtrade.freqtradebot - INFO - User denied entry for SUSHI/USDT:USDT.
2026-09-26 18:21:16,941 - freqtrade.wallets - INFO - Wallets synced.
2026-09-26 18:21:17,101 - freqtrade.freqtradebot - INFO - Long signal found: about create a new trade for SUSHI/USDT:USDT with stake_amount: 0.7205712341468355 and price: 0.2752 ...
2026-09-26 18:21:17,103 - freqtrade.freqtradebot - INFO - User denied entry for SUSHI/USDT:USDT.
2026-09-26 18:21:21,939 - freqtrade.wallets - INFO - Wallets synced.
2026-09-26 18:21:22,098 - freqtrade.freqtradebot - INFO - Long signal found: about create a new trade for SUSHI/USDT:USDT with stake_amount: 0.7205712341468355 and price: 0.2752 ...
2026-09-26 18:21:22,100 - freqtrade.freqtradebot - INFO - User denied entry for SUSHI/USDT:USDT.
2026-09-26 18:21:26,942 - freqtrade.wallets - INFO - Wallets synced.
2026-09-26 18:21:27,107 - freqtrade.freqtradebot - INFO - Long signal found: about create a new trade for SUSHI/USDT:USDT with stake_amount: 0.7205712341468355 and price: 0.2752 ...
2026-09-26 18:21:27,108 - freqtrade.freqtradebot - INFO - User denied entry for SUSHI/USDT:USDT.
2026-09-26 18:21:31,940 - freqtrade.wallets - INFO - Wallets synced.
2026-09-26 18:21:32,100 - freqtrade.freqtradebot - INFO - Long signal found: about create a new trade for SUSHI/USDT:USDT with stake_amount: 0.7205712341468355 and price: 0.2752 ...
2026-09-26 18:21:32,102 - freqtrade.freqtradebot - INFO - User denied entry for SUSHI/USDT:USDT.
2026-09-26 18:21:36,938 - freqtrade.wallets - INFO - Wallets synced.
2026-09-26 18:21:37,097 - freqtrade.freqtradebot - INFO - Long signal found: about create a new trade for SUSHI/USDT:USDT with stake_amount: 0.7203093986693113 and price: 0.2751 ...
2026-09-26 18:21:37,099 - freqtrade.freqtradebot - INFO - User denied entry for SUSHI/USDT:USDT.
2026-09-26 18:21:41,941 - freqtrade.wallets - INFO - Wallets synced.
2026-09-26 18:21:42,101 - freqtrade.freqtradebot - INFO - Long signal found: about create a new trade for SUSHI/USDT:USDT with stake_amount: 0.7203093986693113 and price: 0.2751 ...
2026-09-26 18:21:42,102 - freqtrade.freqtradebot - INFO - User denied entry for SUSHI/USDT:USDT.
2026-09-26 18:21:46,941 - freqtrade.wallets - INFO - Wallets synced.
2026-09-26 18:21:47,101 - freqtrade.freqtradebot - INFO - Long signal found: about create a new trade for SUSHI/USDT:USDT with stake_amount: 0.7203093986693113 and price: 0.2751 ...
2026-09-26 18:21:47,102 - freqtrade.freqtradebot - INFO - User denied entry for SUSHI/USDT:USDT.
2026-09-26 18:21:51,941 - freqtrade.wallets - INFO - Wallets synced.
2026-09-26 18:21:52,101 - freqtrade.freqtradebot - INFO - Long signal found: about create a new trade for SUSHI/USDT:USDT with stake_amount: 0.7203093986693113 and price: 0.2751 ...
2026-09-26 18:21:52,102 - freqtrade.freqtradebot - INFO - User denied entry for SUSHI/USDT:USDT.
2026-09-26 18:21:56,940 - freqtrade.wallets - INFO - Wallets synced.
2026-09-26 18:21:57,100 - freqtrade.freqtradebot - INFO - Long signal found: about create a new trade for SUSHI/USDT:USDT with stake_amount: 0.7200475631917871 and price: 0.275 ...
2026-09-26 18:21:57,101 - freqtrade.freqtradebot - INFO - User denied entry for SUSHI/USDT:USDT.
2026-09-26 18:22:01,940 - freqtrade.wallets - INFO - Wallets synced.
2026-09-26 18:22:02,099 - freqtrade.freqtradebot - INFO - Long signal found: about create a new trade for SUSHI/USDT:USDT with stake_amount: 0.7200475631917871 and price: 0.275 ...
2026-09-26 18:22:02,101 - freqtrade.freqtradebot - INFO - User denied entry for SUSHI/USDT:USDT.
2026-09-26 18:22:06,943 - freqtrade.wallets - INFO - Wallets synced.
2026-09-26 18:22:07,104 - freqtrade.freqtradebot - INFO - Long signal found: about create a new trade for SUSHI/USDT:USDT with stake_amount: 0.7200475631917871 and price: 0.275 ...
2026-09-26 18:22:07,106 - freqtrade.freqtradebot - INFO - User denied entry for SUSHI/USDT:USDT.
2026-09-26 18:22:11,104 - freqtrade.worker - INFO - Bot heartbeat. PID=2359, version='2026.7', state='RUNNING'
2026-09-26 18:22:11,941 - freqtrade.wallets - INFO - Wallets synced.
2026-09-26 18:22:12,100 - freqtrade.freqtradebot - INFO - Long signal found: about create a new trade for SUSHI/USDT:USDT with stake_amount: 0.7197857277142626 and price: 0.2749 ...
2026-09-26 18:22:12,102 - freqtrade.freqtradebot - INFO - User denied entry for SUSHI/USDT:USDT.
2026-09-26 18:22:16,943 - freqtrade.wallets - INFO - Wallets synced.
2026-09-26 18:22:17,102 - freqtrade.freqtradebot - INFO - Long signal found: about create a new trade for SUSHI/USDT:USDT with stake_amount: 0.7197857277142626 and price: 0.2749 ...
2026-09-26 18:22:17,104 - freqtrade.freqtradebot - INFO - User denied entry for SUSHI/USDT:USDT.
2026-09-26 18:22:21,951 - freqtrade.wallets - INFO - Wallets synced.
2026-09-26 18:22:22,110 - freqtrade.freqtradebot - INFO - Long signal found: about create a new trade for SUSHI/USDT:USDT with stake_amount: 0.7197857277142626 and price: 0.2749 ...
2026-09-26 18:22:22,112 - freqtrade.freqtradebot - INFO - User denied entry for SUSHI/USDT:USDT.
2026-09-26 18:22:26,941 - freqtrade.wallets - INFO - Wallets synced.
2026-09-26 18:22:27,101 - freqtrade.freqtradebot - INFO - Long signal found: about create a new trade for SUSHI/USDT:USDT with stake_amount: 0.7197857277142626 and price: 0.2749 ...
2026-09-26 18:22:27,102 - freqtrade.freqtradebot - INFO - User denied entry for SUSHI/USDT:USDT.
2026-09-26 18:22:31,944 - freqtrade.wallets - INFO - Wallets synced.
2026-09-26 18:22:32,104 - freqtrade.freqtradebot - INFO - Long signal found: about create a new trade for SUSHI/USDT:USDT with stake_amount: 0.7197857277142626 and price: 0.2749 ...
2026-09-26 18:22:32,105 - freqtrade.freqtradebot - INFO - User denied entry for SUSHI/USDT:USDT.
2026-09-26 18:22:36,943 - freqtrade.wallets - INFO - Wallets synced.
2026-09-26 18:22:37,102 - freqtrade.freqtradebot - INFO - Long signal found: about create a new trade for SUSHI/USDT:USDT with stake_amount: 0.7197857277142626 and price: 0.2749 ...
2026-09-26 18:22:37,104 - freqtrade.freqtradebot - INFO - User denied entry for SUSHI/USDT:USDT.
2026-09-26 18:22:41,945 - freqtrade.wallets - INFO - Wallets synced.
2026-09-26 18:22:42,105 - freqtrade.freqtradebot - INFO - Long signal found: about create a new trade for SUSHI/USDT:USDT with stake_amount: 0.7197857277142626 and price: 0.2749 ...
2026-09-26 18:22:42,107 - freqtrade.freqtradebot - INFO - User denied entry for SUSHI/USDT:USDT.
2026-09-26 18:22:46,944 - freqtrade.wallets - INFO - Wallets synced.
2026-09-26 18:22:47,104 - freqtrade.freqtradebot - INFO - Long signal found: about create a new trade for SUSHI/USDT:USDT with stake_amount: 0.7192620567592141 and price: 0.2747 ...
2026-09-26 18:22:47,105 - freqtrade.freqtradebot - INFO - User denied entry for SUSHI/USDT:USDT.
2026-09-26 18:22:51,944 - freqtrade.wallets - INFO - Wallets synced.
2026-09-26 18:22:52,104 - freqtrade.freqtradebot - INFO - Long signal found: about create a new trade for SUSHI/USDT:USDT with stake_amount: 0.7190002212816898 and price: 0.2746 ...
2026-09-26 18:22:52,105 - freqtrade.freqtradebot - INFO - User denied entry for SUSHI/USDT:USDT.
2026-09-26 18:22:56,943 - freqtrade.wallets - INFO - Wallets synced.
2026-09-26 18:22:57,102 - freqtrade.freqtradebot - INFO - Long signal found: about create a new trade for SUSHI/USDT:USDT with stake_amount: 0.7190002212816898 and price: 0.2746 ...
2026-09-26 18:22:57,103 - freqtrade.freqtradebot - INFO - User denied entry for SUSHI/USDT:USDT.
2026-09-26 18:23:01,942 - freqtrade.wallets - INFO - Wallets synced.
2026-09-26 18:23:02,101 - freqtrade.freqtradebot - INFO - Long signal found: about create a new trade for SUSHI/USDT:USDT with stake_amount: 0.7190002212816898 and price: 0.2746 ...
2026-09-26 18:23:02,103 - freqtrade.freqtradebot - INFO - User denied entry for SUSHI/USDT:USDT.
2026-09-26 18:23:06,941 - freqtrade.wallets - INFO - Wallets synced.
2026-09-26 18:23:07,100 - freqtrade.freqtradebot - INFO - Long signal found: about create a new trade for SUSHI/USDT:USDT with stake_amount: 0.7182147148491169 and price: 0.2743 ...
2026-09-26 18:23:07,101 - freqtrade.freqtradebot - INFO - User denied entry for SUSHI/USDT:USDT.
2026-09-26 18:23:11,107 - freqtrade.worker - INFO - Bot heartbeat. PID=2359, version='2026.7', state='RUNNING'
2026-09-26 18:23:11,945 - freqtrade.wallets - INFO - Wallets synced.
2026-09-26 18:23:12,105 - freqtrade.freqtradebot - INFO - Long signal found: about create a new trade for SUSHI/USDT:USDT with stake_amount: 0.7176910438940683 and price: 0.2741 ...
2026-09-26 18:23:12,107 - freqtrade.freqtradebot - INFO - User denied entry for SUSHI/USDT:USDT.
2026-09-26 18:23:16,944 - freqtrade.wallets - INFO - Wallets synced.
2026-09-26 18:23:17,104 - freqtrade.freqtradebot - INFO - Long signal found: about create a new trade for SUSHI/USDT:USDT with stake_amount: 0.7176910438940683 and price: 0.2741 ...
2026-09-26 18:23:17,105 - freqtrade.freqtradebot - INFO - User denied entry for SUSHI/USDT:USDT.
2026-09-26 18:23:21,942 - freqtrade.wallets - INFO - Wallets synced.
2026-09-26 18:23:22,102 - freqtrade.freqtradebot - INFO - Long signal found: about create a new trade for SUSHI/USDT:USDT with stake_amount: 0.7176910438940683 and price: 0.2741 ...
2026-09-26 18:23:22,103 - freqtrade.freqtradebot - INFO - User denied entry for SUSHI/USDT:USDT.
2026-09-26 18:23:26,946 - freqtrade.wallets - INFO - Wallets synced.
2026-09-26 18:23:27,106 - freqtrade.freqtradebot - INFO - Long signal found: about create a new trade for SUSHI/USDT:USDT with stake_amount: 0.7176910438940683 and price: 0.2741 ...
2026-09-26 18:23:27,107 - freqtrade.freqtradebot - INFO - User denied entry for SUSHI/USDT:USDT.
2026-09-26 18:23:31,942 - freqtrade.wallets - INFO - Wallets synced.
2026-09-26 18:23:32,102 - freqtrade.freqtradebot - INFO - Long signal found: about create a new trade for SUSHI/USDT:USDT with stake_amount: 0.7176910438940683 and price: 0.2741 ...
2026-09-26 18:23:32,103 - freqtrade.freqtradebot - INFO - User denied entry for SUSHI/USDT:USDT.
2026-09-26 18:23:36,943 - freqtrade.wallets - INFO - Wallets synced.
2026-09-26 18:23:37,102 - freqtrade.freqtradebot - INFO - Long signal found: about create a new trade for SUSHI/USDT:USDT with stake_amount: 0.7176910438940683 and price: 0.2741 ...
2026-09-26 18:23:37,104 - freqtrade.freqtradebot - INFO - User denied entry for SUSHI/USDT:USDT.
2026-09-26 18:23:41,942 - freqtrade.wallets - INFO - Wallets synced.
2026-09-26 18:23:42,101 - freqtrade.freqtradebot - INFO - Long signal found: about create a new trade for SUSHI/USDT:USDT with stake_amount: 0.7176910438940683 and price: 0.2741 ...
2026-09-26 18:23:42,103 - freqtrade.freqtradebot - INFO - User denied entry for SUSHI/USDT:USDT.
2026-09-26 18:23:46,941 - freqtrade.wallets - INFO - Wallets synced.
2026-09-26 18:23:47,101 - freqtrade.freqtradebot - INFO - Long signal found: about create a new trade for SUSHI/USDT:USDT with stake_amount: 0.7176910438940683 and price: 0.2741 ...
2026-09-26 18:23:47,103 - freqtrade.freqtradebot - INFO - User denied entry for SUSHI/USDT:USDT.
2026-09-26 18:23:51,942 - freqtrade.wallets - INFO - Wallets synced.
2026-09-26 18:23:52,102 - freqtrade.freqtradebot - INFO - Long signal found: about create a new trade for SUSHI/USDT:USDT with stake_amount: 0.7176910438940683 and price: 0.2741 ...
2026-09-26 18:23:52,103 - freqtrade.freqtradebot - INFO - User denied entry for SUSHI/USDT:USDT.
2026-09-26 18:23:56,943 - freqtrade.wallets - INFO - Wallets synced.
2026-09-26 18:23:57,103 - freqtrade.freqtradebot - INFO - Long signal found: about create a new trade for SUSHI/USDT:USDT with stake_amount: 0.7176910438940683 and price: 0.2741 ...
2026-09-26 18:23:57,104 - freqtrade.freqtradebot - INFO - User denied entry for SUSHI/USDT:USDT.
2026-09-26 18:24:01,945 - freqtrade.wallets - INFO - Wallets synced.
2026-09-26 18:24:02,104 - freqtrade.freqtradebot - INFO - Long signal found: about create a new trade for SUSHI/USDT:USDT with stake_amount: 0.7171673729390198 and price: 0.2739 ...
2026-09-26 18:24:02,106 - freqtrade.freqtradebot - INFO - User denied entry for SUSHI/USDT:USDT.
2026-09-26 18:24:06,952 - freqtrade.wallets - INFO - Wallets synced.
2026-09-26 18:24:07,112 - freqtrade.freqtradebot - INFO - Long signal found: about create a new trade for SUSHI/USDT:USDT with stake_amount: 0.7174292084165441 and price: 0.274 ...
2026-09-26 18:24:07,113 - freqtrade.freqtradebot - INFO - User denied entry for SUSHI/USDT:USDT.
2026-09-26 18:24:11,110 - freqtrade.worker - INFO - Bot heartbeat. PID=2359, version='2026.7', state='RUNNING'
2026-09-26 18:24:11,949 - freqtrade.wallets - INFO - Wallets synced.
2026-09-26 18:24:12,108 - freqtrade.freqtradebot - INFO - Long signal found: about create a new trade for SUSHI/USDT:USDT with stake_amount: 0.7174292084165441 and price: 0.274 ...
2026-09-26 18:24:12,110 - freqtrade.freqtradebot - INFO - User denied entry for SUSHI/USDT:USDT.
2026-09-26 18:24:16,949 - freqtrade.wallets - INFO - Wallets synced.
2026-09-26 18:24:17,108 - freqtrade.freqtradebot - INFO - Long signal found: about create a new trade for SUSHI/USDT:USDT with stake_amount: 0.7174292084165441 and price: 0.274 ...
2026-09-26 18:24:17,110 - freqtrade.freqtradebot - INFO - User denied entry for SUSHI/USDT:USDT.
2026-09-26 18:24:21,947 - freqtrade.wallets - INFO - Wallets synced.
2026-09-26 18:24:22,108 - freqtrade.freqtradebot - INFO - Long signal found: about create a new trade for SUSHI/USDT:USDT with stake_amount: 0.7174292084165441 and price: 0.274 ...
2026-09-26 18:24:22,110 - freqtrade.freqtradebot - INFO - User denied entry for SUSHI/USDT:USDT.
2026-09-26 18:24:26,950 - freqtrade.wallets - INFO - Wallets synced.
2026-09-26 18:24:27,109 - freqtrade.freqtradebot - INFO - Long signal found: about create a new trade for SUSHI/USDT:USDT with stake_amount: 0.7171673729390198 and price: 0.2739 ...
2026-09-26 18:24:27,111 - freqtrade.freqtradebot - INFO - User denied entry for SUSHI/USDT:USDT.
2026-09-26 18:24:31,948 - freqtrade.wallets - INFO - Wallets synced.
2026-09-26 18:24:32,108 - freqtrade.freqtradebot - INFO - Long signal found: about create a new trade for SUSHI/USDT:USDT with stake_amount: 0.7171673729390198 and price: 0.2739 ...
2026-09-26 18:24:32,109 - freqtrade.freqtradebot - INFO - User denied entry for SUSHI/USDT:USDT.
2026-09-26 18:24:36,948 - freqtrade.wallets - INFO - Wallets synced.
2026-09-26 18:24:37,108 - freqtrade.freqtradebot - INFO - Long signal found: about create a new trade for SUSHI/USDT:USDT with stake_amount: 0.7171673729390198 and price: 0.2739 ...
2026-09-26 18:24:37,109 - freqtrade.freqtradebot - INFO - User denied entry for SUSHI/USDT:USDT.
2026-09-26 18:24:41,952 - freqtrade.wallets - INFO - Wallets synced.
2026-09-26 18:24:42,112 - freqtrade.freqtradebot - INFO - Long signal found: about create a new trade for SUSHI/USDT:USDT with stake_amount: 0.7171673729390198 and price: 0.2739 ...
2026-09-26 18:24:42,113 - freqtrade.freqtradebot - INFO - User denied entry for SUSHI/USDT:USDT.
2026-09-26 18:24:46,950 - freqtrade.wallets - INFO - Wallets synced.
2026-09-26 18:24:47,109 - freqtrade.freqtradebot - INFO - Long signal found: about create a new trade for SUSHI/USDT:USDT with stake_amount: 0.7171673729390198 and price: 0.2739 ...
2026-09-26 18:24:47,111 - freqtrade.freqtradebot - INFO - User denied entry for SUSHI/USDT:USDT.
2026-09-26 18:24:51,948 - freqtrade.wallets - INFO - Wallets synced.
2026-09-26 18:24:52,108 - freqtrade.freqtradebot - INFO - Long signal found: about create a new trade for SUSHI/USDT:USDT with stake_amount: 0.7171673729390198 and price: 0.2739 ...
2026-09-26 18:24:52,109 - freqtrade.freqtradebot - INFO - User denied entry for SUSHI/USDT:USDT.
2026-09-26 18:24:56,948 - freqtrade.wallets - INFO - Wallets synced.
2026-09-26 18:24:57,107 - freqtrade.freqtradebot - INFO - Long signal found: about create a new trade for SUSHI/USDT:USDT with stake_amount: 0.7171673729390198 and price: 0.2739 ...
2026-09-26 18:24:57,109 - freqtrade.freqtradebot - INFO - User denied entry for SUSHI/USDT:USDT.
2026-09-26 18:25:01,947 - freqtrade.wallets - INFO - Wallets synced.
2026-09-26 18:25:02,107 - freqtrade.freqtradebot - INFO - Long signal found: about create a new trade for SUSHI/USDT:USDT with stake_amount: 0.7169055374614954 and price: 0.2738 ...
2026-09-26 18:25:02,108 - freqtrade.freqtradebot - INFO - User denied entry for SUSHI/USDT:USDT.
2026-09-26 18:25:06,951 - freqtrade.wallets - INFO - Wallets synced.
2026-09-26 18:25:07,110 - freqtrade.freqtradebot - INFO - Long signal found: about create a new trade for SUSHI/USDT:USDT with stake_amount: 0.7169055374614954 and price: 0.2738 ...
2026-09-26 18:25:07,112 - freqtrade.freqtradebot - INFO - User denied entry for SUSHI/USDT:USDT.
2026-09-26 18:25:11,113 - freqtrade.worker - INFO - Bot heartbeat. PID=2359, version='2026.7', state='RUNNING'
2026-09-26 18:25:11,950 - freqtrade.wallets - INFO - Wallets synced.
2026-09-26 18:25:12,112 - freqtrade.freqtradebot - INFO - Long signal found: about create a new trade for SUSHI/USDT:USDT with stake_amount: 0.7169055374614954 and price: 0.2738 ...
2026-09-26 18:25:12,113 - freqtrade.freqtradebot - INFO - User denied entry for SUSHI/USDT:USDT.
2026-09-26 18:25:16,950 - freqtrade.wallets - INFO - Wallets synced.
2026-09-26 18:25:17,109 - freqtrade.freqtradebot - INFO - Long signal found: about create a new trade for SUSHI/USDT:USDT with stake_amount: 0.7169055374614954 and price: 0.2738 ...
2026-09-26 18:25:17,110 - freqtrade.freqtradebot - INFO - User denied entry for SUSHI/USDT:USDT.
2026-09-26 18:25:21,948 - freqtrade.wallets - INFO - Wallets synced.
2026-09-26 18:25:22,113 - freqtrade.freqtradebot - INFO - Long signal found: about create a new trade for SUSHI/USDT:USDT with stake_amount: 0.7169055374614954 and price: 0.2738 ...
2026-09-26 18:25:22,115 - freqtrade.freqtradebot - INFO - User denied entry for SUSHI/USDT:USDT.
2026-09-26 18:25:26,953 - freqtrade.wallets - INFO - Wallets synced.
2026-09-26 18:25:27,112 - freqtrade.freqtradebot - INFO - Long signal found: about create a new trade for SUSHI/USDT:USDT with stake_amount: 0.7166437019839712 and price: 0.2737 ...
2026-09-26 18:25:27,114 - freqtrade.freqtradebot - INFO - User denied entry for SUSHI/USDT:USDT.
2026-09-26 18:25:31,952 - freqtrade.wallets - INFO - Wallets synced.
2026-09-26 18:25:32,112 - freqtrade.freqtradebot - INFO - Long signal found: about create a new trade for SUSHI/USDT:USDT with stake_amount: 0.716381866506447 and price: 0.2736 ...
2026-09-26 18:25:32,113 - freqtrade.freqtradebot - INFO - User denied entry for SUSHI/USDT:USDT.
2026-09-26 18:25:36,950 - freqtrade.wallets - INFO - Wallets synced.
2026-09-26 18:25:37,110 - freqtrade.freqtradebot - INFO - Long signal found: about create a new trade for SUSHI/USDT:USDT with stake_amount: 0.716381866506447 and price: 0.2736 ...
2026-09-26 18:25:37,111 - freqtrade.freqtradebot - INFO - User denied entry for SUSHI/USDT:USDT.
2026-09-26 18:25:41,954 - freqtrade.wallets - INFO - Wallets synced.
2026-09-26 18:25:42,114 - freqtrade.freqtradebot - INFO - Long signal found: about create a new trade for SUSHI/USDT:USDT with stake_amount: 0.716381866506447 and price: 0.2736 ...
2026-09-26 18:25:42,115 - freqtrade.freqtradebot - INFO - User denied entry for SUSHI/USDT:USDT.
2026-09-26 18:25:46,950 - freqtrade.wallets - INFO - Wallets synced.
2026-09-26 18:25:47,110 - freqtrade.freqtradebot - INFO - Long signal found: about create a new trade for SUSHI/USDT:USDT with stake_amount: 0.716381866506447 and price: 0.2736 ...
2026-09-26 18:25:47,112 - freqtrade.freqtradebot - INFO - User denied entry for SUSHI/USDT:USDT.
2026-09-26 18:25:51,949 - freqtrade.wallets - INFO - Wallets synced.
2026-09-26 18:25:52,109 - freqtrade.freqtradebot - INFO - Long signal found: about create a new trade for SUSHI/USDT:USDT with stake_amount: 0.716381866506447 and price: 0.2736 ...
2026-09-26 18:25:52,110 - freqtrade.freqtradebot - INFO - User denied entry for SUSHI/USDT:USDT.
2026-09-26 18:25:56,951 - freqtrade.wallets - INFO - Wallets synced.
2026-09-26 18:25:57,112 - freqtrade.freqtradebot - INFO - Long signal found: about create a new trade for SUSHI/USDT:USDT with stake_amount: 0.7169055374614954 and price: 0.2738 ...
2026-09-26 18:25:57,114 - freqtrade.freqtradebot - INFO - User denied entry for SUSHI/USDT:USDT.
2026-09-26 18:26:01,952 - freqtrade.wallets - INFO - Wallets synced.
2026-09-26 18:26:02,112 - freqtrade.freqtradebot - INFO - Long signal found: about create a new trade for SUSHI/USDT:USDT with stake_amount: 0.7169055374614954 and price: 0.2738 ...
2026-09-26 18:26:02,113 - freqtrade.freqtradebot - INFO - User denied entry for SUSHI/USDT:USDT.
2026-09-26 18:26:06,953 - freqtrade.wallets - INFO - Wallets synced.
2026-09-26 18:26:07,113 - freqtrade.freqtradebot - INFO - Long signal found: about create a new trade for SUSHI/USDT:USDT with stake_amount: 0.7169055374614954 and price: 0.2738 ...
2026-09-26 18:26:07,115 - freqtrade.freqtradebot - INFO - User denied entry for SUSHI/USDT:USDT.
2026-09-26 18:26:11,116 - freqtrade.worker - INFO - Bot heartbeat. PID=2359, version='2026.7', state='RUNNING'
2026-09-26 18:26:11,955 - freqtrade.wallets - INFO - Wallets synced.
2026-09-26 18:26:12,115 - freqtrade.freqtradebot - INFO - Long signal found: about create a new trade for SUSHI/USDT:USDT with stake_amount: 0.7169055374614954 and price: 0.2738 ...
2026-09-26 18:26:12,117 - freqtrade.freqtradebot - INFO - User denied entry for SUSHI/USDT:USDT.
2026-09-26 18:26:16,978 - freqtrade.wallets - INFO - Wallets synced.
2026-09-26 18:26:17,138 - freqtrade.freqtradebot - INFO - Long signal found: about create a new trade for SUSHI/USDT:USDT with stake_amount: 0.7169055374614954 and price: 0.2738 ...
2026-09-26 18:26:17,139 - freqtrade.freqtradebot - INFO - User denied entry for SUSHI/USDT:USDT.
2026-09-26 18:26:21,965 - freqtrade.wallets - INFO - Wallets synced.
2026-09-26 18:26:22,125 - freqtrade.freqtradebot - INFO - Long signal found: about create a new trade for SUSHI/USDT:USDT with stake_amount: 0.7169055374614954 and price: 0.2738 ...
2026-09-26 18:26:22,127 - freqtrade.freqtradebot - INFO - User denied entry for SUSHI/USDT:USDT.
2026-09-26 18:26:26,957 - freqtrade.wallets - INFO - Wallets synced.
2026-09-26 18:26:27,117 - freqtrade.freqtradebot - INFO - Long signal found: about create a new trade for SUSHI/USDT:USDT with stake_amount: 0.7169055374614954 and price: 0.2738 ...
2026-09-26 18:26:27,119 - freqtrade.freqtradebot - INFO - User denied entry for SUSHI/USDT:USDT.
2026-09-26 18:26:31,954 - freqtrade.wallets - INFO - Wallets synced.
2026-09-26 18:26:32,116 - freqtrade.freqtradebot - INFO - Long signal found: about create a new trade for SUSHI/USDT:USDT with stake_amount: 0.7169055374614954 and price: 0.2738 ...
2026-09-26 18:26:32,118 - freqtrade.freqtradebot - INFO - User denied entry for SUSHI/USDT:USDT.
2026-09-26 18:26:36,954 - freqtrade.wallets - INFO - Wallets synced.
2026-09-26 18:26:37,113 - freqtrade.freqtradebot - INFO - Long signal found: about create a new trade for SUSHI/USDT:USDT with stake_amount: 0.7169055374614954 and price: 0.2738 ...
2026-09-26 18:26:37,115 - freqtrade.freqtradebot - INFO - User denied entry for SUSHI/USDT:USDT.
2026-09-26 18:26:41,957 - freqtrade.wallets - INFO - Wallets synced.
2026-09-26 18:26:42,117 - freqtrade.freqtradebot - INFO - Long signal found: about create a new trade for SUSHI/USDT:USDT with stake_amount: 0.7169055374614954 and price: 0.2738 ...
2026-09-26 18:26:42,119 - freqtrade.freqtradebot - INFO - User denied entry for SUSHI/USDT:USDT.
2026-09-26 18:26:46,955 - freqtrade.wallets - INFO - Wallets synced.
2026-09-26 18:26:47,115 - freqtrade.freqtradebot - INFO - Long signal found: about create a new trade for SUSHI/USDT:USDT with stake_amount: 0.7169055374614954 and price: 0.2738 ...
2026-09-26 18:26:47,117 - freqtrade.freqtradebot - INFO - User denied entry for SUSHI/USDT:USDT.
2026-09-26 18:26:51,955 - freqtrade.wallets - INFO - Wallets synced.
2026-09-26 18:26:52,114 - freqtrade.freqtradebot - INFO - Long signal found: about create a new trade for SUSHI/USDT:USDT with stake_amount: 0.7169055374614954 and price: 0.2738 ...
2026-09-26 18:26:52,116 - freqtrade.freqtradebot - INFO - User denied entry for SUSHI/USDT:USDT.
2026-09-26 18:26:56,954 - freqtrade.wallets - INFO - Wallets synced.
2026-09-26 18:26:57,113 - freqtrade.freqtradebot - INFO - Long signal found: about create a new trade for SUSHI/USDT:USDT with stake_amount: 0.7169055374614954 and price: 0.2738 ...
2026-09-26 18:26:57,115 - freqtrade.freqtradebot - INFO - User denied entry for SUSHI/USDT:USDT.
2026-09-26 18:27:01,955 - freqtrade.wallets - INFO - Wallets synced.
2026-09-26 18:27:02,114 - freqtrade.freqtradebot - INFO - Long signal found: about create a new trade for SUSHI/USDT:USDT with stake_amount: 0.7169055374614954 and price: 0.2738 ...
2026-09-26 18:27:02,116 - freqtrade.freqtradebot - INFO - User denied entry for SUSHI/USDT:USDT.
2026-09-26 18:27:06,954 - freqtrade.wallets - INFO - Wallets synced.
2026-09-26 18:27:07,114 - freqtrade.freqtradebot - INFO - Long signal found: about create a new trade for SUSHI/USDT:USDT with stake_amount: 0.7169055374614954 and price: 0.2738 ...
2026-09-26 18:27:07,116 - freqtrade.freqtradebot - INFO - User denied entry for SUSHI/USDT:USDT.
2026-09-26 18:27:11,119 - freqtrade.worker - INFO - Bot heartbeat. PID=2359, version='2026.7', state='RUNNING'
2026-09-26 18:27:11,955 - freqtrade.wallets - INFO - Wallets synced.
2026-09-26 18:27:12,114 - freqtrade.freqtradebot - INFO - Long signal found: about create a new trade for SUSHI/USDT:USDT with stake_amount: 0.7169055374614954 and price: 0.2738 ...
2026-09-26 18:27:12,116 - freqtrade.freqtradebot - INFO - User denied entry for SUSHI/USDT:USDT.
2026-09-26 18:27:16,956 - freqtrade.wallets - INFO - Wallets synced.
2026-09-26 18:27:17,116 - freqtrade.freqtradebot - INFO - Long signal found: about create a new trade for SUSHI/USDT:USDT with stake_amount: 0.7169055374614954 and price: 0.2738 ...
2026-09-26 18:27:17,118 - freqtrade.freqtradebot - INFO - User denied entry for SUSHI/USDT:USDT.
2026-09-26 18:27:21,954 - freqtrade.wallets - INFO - Wallets synced.
2026-09-26 18:27:22,116 - freqtrade.freqtradebot - INFO - Long signal found: about create a new trade for SUSHI/USDT:USDT with stake_amount: 0.7169055374614954 and price: 0.2738 ...
2026-09-26 18:27:22,118 - freqtrade.freqtradebot - INFO - User denied entry for SUSHI/USDT:USDT.
2026-09-26 18:27:26,954 - freqtrade.wallets - INFO - Wallets synced.
2026-09-26 18:27:27,114 - freqtrade.freqtradebot - INFO - Long signal found: about create a new trade for SUSHI/USDT:USDT with stake_amount: 0.7169055374614954 and price: 0.2738 ...
2026-09-26 18:27:27,115 - freqtrade.freqtradebot - INFO - User denied entry for SUSHI/USDT:USDT.
2026-09-26 18:27:31,955 - freqtrade.wallets - INFO - Wallets synced.
2026-09-26 18:27:32,115 - freqtrade.freqtradebot - INFO - Long signal found: about create a new trade for SUSHI/USDT:USDT with stake_amount: 0.7169055374614954 and price: 0.2738 ...
2026-09-26 18:27:32,117 - freqtrade.freqtradebot - INFO - User denied entry for SUSHI/USDT:USDT.
2026-09-26 18:27:36,954 - freqtrade.wallets - INFO - Wallets synced.
2026-09-26 18:27:37,114 - freqtrade.freqtradebot - INFO - Long signal found: about create a new trade for SUSHI/USDT:USDT with stake_amount: 0.7169055374614954 and price: 0.2738 ...
2026-09-26 18:27:37,115 - freqtrade.freqtradebot - INFO - User denied entry for SUSHI/USDT:USDT.
2026-09-26 18:27:41,955 - freqtrade.wallets - INFO - Wallets synced.
2026-09-26 18:27:42,116 - freqtrade.freqtradebot - INFO - Long signal found: about create a new trade for SUSHI/USDT:USDT with stake_amount: 0.7169055374614954 and price: 0.2738 ...
2026-09-26 18:27:42,117 - freqtrade.freqtradebot - INFO - User denied entry for SUSHI/USDT:USDT.
2026-09-26 18:27:46,955 - freqtrade.wallets - INFO - Wallets synced.
2026-09-26 18:27:47,114 - freqtrade.freqtradebot - INFO - Long signal found: about create a new trade for SUSHI/USDT:USDT with stake_amount: 0.7169055374614954 and price: 0.2738 ...
2026-09-26 18:27:47,115 - freqtrade.freqtradebot - INFO - User denied entry for SUSHI/USDT:USDT.
2026-09-26 18:27:51,957 - freqtrade.wallets - INFO - Wallets synced.
2026-09-26 18:27:52,116 - freqtrade.freqtradebot - INFO - Long signal found: about create a new trade for SUSHI/USDT:USDT with stake_amount: 0.7169055374614954 and price: 0.2738 ...
2026-09-26 18:27:52,117 - freqtrade.freqtradebot - INFO - User denied entry for SUSHI/USDT:USDT.
2026-09-26 18:27:56,957 - freqtrade.wallets - INFO - Wallets synced.
2026-09-26 18:27:57,116 - freqtrade.freqtradebot - INFO - Long signal found: about create a new trade for SUSHI/USDT:USDT with stake_amount: 0.7169055374614954 and price: 0.2738 ...
2026-09-26 18:27:57,118 - freqtrade.freqtradebot - INFO - User denied entry for SUSHI/USDT:USDT.
2026-09-26 18:28:01,956 - freqtrade.wallets - INFO - Wallets synced.
2026-09-26 18:28:02,115 - freqtrade.freqtradebot - INFO - Long signal found: about create a new trade for SUSHI/USDT:USDT with stake_amount: 0.7169055374614954 and price: 0.2738 ...
2026-09-26 18:28:02,117 - freqtrade.freqtradebot - INFO - User denied entry for SUSHI/USDT:USDT.
2026-09-26 18:28:06,956 - freqtrade.wallets - INFO - Wallets synced.
2026-09-26 18:28:07,117 - freqtrade.freqtradebot - INFO - Long signal found: about create a new trade for SUSHI/USDT:USDT with stake_amount: 0.7169055374614954 and price: 0.2738 ...
2026-09-26 18:28:07,119 - freqtrade.freqtradebot - INFO - User denied entry for SUSHI/USDT:USDT.
2026-09-26 18:28:11,122 - freqtrade.worker - INFO - Bot heartbeat. PID=2359, version='2026.7', state='RUNNING'
2026-09-26 18:28:11,959 - freqtrade.wallets - INFO - Wallets synced.
2026-09-26 18:28:12,119 - freqtrade.freqtradebot - INFO - Long signal found: about create a new trade for SUSHI/USDT:USDT with stake_amount: 0.7169055374614954 and price: 0.2738 ...
2026-09-26 18:28:12,120 - freqtrade.freqtradebot - INFO - User denied entry for SUSHI/USDT:USDT.
2026-09-26 18:28:16,975 - freqtrade.wallets - INFO - Wallets synced.
2026-09-26 18:28:17,134 - freqtrade.freqtradebot - INFO - Long signal found: about create a new trade for SUSHI/USDT:USDT with stake_amount: 0.7169055374614954 and price: 0.2738 ...
2026-09-26 18:28:17,136 - freqtrade.freqtradebot - INFO - User denied entry for SUSHI/USDT:USDT.
2026-09-26 18:28:21,956 - freqtrade.wallets - INFO - Wallets synced.
2026-09-26 18:28:22,116 - freqtrade.freqtradebot - INFO - Long signal found: about create a new trade for SUSHI/USDT:USDT with stake_amount: 0.7169055374614954 and price: 0.2738 ...
2026-09-26 18:28:22,117 - freqtrade.freqtradebot - INFO - User denied entry for SUSHI/USDT:USDT.
2026-09-26 18:28:26,959 - freqtrade.wallets - INFO - Wallets synced.
2026-09-26 18:28:27,118 - freqtrade.freqtradebot - INFO - Long signal found: about create a new trade for SUSHI/USDT:USDT with stake_amount: 0.7169055374614954 and price: 0.2738 ...
2026-09-26 18:28:27,119 - freqtrade.freqtradebot - INFO - User denied entry for SUSHI/USDT:USDT.
2026-09-26 18:28:31,958 - freqtrade.wallets - INFO - Wallets synced.
2026-09-26 18:28:32,118 - freqtrade.freqtradebot - INFO - Long signal found: about create a new trade for SUSHI/USDT:USDT with stake_amount: 0.7169055374614954 and price: 0.2738 ...
2026-09-26 18:28:32,120 - freqtrade.freqtradebot - INFO - User denied entry for SUSHI/USDT:USDT.
2026-09-26 18:28:36,960 - freqtrade.wallets - INFO - Wallets synced.
2026-09-26 18:28:37,120 - freqtrade.freqtradebot - INFO - Long signal found: about create a new trade for SUSHI/USDT:USDT with stake_amount: 0.7169055374614954 and price: 0.2738 ...
2026-09-26 18:28:37,121 - freqtrade.freqtradebot - INFO - User denied entry for SUSHI/USDT:USDT.
2026-09-26 18:28:41,960 - freqtrade.wallets - INFO - Wallets synced.
2026-09-26 18:28:42,120 - freqtrade.freqtradebot - INFO - Long signal found: about create a new trade for SUSHI/USDT:USDT with stake_amount: 0.7169055374614954 and price: 0.2738 ...
2026-09-26 18:28:42,121 - freqtrade.freqtradebot - INFO - User denied entry for SUSHI/USDT:USDT.
2026-09-26 18:28:46,958 - freqtrade.wallets - INFO - Wallets synced.
2026-09-26 18:28:47,117 - freqtrade.freqtradebot - INFO - Long signal found: about create a new trade for SUSHI/USDT:USDT with stake_amount: 0.7169055374614954 and price: 0.2738 ...
2026-09-26 18:28:47,119 - freqtrade.freqtradebot - INFO - User denied entry for SUSHI/USDT:USDT.
2026-09-26 18:28:51,962 - freqtrade.wallets - INFO - Wallets synced.
2026-09-26 18:28:52,122 - freqtrade.freqtradebot - INFO - Long signal found: about create a new trade for SUSHI/USDT:USDT with stake_amount: 0.7169055374614954 and price: 0.2738 ...
2026-09-26 18:28:52,123 - freqtrade.freqtradebot - INFO - User denied entry for SUSHI/USDT:USDT.
2026-09-26 18:28:56,961 - freqtrade.wallets - INFO - Wallets synced.
2026-09-26 18:28:57,120 - freqtrade.freqtradebot - INFO - Long signal found: about create a new trade for SUSHI/USDT:USDT with stake_amount: 0.7169055374614954 and price: 0.2738 ...
2026-09-26 18:28:57,122 - freqtrade.freqtradebot - INFO - User denied entry for SUSHI/USDT:USDT.
2026-09-26 18:29:01,960 - freqtrade.wallets - INFO - Wallets synced.
2026-09-26 18:29:02,119 - freqtrade.freqtradebot - INFO - Long signal found: about create a new trade for SUSHI/USDT:USDT with stake_amount: 0.7169055374614954 and price: 0.2738 ...
2026-09-26 18:29:02,120 - freqtrade.freqtradebot - INFO - User denied entry for SUSHI/USDT:USDT.
2026-09-26 18:29:06,959 - freqtrade.wallets - INFO - Wallets synced.
2026-09-26 18:29:07,119 - freqtrade.freqtradebot - INFO - Long signal found: about create a new trade for SUSHI/USDT:USDT with stake_amount: 0.7169055374614954 and price: 0.2738 ...
2026-09-26 18:29:07,120 - freqtrade.freqtradebot - INFO - User denied entry for SUSHI/USDT:USDT.
2026-09-26 18:29:11,124 - freqtrade.worker - INFO - Bot heartbeat. PID=2359, version='2026.7', state='RUNNING'
2026-09-26 18:29:11,959 - freqtrade.wallets - INFO - Wallets synced.
2026-09-26 18:29:12,118 - freqtrade.freqtradebot - INFO - Long signal found: about create a new trade for SUSHI/USDT:USDT with stake_amount: 0.7166437019839712 and price: 0.2737 ...
2026-09-26 18:29:12,120 - freqtrade.freqtradebot - INFO - User denied entry for SUSHI/USDT:USDT.
2026-09-26 18:29:16,961 - freqtrade.wallets - INFO - Wallets synced.
2026-09-26 18:29:17,121 - freqtrade.freqtradebot - INFO - Long signal found: about create a new trade for SUSHI/USDT:USDT with stake_amount: 0.7166437019839712 and price: 0.2737 ...
2026-09-26 18:29:17,122 - freqtrade.freqtradebot - INFO - User denied entry for SUSHI/USDT:USDT.
2026-09-26 18:29:21,965 - freqtrade.wallets - INFO - Wallets synced.
2026-09-26 18:29:22,127 - freqtrade.freqtradebot - INFO - Long signal found: about create a new trade for SUSHI/USDT:USDT with stake_amount: 0.7166437019839712 and price: 0.2737 ...
2026-09-26 18:29:22,128 - freqtrade.freqtradebot - INFO - User denied entry for SUSHI/USDT:USDT.
2026-09-26 18:29:26,961 - freqtrade.wallets - INFO - Wallets synced.
2026-09-26 18:29:27,120 - freqtrade.freqtradebot - INFO - Long signal found: about create a new trade for SUSHI/USDT:USDT with stake_amount: 0.7166437019839712 and price: 0.2737 ...
2026-09-26 18:29:27,121 - freqtrade.freqtradebot - INFO - User denied entry for SUSHI/USDT:USDT.
2026-09-26 18:29:31,963 - freqtrade.wallets - INFO - Wallets synced.
2026-09-26 18:29:32,122 - freqtrade.freqtradebot - INFO - Long signal found: about create a new trade for SUSHI/USDT:USDT with stake_amount: 0.7166437019839712 and price: 0.2737 ...
2026-09-26 18:29:32,124 - freqtrade.freqtradebot - INFO - User denied entry for SUSHI/USDT:USDT.
2026-09-26 18:29:36,962 - freqtrade.wallets - INFO - Wallets synced.
2026-09-26 18:29:37,122 - freqtrade.freqtradebot - INFO - Long signal found: about create a new trade for SUSHI/USDT:USDT with stake_amount: 0.7166437019839712 and price: 0.2737 ...
2026-09-26 18:29:37,124 - freqtrade.freqtradebot - INFO - User denied entry for SUSHI/USDT:USDT.
2026-09-26 18:29:41,968 - freqtrade.wallets - INFO - Wallets synced.
2026-09-26 18:29:42,128 - freqtrade.freqtradebot - INFO - Long signal found: about create a new trade for SUSHI/USDT:USDT with stake_amount: 0.7166437019839712 and price: 0.2737 ...
2026-09-26 18:29:42,129 - freqtrade.freqtradebot - INFO - User denied entry for SUSHI/USDT:USDT.
2026-09-26 18:29:46,963 - freqtrade.wallets - INFO - Wallets synced.
2026-09-26 18:29:47,122 - freqtrade.freqtradebot - INFO - Long signal found: about create a new trade for SUSHI/USDT:USDT with stake_amount: 0.7166437019839712 and price: 0.2737 ...
2026-09-26 18:29:47,124 - freqtrade.freqtradebot - INFO - User denied entry for SUSHI/USDT:USDT.
2026-09-26 18:29:51,972 - freqtrade.wallets - INFO - Wallets synced.
2026-09-26 18:29:52,132 - freqtrade.freqtradebot - INFO - Long signal found: about create a new trade for SUSHI/USDT:USDT with stake_amount: 0.7166437019839712 and price: 0.2737 ...
2026-09-26 18:29:52,133 - freqtrade.freqtradebot - INFO - User denied entry for SUSHI/USDT:USDT.
2026-09-26 18:29:56,964 - freqtrade.wallets - INFO - Wallets synced.
2026-09-26 18:29:57,124 - freqtrade.freqtradebot - INFO - Long signal found: about create a new trade for SUSHI/USDT:USDT with stake_amount: 0.7166437019839712 and price: 0.2737 ...
2026-09-26 18:29:57,125 - freqtrade.freqtradebot - INFO - User denied entry for SUSHI/USDT:USDT.
2026-09-26 18:30:01,966 - freqtrade.wallets - INFO - Wallets synced.
2026-09-26 18:30:02,126 - freqtrade.freqtradebot - INFO - Long signal found: about create a new trade for SUSHI/USDT:USDT with stake_amount: 0.7166437019839712 and price: 0.2737 ...
2026-09-26 18:30:02,127 - freqtrade.freqtradebot - INFO - User denied entry for SUSHI/USDT:USDT.
2026-09-26 18:30:06,965 - freqtrade.wallets - INFO - Wallets synced.
2026-09-26 18:30:07,130 - freqtrade.freqtradebot - INFO - Long signal found: about create a new trade for SUSHI/USDT:USDT with stake_amount: 0.7166437019839712 and price: 0.2737 ...
2026-09-26 18:30:07,131 - freqtrade.freqtradebot - INFO - User denied entry for SUSHI/USDT:USDT.
2026-09-26 18:30:11,127 - freqtrade.worker - INFO - Bot heartbeat. PID=2359, version='2026.7', state='RUNNING'
2026-09-26 18:30:11,964 - freqtrade.wallets - INFO - Wallets synced.
2026-09-26 18:30:12,123 - freqtrade.freqtradebot - INFO - Long signal found: about create a new trade for SUSHI/USDT:USDT with stake_amount: 0.7166437019839712 and price: 0.2737 ...
2026-09-26 18:30:12,125 - freqtrade.freqtradebot - INFO - User denied entry for SUSHI/USDT:USDT.
2026-09-26 18:30:16,964 - freqtrade.wallets - INFO - Wallets synced.
2026-09-26 18:30:17,123 - freqtrade.freqtradebot - INFO - Long signal found: about create a new trade for SUSHI/USDT:USDT with stake_amount: 0.7166437019839712 and price: 0.2737 ...
2026-09-26 18:30:17,125 - freqtrade.freqtradebot - INFO - User denied entry for SUSHI/USDT:USDT.
2026-09-26 18:30:21,967 - freqtrade.wallets - INFO - Wallets synced.
2026-09-26 18:30:22,126 - freqtrade.freqtradebot - INFO - Long signal found: about create a new trade for SUSHI/USDT:USDT with stake_amount: 0.7166437019839712 and price: 0.2737 ...
2026-09-26 18:30:22,128 - freqtrade.freqtradebot - INFO - User denied entry for SUSHI/USDT:USDT.
2026-09-26 18:30:26,964 - freqtrade.wallets - INFO - Wallets synced.
2026-09-26 18:30:27,124 - freqtrade.freqtradebot - INFO - Long signal found: about create a new trade for SUSHI/USDT:USDT with stake_amount: 0.7166437019839712 and price: 0.2737 ...
2026-09-26 18:30:27,125 - freqtrade.freqtradebot - INFO - User denied entry for SUSHI/USDT:USDT.
2026-09-26 18:30:31,967 - freqtrade.wallets - INFO - Wallets synced.
2026-09-26 18:30:32,126 - freqtrade.freqtradebot - INFO - Long signal found: about create a new trade for SUSHI/USDT:USDT with stake_amount: 0.7166437019839712 and price: 0.2737 ...
2026-09-26 18:30:32,128 - freqtrade.freqtradebot - INFO - User denied entry for SUSHI/USDT:USDT.
2026-09-26 18:30:36,968 - freqtrade.wallets - INFO - Wallets synced.
2026-09-26 18:30:37,128 - freqtrade.freqtradebot - INFO - Long signal found: about create a new trade for SUSHI/USDT:USDT with stake_amount: 0.7166437019839712 and price: 0.2737 ...
2026-09-26 18:30:37,129 - freqtrade.freqtradebot - INFO - User denied entry for SUSHI/USDT:USDT.
2026-09-26 18:30:41,969 - freqtrade.wallets - INFO - Wallets synced.
2026-09-26 18:30:42,129 - freqtrade.freqtradebot - INFO - Long signal found: about create a new trade for SUSHI/USDT:USDT with stake_amount: 0.7166437019839712 and price: 0.2737 ...
2026-09-26 18:30:42,131 - freqtrade.freqtradebot - INFO - User denied entry for SUSHI/USDT:USDT.
2026-09-26 18:30:46,966 - freqtrade.wallets - INFO - Wallets synced.
2026-09-26 18:30:47,125 - freqtrade.freqtradebot - INFO - Long signal found: about create a new trade for SUSHI/USDT:USDT with stake_amount: 0.7166437019839712 and price: 0.2737 ...
2026-09-26 18:30:47,127 - freqtrade.freqtradebot - INFO - User denied entry for SUSHI/USDT:USDT.
2026-09-26 18:30:51,975 - freqtrade.wallets - INFO - Wallets synced.
2026-09-26 18:30:52,134 - freqtrade.freqtradebot - INFO - Long signal found: about create a new trade for SUSHI/USDT:USDT with stake_amount: 0.7166437019839712 and price: 0.2737 ...
2026-09-26 18:30:52,136 - freqtrade.freqtradebot - INFO - User denied entry for SUSHI/USDT:USDT.
2026-09-26 18:30:56,965 - freqtrade.wallets - INFO - Wallets synced.
2026-09-26 18:30:57,125 - freqtrade.freqtradebot - INFO - Long signal found: about create a new trade for SUSHI/USDT:USDT with stake_amount: 0.7166437019839712 and price: 0.2737 ...
2026-09-26 18:30:57,126 - freqtrade.freqtradebot - INFO - User denied entry for SUSHI/USDT:USDT.
2026-09-26 18:31:01,967 - freqtrade.wallets - INFO - Wallets synced.
2026-09-26 18:31:02,126 - freqtrade.freqtradebot - INFO - Long signal found: about create a new trade for SUSHI/USDT:USDT with stake_amount: 0.7166437019839712 and price: 0.2737 ...
2026-09-26 18:31:02,128 - freqtrade.freqtradebot - INFO - User denied entry for SUSHI/USDT:USDT.
2026-09-26 18:31:03,808 - freqtrade.wallets - INFO - Wallets synced.
2026-09-26 18:31:06,969 - freqtrade.wallets - INFO - Wallets synced.
2026-09-26 18:31:07,128 - freqtrade.freqtradebot - INFO - Long signal found: about create a new trade for SUSHI/USDT:USDT with stake_amount: 0.7166437019839712 and price: 0.2737 ...
2026-09-26 18:31:07,130 - freqtrade.freqtradebot - INFO - User denied entry for SUSHI/USDT:USDT.
2026-09-26 18:31:11,130 - freqtrade.worker - INFO - Bot heartbeat. PID=2359, version='2026.7', state='RUNNING'
2026-09-26 18:31:11,968 - freqtrade.wallets - INFO - Wallets synced.
2026-09-26 18:31:12,128 - freqtrade.freqtradebot - INFO - Long signal found: about create a new trade for SUSHI/USDT:USDT with stake_amount: 0.7166437019839712 and price: 0.2737 ...
2026-09-26 18:31:12,130 - freqtrade.freqtradebot - INFO - User denied entry for SUSHI/USDT:USDT.
2026-09-26 18:31:16,971 - freqtrade.wallets - INFO - Wallets synced.
2026-09-26 18:31:17,133 - freqtrade.freqtradebot - INFO - Long signal found: about create a new trade for SUSHI/USDT:USDT with stake_amount: 0.7166437019839712 and price: 0.2737 ...
2026-09-26 18:31:17,134 - freqtrade.freqtradebot - INFO - User denied entry for SUSHI/USDT:USDT.
2026-09-26 18:31:21,968 - freqtrade.wallets - INFO - Wallets synced.
2026-09-26 18:31:22,128 - freqtrade.freqtradebot - INFO - Long signal found: about create a new trade for SUSHI/USDT:USDT with stake_amount: 0.716381866506447 and price: 0.2736 ...
2026-09-26 18:31:22,129 - freqtrade.freqtradebot - INFO - User denied entry for SUSHI/USDT:USDT.
2026-09-26 18:31:26,968 - freqtrade.wallets - INFO - Wallets synced.
2026-09-26 18:31:27,127 - freqtrade.freqtradebot - INFO - Long signal found: about create a new trade for SUSHI/USDT:USDT with stake_amount: 0.716381866506447 and price: 0.2736 ...
2026-09-26 18:31:27,129 - freqtrade.freqtradebot - INFO - User denied entry for SUSHI/USDT:USDT.
2026-09-26 18:31:31,965 - freqtrade.wallets - INFO - Wallets synced.
2026-09-26 18:31:32,125 - freqtrade.freqtradebot - INFO - Long signal found: about create a new trade for SUSHI/USDT:USDT with stake_amount: 0.716381866506447 and price: 0.2736 ...
2026-09-26 18:31:32,126 - freqtrade.freqtradebot - INFO - User denied entry for SUSHI/USDT:USDT.
2026-09-26 18:31:36,972 - freqtrade.wallets - INFO - Wallets synced.
2026-09-26 18:31:37,133 - freqtrade.freqtradebot - INFO - Long signal found: about create a new trade for SUSHI/USDT:USDT with stake_amount: 0.716381866506447 and price: 0.2736 ...
2026-09-26 18:31:37,134 - freqtrade.freqtradebot - INFO - User denied entry for SUSHI/USDT:USDT.
2026-09-26 18:31:41,968 - freqtrade.wallets - INFO - Wallets synced.
2026-09-26 18:31:42,127 - freqtrade.freqtradebot - INFO - Long signal found: about create a new trade for SUSHI/USDT:USDT with stake_amount: 0.716381866506447 and price: 0.2736 ...
2026-09-26 18:31:42,129 - freqtrade.freqtradebot - INFO - User denied entry for SUSHI/USDT:USDT.
2026-09-26 18:31:46,965 - freqtrade.wallets - INFO - Wallets synced.
2026-09-26 18:31:47,124 - freqtrade.freqtradebot - INFO - Long signal found: about create a new trade for SUSHI/USDT:USDT with stake_amount: 0.7166437019839712 and price: 0.2737 ...
2026-09-26 18:31:47,126 - freqtrade.freqtradebot - INFO - User denied entry for SUSHI/USDT:USDT.
2026-09-26 18:31:51,966 - freqtrade.wallets - INFO - Wallets synced.
2026-09-26 18:31:52,126 - freqtrade.freqtradebot - INFO - Long signal found: about create a new trade for SUSHI/USDT:USDT with stake_amount: 0.7166437019839712 and price: 0.2737 ...
2026-09-26 18:31:52,128 - freqtrade.freqtradebot - INFO - User denied entry for SUSHI/USDT:USDT.
2026-09-26 18:31:56,968 - freqtrade.wallets - INFO - Wallets synced.
2026-09-26 18:31:57,128 - freqtrade.freqtradebot - INFO - Long signal found: about create a new trade for SUSHI/USDT:USDT with stake_amount: 0.7166437019839712 and price: 0.2737 ...
2026-09-26 18:31:57,129 - freqtrade.freqtradebot - INFO - User denied entry for SUSHI/USDT:USDT.
2026-09-26 18:32:01,968 - freqtrade.wallets - INFO - Wallets synced.
2026-09-26 18:32:02,128 - freqtrade.freqtradebot - INFO - Long signal found: about create a new trade for SUSHI/USDT:USDT with stake_amount: 0.7166437019839712 and price: 0.2737 ...
2026-09-26 18:32:02,129 - freqtrade.freqtradebot - INFO - User denied entry for SUSHI/USDT:USDT.
2026-09-26 18:32:06,967 - freqtrade.wallets - INFO - Wallets synced.
2026-09-26 18:32:07,127 - freqtrade.freqtradebot - INFO - Long signal found: about create a new trade for SUSHI/USDT:USDT with stake_amount: 0.7166437019839712 and price: 0.2737 ...
2026-09-26 18:32:07,128 - freqtrade.freqtradebot - INFO - User denied entry for SUSHI/USDT:USDT.
2026-09-26 18:32:11,132 - freqtrade.worker - INFO - Bot heartbeat. PID=2359, version='2026.7', state='RUNNING'
2026-09-26 18:32:11,970 - freqtrade.wallets - INFO - Wallets synced.
2026-09-26 18:32:12,130 - freqtrade.freqtradebot - INFO - Long signal found: about create a new trade for SUSHI/USDT:USDT with stake_amount: 0.7166437019839712 and price: 0.2737 ...
2026-09-26 18:32:12,132 - freqtrade.freqtradebot - INFO - User denied entry for SUSHI/USDT:USDT.
2026-09-26 18:32:16,971 - freqtrade.wallets - INFO - Wallets synced.
2026-09-26 18:32:17,131 - freqtrade.freqtradebot - INFO - Long signal found: about create a new trade for SUSHI/USDT:USDT with stake_amount: 0.7166437019839712 and price: 0.2737 ...
2026-09-26 18:32:17,133 - freqtrade.freqtradebot - INFO - User denied entry for SUSHI/USDT:USDT.
2026-09-26 18:32:21,970 - freqtrade.wallets - INFO - Wallets synced.
2026-09-26 18:32:22,129 - freqtrade.freqtradebot - INFO - Long signal found: about create a new trade for SUSHI/USDT:USDT with stake_amount: 0.7166437019839712 and price: 0.2737 ...
2026-09-26 18:32:22,131 - freqtrade.freqtradebot - INFO - User denied entry for SUSHI/USDT:USDT.
2026-09-26 18:32:26,969 - freqtrade.wallets - INFO - Wallets synced.
2026-09-26 18:32:27,129 - freqtrade.freqtradebot - INFO - Long signal found: about create a new trade for SUSHI/USDT:USDT with stake_amount: 0.7161200310289226 and price: 0.2735 ...
2026-09-26 18:32:27,130 - freqtrade.freqtradebot - INFO - User denied entry for SUSHI/USDT:USDT.
2026-09-26 18:32:31,969 - freqtrade.wallets - INFO - Wallets synced.
2026-09-26 18:32:32,129 - freqtrade.freqtradebot - INFO - Long signal found: about create a new trade for SUSHI/USDT:USDT with stake_amount: 0.7161200310289226 and price: 0.2735 ...
2026-09-26 18:32:32,131 - freqtrade.freqtradebot - INFO - User denied entry for SUSHI/USDT:USDT.
2026-09-26 18:32:36,973 - freqtrade.wallets - INFO - Wallets synced.
2026-09-26 18:32:37,133 - freqtrade.freqtradebot - INFO - Long signal found: about create a new trade for SUSHI/USDT:USDT with stake_amount: 0.7161200310289226 and price: 0.2735 ...
2026-09-26 18:32:37,134 - freqtrade.freqtradebot - INFO - User denied entry for SUSHI/USDT:USDT.
2026-09-26 18:32:41,970 - freqtrade.wallets - INFO - Wallets synced.
2026-09-26 18:32:42,130 - freqtrade.freqtradebot - INFO - Long signal found: about create a new trade for SUSHI/USDT:USDT with stake_amount: 0.7161200310289226 and price: 0.2735 ...
2026-09-26 18:32:42,131 - freqtrade.freqtradebot - INFO - User denied entry for SUSHI/USDT:USDT.
2026-09-26 18:32:46,971 - freqtrade.wallets - INFO - Wallets synced.
2026-09-26 18:32:47,131 - freqtrade.freqtradebot - INFO - Long signal found: about create a new trade for SUSHI/USDT:USDT with stake_amount: 0.7161200310289226 and price: 0.2735 ...
2026-09-26 18:32:47,133 - freqtrade.freqtradebot - INFO - User denied entry for SUSHI/USDT:USDT.
2026-09-26 18:32:51,983 - freqtrade.wallets - INFO - Wallets synced.
2026-09-26 18:32:52,143 - freqtrade.freqtradebot - INFO - Long signal found: about create a new trade for SUSHI/USDT:USDT with stake_amount: 0.7161200310289226 and price: 0.2735 ...
2026-09-26 18:32:52,144 - freqtrade.freqtradebot - INFO - User denied entry for SUSHI/USDT:USDT.
2026-09-26 18:32:56,971 - freqtrade.wallets - INFO - Wallets synced.
2026-09-26 18:32:57,131 - freqtrade.freqtradebot - INFO - Long signal found: about create a new trade for SUSHI/USDT:USDT with stake_amount: 0.7161200310289226 and price: 0.2735 ...
2026-09-26 18:32:57,132 - freqtrade.freqtradebot - INFO - User denied entry for SUSHI/USDT:USDT.
2026-09-26 18:33:01,971 - freqtrade.wallets - INFO - Wallets synced.
2026-09-26 18:33:02,130 - freqtrade.freqtradebot - INFO - Long signal found: about create a new trade for SUSHI/USDT:USDT with stake_amount: 0.7161200310289226 and price: 0.2735 ...
2026-09-26 18:33:02,132 - freqtrade.freqtradebot - INFO - User denied entry for SUSHI/USDT:USDT.
2026-09-26 18:33:06,992 - freqtrade.wallets - INFO - Wallets synced.
2026-09-26 18:33:07,153 - freqtrade.freqtradebot - INFO - Long signal found: about create a new trade for SUSHI/USDT:USDT with stake_amount: 0.7145490181637768 and price: 0.2729 ...
2026-09-26 18:33:07,154 - freqtrade.freqtradebot - INFO - User denied entry for SUSHI/USDT:USDT.
2026-09-26 18:33:11,135 - freqtrade.worker - INFO - Bot heartbeat. PID=2359, version='2026.7', state='RUNNING'
2026-09-26 18:33:11,972 - freqtrade.wallets - INFO - Wallets synced.
2026-09-26 18:33:12,140 - freqtrade.freqtradebot - INFO - Long signal found: about create a new trade for SUSHI/USDT:USDT with stake_amount: 0.7145490181637768 and price: 0.2729 ...
2026-09-26 18:33:12,141 - freqtrade.freqtradebot - INFO - User denied entry for SUSHI/USDT:USDT.
2026-09-26 18:33:16,980 - freqtrade.wallets - INFO - Wallets synced.
2026-09-26 18:33:17,139 - freqtrade.freqtradebot - INFO - Long signal found: about create a new trade for SUSHI/USDT:USDT with stake_amount: 0.7137635117312041 and price: 0.2726 ...
2026-09-26 18:33:17,140 - freqtrade.freqtradebot - INFO - User denied entry for SUSHI/USDT:USDT.
2026-09-26 18:33:21,972 - freqtrade.wallets - INFO - Wallets synced.
2026-09-26 18:33:22,132 - freqtrade.freqtradebot - INFO - Long signal found: about create a new trade for SUSHI/USDT:USDT with stake_amount: 0.7132398407761553 and price: 0.2724 ...
2026-09-26 18:33:22,133 - freqtrade.freqtradebot - INFO - User denied entry for SUSHI/USDT:USDT.
2026-09-26 18:33:26,978 - freqtrade.wallets - INFO - Wallets synced.
2026-09-26 18:33:27,137 - freqtrade.freqtradebot - INFO - Long signal found: about create a new trade for SUSHI/USDT:USDT with stake_amount: 0.7132398407761553 and price: 0.2724 ...
2026-09-26 18:33:27,139 - freqtrade.freqtradebot - INFO - User denied entry for SUSHI/USDT:USDT.
2026-09-26 18:33:31,975 - freqtrade.wallets - INFO - Wallets synced.
2026-09-26 18:33:32,137 - freqtrade.freqtradebot - INFO - Long signal found: about create a new trade for SUSHI/USDT:USDT with stake_amount: 0.7132398407761553 and price: 0.2724 ...
2026-09-26 18:33:32,139 - freqtrade.freqtradebot - INFO - User denied entry for SUSHI/USDT:USDT.
2026-09-26 18:33:36,977 - freqtrade.wallets - INFO - Wallets synced.
2026-09-26 18:33:37,139 - freqtrade.freqtradebot - INFO - Long signal found: about create a new trade for SUSHI/USDT:USDT with stake_amount: 0.7132398407761553 and price: 0.2724 ...
2026-09-26 18:33:37,140 - freqtrade.freqtradebot - INFO - User denied entry for SUSHI/USDT:USDT.
2026-09-26 18:33:41,974 - freqtrade.wallets - INFO - Wallets synced.
2026-09-26 18:33:42,134 - freqtrade.freqtradebot - INFO - Long signal found: about create a new trade for SUSHI/USDT:USDT with stake_amount: 0.7132398407761553 and price: 0.2724 ...
2026-09-26 18:33:42,135 - freqtrade.freqtradebot - INFO - User denied entry for SUSHI/USDT:USDT.
2026-09-26 18:33:46,976 - freqtrade.wallets - INFO - Wallets synced.
2026-09-26 18:33:47,135 - freqtrade.freqtradebot - INFO - Long signal found: about create a new trade for SUSHI/USDT:USDT with stake_amount: 0.7132398407761553 and price: 0.2724 ...
2026-09-26 18:33:47,136 - freqtrade.freqtradebot - INFO - User denied entry for SUSHI/USDT:USDT.
2026-09-26 18:33:51,972 - freqtrade.wallets - INFO - Wallets synced.
2026-09-26 18:33:52,134 - freqtrade.freqtradebot - INFO - Long signal found: about create a new trade for SUSHI/USDT:USDT with stake_amount: 0.7132398407761553 and price: 0.2724 ...
2026-09-26 18:33:52,136 - freqtrade.freqtradebot - INFO - User denied entry for SUSHI/USDT:USDT.
2026-09-26 18:33:56,972 - freqtrade.wallets - INFO - Wallets synced.
2026-09-26 18:33:57,132 - freqtrade.freqtradebot - INFO - Long signal found: about create a new trade for SUSHI/USDT:USDT with stake_amount: 0.7129780052986313 and price: 0.2723 ...
2026-09-26 18:33:57,133 - freqtrade.freqtradebot - INFO - User denied entry for SUSHI/USDT:USDT.
2026-09-26 18:34:01,978 - freqtrade.wallets - INFO - Wallets synced.
2026-09-26 18:34:02,137 - freqtrade.freqtradebot - INFO - Long signal found: about create a new trade for SUSHI/USDT:USDT with stake_amount: 0.7129780052986313 and price: 0.2723 ...
2026-09-26 18:34:02,139 - freqtrade.freqtradebot - INFO - User denied entry for SUSHI/USDT:USDT.
2026-09-26 18:34:06,973 - freqtrade.wallets - INFO - Wallets synced.
2026-09-26 18:34:07,136 - freqtrade.freqtradebot - INFO - Long signal found: about create a new trade for SUSHI/USDT:USDT with stake_amount: 0.7129780052986313 and price: 0.2723 ...
2026-09-26 18:34:07,137 - freqtrade.freqtradebot - INFO - User denied entry for SUSHI/USDT:USDT.
2026-09-26 18:34:11,138 - freqtrade.worker - INFO - Bot heartbeat. PID=2359, version='2026.7', state='RUNNING'
2026-09-26 18:34:11,989 - freqtrade.wallets - INFO - Wallets synced.
2026-09-26 18:34:12,149 - freqtrade.freqtradebot - INFO - Long signal found: about create a new trade for SUSHI/USDT:USDT with stake_amount: 0.7129780052986313 and price: 0.2723 ...
2026-09-26 18:34:12,150 - freqtrade.freqtradebot - INFO - User denied entry for SUSHI/USDT:USDT.
2026-09-26 18:34:16,978 - freqtrade.wallets - INFO - Wallets synced.
2026-09-26 18:34:17,138 - freqtrade.freqtradebot - INFO - Long signal found: about create a new trade for SUSHI/USDT:USDT with stake_amount: 0.7129780052986313 and price: 0.2723 ...
2026-09-26 18:34:17,140 - freqtrade.freqtradebot - INFO - User denied entry for SUSHI/USDT:USDT.
2026-09-26 18:34:21,976 - freqtrade.wallets - INFO - Wallets synced.
2026-09-26 18:34:22,135 - freqtrade.freqtradebot - INFO - Long signal found: about create a new trade for SUSHI/USDT:USDT with stake_amount: 0.7129780052986313 and price: 0.2723 ...
2026-09-26 18:34:22,137 - freqtrade.freqtradebot - INFO - User denied entry for SUSHI/USDT:USDT.
2026-09-26 18:34:26,979 - freqtrade.wallets - INFO - Wallets synced.
2026-09-26 18:34:27,138 - freqtrade.freqtradebot - INFO - Long signal found: about create a new trade for SUSHI/USDT:USDT with stake_amount: 0.7129780052986313 and price: 0.2723 ...
2026-09-26 18:34:27,140 - freqtrade.freqtradebot - INFO - User denied entry for SUSHI/USDT:USDT.
2026-09-26 18:34:31,978 - freqtrade.wallets - INFO - Wallets synced.
2026-09-26 18:34:32,138 - freqtrade.freqtradebot - INFO - Long signal found: about create a new trade for SUSHI/USDT:USDT with stake_amount: 0.7124543343435826 and price: 0.2721 ...
2026-09-26 18:34:32,139 - freqtrade.freqtradebot - INFO - User denied entry for SUSHI/USDT:USDT.
2026-09-26 18:34:36,975 - freqtrade.wallets - INFO - Wallets synced.
2026-09-26 18:34:37,135 - freqtrade.freqtradebot - INFO - Long signal found: about create a new trade for SUSHI/USDT:USDT with stake_amount: 0.7114069924334854 and price: 0.2717 ...
2026-09-26 18:34:37,136 - freqtrade.freqtradebot - INFO - User denied entry for SUSHI/USDT:USDT.
2026-09-26 18:34:41,979 - freqtrade.wallets - INFO - Wallets synced.
2026-09-26 18:34:42,138 - freqtrade.freqtradebot - INFO - Long signal found: about create a new trade for SUSHI/USDT:USDT with stake_amount: 0.7114069924334854 and price: 0.2717 ...
2026-09-26 18:34:42,140 - freqtrade.freqtradebot - INFO - User denied entry for SUSHI/USDT:USDT.
2026-09-26 18:34:46,976 - freqtrade.wallets - INFO - Wallets synced.
2026-09-26 18:34:47,135 - freqtrade.freqtradebot - INFO - Long signal found: about create a new trade for SUSHI/USDT:USDT with stake_amount: 0.7111451569559614 and price: 0.2716 ...
2026-09-26 18:34:47,137 - freqtrade.freqtradebot - INFO - User denied entry for SUSHI/USDT:USDT.
2026-09-26 18:34:52,174 - freqtrade.wallets - INFO - Wallets synced.
2026-09-26 18:34:52,333 - freqtrade.freqtradebot - INFO - Long signal found: about create a new trade for SUSHI/USDT:USDT with stake_amount: 0.710883321478437 and price: 0.2715 ...
2026-09-26 18:34:52,335 - freqtrade.freqtradebot - INFO - User denied entry for SUSHI/USDT:USDT.
2026-09-26 18:34:56,977 - freqtrade.wallets - INFO - Wallets synced.
2026-09-26 18:34:57,136 - freqtrade.freqtradebot - INFO - Long signal found: about create a new trade for SUSHI/USDT:USDT with stake_amount: 0.7114069924334854 and price: 0.2717 ...
2026-09-26 18:34:57,138 - freqtrade.freqtradebot - INFO - User denied entry for SUSHI/USDT:USDT.
2026-09-26 18:35:01,975 - freqtrade.wallets - INFO - Wallets synced.
2026-09-26 18:35:02,134 - freqtrade.freqtradebot - INFO - Long signal found: about create a new trade for SUSHI/USDT:USDT with stake_amount: 0.7116688279110098 and price: 0.2718 ...
2026-09-26 18:35:02,136 - freqtrade.freqtradebot - INFO - User denied entry for SUSHI/USDT:USDT.
2026-09-26 18:35:06,975 - freqtrade.wallets - INFO - Wallets synced.
2026-09-26 18:35:07,135 - freqtrade.freqtradebot - INFO - Long signal found: about create a new trade for SUSHI/USDT:USDT with stake_amount: 0.711930663388534 and price: 0.2719 ...
2026-09-26 18:35:07,136 - freqtrade.freqtradebot - INFO - User denied entry for SUSHI/USDT:USDT.
2026-09-26 18:35:11,141 - freqtrade.worker - INFO - Bot heartbeat. PID=2359, version='2026.7', state='RUNNING'
2026-09-26 18:35:11,983 - freqtrade.wallets - INFO - Wallets synced.
2026-09-26 18:35:12,143 - freqtrade.freqtradebot - INFO - Long signal found: about create a new trade for SUSHI/USDT:USDT with stake_amount: 0.711930663388534 and price: 0.2719 ...
2026-09-26 18:35:12,144 - freqtrade.freqtradebot - INFO - User denied entry for SUSHI/USDT:USDT.
2026-09-26 18:35:16,976 - freqtrade.wallets - INFO - Wallets synced.
2026-09-26 18:35:17,136 - freqtrade.freqtradebot - INFO - Long signal found: about create a new trade for SUSHI/USDT:USDT with stake_amount: 0.711930663388534 and price: 0.2719 ...
2026-09-26 18:35:17,137 - freqtrade.freqtradebot - INFO - User denied entry for SUSHI/USDT:USDT.
2026-09-26 18:35:21,977 - freqtrade.wallets - INFO - Wallets synced.
2026-09-26 18:35:22,136 - freqtrade.freqtradebot - INFO - Long signal found: about create a new trade for SUSHI/USDT:USDT with stake_amount: 0.7114069924334854 and price: 0.2717 ...
2026-09-26 18:35:22,138 - freqtrade.freqtradebot - INFO - User denied entry for SUSHI/USDT:USDT.
2026-09-26 18:35:26,979 - freqtrade.wallets - INFO - Wallets synced.
2026-09-26 18:35:27,138 - freqtrade.freqtradebot - INFO - Long signal found: about create a new trade for SUSHI/USDT:USDT with stake_amount: 0.7114069924334854 and price: 0.2717 ...
2026-09-26 18:35:27,140 - freqtrade.freqtradebot - INFO - User denied entry for SUSHI/USDT:USDT.
2026-09-26 18:35:31,981 - freqtrade.wallets - INFO - Wallets synced.
2026-09-26 18:35:32,140 - freqtrade.freqtradebot - INFO - Long signal found: about create a new trade for SUSHI/USDT:USDT with stake_amount: 0.7114069924334854 and price: 0.2717 ...
2026-09-26 18:35:32,142 - freqtrade.freqtradebot - INFO - User denied entry for SUSHI/USDT:USDT.
2026-09-26 18:35:36,982 - freqtrade.wallets - INFO - Wallets synced.
2026-09-26 18:35:37,142 - freqtrade.freqtradebot - INFO - Long signal found: about create a new trade for SUSHI/USDT:USDT with stake_amount: 0.7114069924334854 and price: 0.2717 ...
2026-09-26 18:35:37,143 - freqtrade.freqtradebot - INFO - User denied entry for SUSHI/USDT:USDT.
2026-09-26 18:35:41,984 - freqtrade.wallets - INFO - Wallets synced.
2026-09-26 18:35:42,144 - freqtrade.freqtradebot - INFO - Long signal found: about create a new trade for SUSHI/USDT:USDT with stake_amount: 0.7114069924334854 and price: 0.2717 ...
2026-09-26 18:35:42,145 - freqtrade.freqtradebot - INFO - User denied entry for SUSHI/USDT:USDT.
2026-09-26 18:35:46,979 - freqtrade.wallets - INFO - Wallets synced.
2026-09-26 18:35:47,140 - freqtrade.freqtradebot - INFO - Long signal found: about create a new trade for SUSHI/USDT:USDT with stake_amount: 0.7114069924334854 and price: 0.2717 ...
2026-09-26 18:35:47,141 - freqtrade.freqtradebot - INFO - User denied entry for SUSHI/USDT:USDT.
2026-09-26 18:35:51,979 - freqtrade.wallets - INFO - Wallets synced.
2026-09-26 18:35:52,139 - freqtrade.freqtradebot - INFO - Long signal found: about create a new trade for SUSHI/USDT:USDT with stake_amount: 0.7114069924334854 and price: 0.2717 ...
2026-09-26 18:35:52,140 - freqtrade.freqtradebot - INFO - User denied entry for SUSHI/USDT:USDT.
2026-09-26 18:35:56,979 - freqtrade.wallets - INFO - Wallets synced.
2026-09-26 18:35:57,138 - freqtrade.freqtradebot - INFO - Long signal found: about create a new trade for SUSHI/USDT:USDT with stake_amount: 0.7111451569559614 and price: 0.2716 ...
2026-09-26 18:35:57,139 - freqtrade.freqtradebot - INFO - User denied entry for SUSHI/USDT:USDT.
2026-09-26 18:36:01,978 - freqtrade.wallets - INFO - Wallets synced.
2026-09-26 18:36:02,137 - freqtrade.freqtradebot - INFO - Long signal found: about create a new trade for SUSHI/USDT:USDT with stake_amount: 0.7114069924334854 and price: 0.2717 ...
2026-09-26 18:36:02,139 - freqtrade.freqtradebot - INFO - User denied entry for SUSHI/USDT:USDT.
2026-09-26 18:36:06,978 - freqtrade.wallets - INFO - Wallets synced.
2026-09-26 18:36:07,138 - freqtrade.freqtradebot - INFO - Long signal found: about create a new trade for SUSHI/USDT:USDT with stake_amount: 0.7114069924334854 and price: 0.2717 ...
2026-09-26 18:36:07,139 - freqtrade.freqtradebot - INFO - User denied entry for SUSHI/USDT:USDT.
2026-09-26 18:36:11,144 - freqtrade.worker - INFO - Bot heartbeat. PID=2359, version='2026.7', state='RUNNING'
2026-09-26 18:36:11,979 - freqtrade.wallets - INFO - Wallets synced.
2026-09-26 18:36:12,138 - freqtrade.freqtradebot - INFO - Long signal found: about create a new trade for SUSHI/USDT:USDT with stake_amount: 0.710883321478437 and price: 0.2715 ...
2026-09-26 18:36:12,140 - freqtrade.freqtradebot - INFO - User denied entry for SUSHI/USDT:USDT.
2026-09-26 18:36:16,980 - freqtrade.wallets - INFO - Wallets synced.
2026-09-26 18:36:17,140 - freqtrade.freqtradebot - INFO - Long signal found: about create a new trade for SUSHI/USDT:USDT with stake_amount: 0.710883321478437 and price: 0.2715 ...
2026-09-26 18:36:17,141 - freqtrade.freqtradebot - INFO - User denied entry for SUSHI/USDT:USDT.
2026-09-26 18:36:21,979 - freqtrade.wallets - INFO - Wallets synced.
2026-09-26 18:36:22,139 - freqtrade.freqtradebot - INFO - Long signal found: about create a new trade for SUSHI/USDT:USDT with stake_amount: 0.710883321478437 and price: 0.2715 ...
2026-09-26 18:36:22,141 - freqtrade.freqtradebot - INFO - User denied entry for SUSHI/USDT:USDT.
2026-09-26 18:36:26,988 - freqtrade.wallets - INFO - Wallets synced.
2026-09-26 18:36:27,147 - freqtrade.freqtradebot - INFO - Long signal found: about create a new trade for SUSHI/USDT:USDT with stake_amount: 0.710883321478437 and price: 0.2715 ...
2026-09-26 18:36:27,149 - freqtrade.freqtradebot - INFO - User denied entry for SUSHI/USDT:USDT.
2026-09-26 18:36:31,981 - freqtrade.wallets - INFO - Wallets synced.
2026-09-26 18:36:32,140 - freqtrade.freqtradebot - INFO - Long signal found: about create a new trade for SUSHI/USDT:USDT with stake_amount: 0.710883321478437 and price: 0.2715 ...
2026-09-26 18:36:32,142 - freqtrade.freqtradebot - INFO - User denied entry for SUSHI/USDT:USDT.
2026-09-26 18:36:36,983 - freqtrade.wallets - INFO - Wallets synced.
2026-09-26 18:36:37,142 - freqtrade.freqtradebot - INFO - Long signal found: about create a new trade for SUSHI/USDT:USDT with stake_amount: 0.710883321478437 and price: 0.2715 ...
2026-09-26 18:36:37,144 - freqtrade.freqtradebot - INFO - User denied entry for SUSHI/USDT:USDT.
2026-09-26 18:36:41,990 - freqtrade.wallets - INFO - Wallets synced.
2026-09-26 18:36:42,149 - freqtrade.freqtradebot - INFO - Long signal found: about create a new trade for SUSHI/USDT:USDT with stake_amount: 0.710883321478437 and price: 0.2715 ...
2026-09-26 18:36:42,151 - freqtrade.freqtradebot - INFO - User denied entry for SUSHI/USDT:USDT.
2026-09-26 18:36:46,985 - freqtrade.wallets - INFO - Wallets synced.
2026-09-26 18:36:47,144 - freqtrade.freqtradebot - INFO - Long signal found: about create a new trade for SUSHI/USDT:USDT with stake_amount: 0.710883321478437 and price: 0.2715 ...
2026-09-26 18:36:47,146 - freqtrade.freqtradebot - INFO - User denied entry for SUSHI/USDT:USDT.
2026-09-26 18:36:51,986 - freqtrade.wallets - INFO - Wallets synced.
2026-09-26 18:36:52,146 - freqtrade.freqtradebot - INFO - Long signal found: about create a new trade for SUSHI/USDT:USDT with stake_amount: 0.710883321478437 and price: 0.2715 ...
2026-09-26 18:36:52,147 - freqtrade.freqtradebot - INFO - User denied entry for SUSHI/USDT:USDT.
2026-09-26 18:36:56,982 - freqtrade.wallets - INFO - Wallets synced.
2026-09-26 18:36:57,141 - freqtrade.freqtradebot - INFO - Long signal found: about create a new trade for SUSHI/USDT:USDT with stake_amount: 0.710883321478437 and price: 0.2715 ...
2026-09-26 18:36:57,143 - freqtrade.freqtradebot - INFO - User denied entry for SUSHI/USDT:USDT.
2026-09-26 18:37:01,980 - freqtrade.wallets - INFO - Wallets synced.
2026-09-26 18:37:02,139 - freqtrade.freqtradebot - INFO - Long signal found: about create a new trade for SUSHI/USDT:USDT with stake_amount: 0.7103596505233883 and price: 0.2713 ...
2026-09-26 18:37:02,141 - freqtrade.freqtradebot - INFO - User denied entry for SUSHI/USDT:USDT.
2026-09-26 18:37:06,988 - freqtrade.wallets - INFO - Wallets synced.
2026-09-26 18:37:07,148 - freqtrade.freqtradebot - INFO - Long signal found: about create a new trade for SUSHI/USDT:USDT with stake_amount: 0.7103596505233883 and price: 0.2713 ...
2026-09-26 18:37:07,149 - freqtrade.freqtradebot - INFO - User denied entry for SUSHI/USDT:USDT.
2026-09-26 18:37:11,146 - freqtrade.worker - INFO - Bot heartbeat. PID=2359, version='2026.7', state='RUNNING'
2026-09-26 18:37:11,985 - freqtrade.wallets - INFO - Wallets synced.
2026-09-26 18:37:12,145 - freqtrade.freqtradebot - INFO - Long signal found: about create a new trade for SUSHI/USDT:USDT with stake_amount: 0.7103596505233883 and price: 0.2713 ...
2026-09-26 18:37:12,146 - freqtrade.freqtradebot - INFO - User denied entry for SUSHI/USDT:USDT.
2026-09-26 18:37:16,984 - freqtrade.wallets - INFO - Wallets synced.
2026-09-26 18:37:17,144 - freqtrade.freqtradebot - INFO - Long signal found: about create a new trade for SUSHI/USDT:USDT with stake_amount: 0.7103596505233883 and price: 0.2713 ...
2026-09-26 18:37:17,145 - freqtrade.freqtradebot - INFO - User denied entry for SUSHI/USDT:USDT.
2026-09-26 18:37:21,984 - freqtrade.wallets - INFO - Wallets synced.
2026-09-26 18:37:22,144 - freqtrade.freqtradebot - INFO - Long signal found: about create a new trade for SUSHI/USDT:USDT with stake_amount: 0.7103596505233883 and price: 0.2713 ...
2026-09-26 18:37:22,145 - freqtrade.freqtradebot - INFO - User denied entry for SUSHI/USDT:USDT.
2026-09-26 18:37:26,987 - freqtrade.wallets - INFO - Wallets synced.
2026-09-26 18:37:27,146 - freqtrade.freqtradebot - INFO - Long signal found: about create a new trade for SUSHI/USDT:USDT with stake_amount: 0.710097815045864 and price: 0.2712 ...
2026-09-26 18:37:27,148 - freqtrade.freqtradebot - INFO - User denied entry for SUSHI/USDT:USDT.
2026-09-26 18:37:31,986 - freqtrade.wallets - INFO - Wallets synced.
2026-09-26 18:37:32,148 - freqtrade.freqtradebot - INFO - Long signal found: about create a new trade for SUSHI/USDT:USDT with stake_amount: 0.710097815045864 and price: 0.2712 ...
2026-09-26 18:37:32,150 - freqtrade.freqtradebot - INFO - User denied entry for SUSHI/USDT:USDT.
2026-09-26 18:37:36,983 - freqtrade.wallets - INFO - Wallets synced.
2026-09-26 18:37:37,142 - freqtrade.freqtradebot - INFO - Long signal found: about create a new trade for SUSHI/USDT:USDT with stake_amount: 0.710097815045864 and price: 0.2712 ...
2026-09-26 18:37:37,144 - freqtrade.freqtradebot - INFO - User denied entry for SUSHI/USDT:USDT.
2026-09-26 18:37:41,992 - freqtrade.wallets - INFO - Wallets synced.
2026-09-26 18:37:42,152 - freqtrade.freqtradebot - INFO - Long signal found: about create a new trade for SUSHI/USDT:USDT with stake_amount: 0.710097815045864 and price: 0.2712 ...
2026-09-26 18:37:42,153 - freqtrade.freqtradebot - INFO - User denied entry for SUSHI/USDT:USDT.
2026-09-26 18:37:46,984 - freqtrade.wallets - INFO - Wallets synced.
2026-09-26 18:37:47,143 - freqtrade.freqtradebot - INFO - Long signal found: about create a new trade for SUSHI/USDT:USDT with stake_amount: 0.710097815045864 and price: 0.2712 ...
2026-09-26 18:37:47,145 - freqtrade.freqtradebot - INFO - User denied entry for SUSHI/USDT:USDT.
2026-09-26 18:37:51,984 - freqtrade.wallets - INFO - Wallets synced.
2026-09-26 18:37:52,143 - freqtrade.freqtradebot - INFO - Long signal found: about create a new trade for SUSHI/USDT:USDT with stake_amount: 0.710097815045864 and price: 0.2712 ...
2026-09-26 18:37:52,145 - freqtrade.freqtradebot - INFO - User denied entry for SUSHI/USDT:USDT.
2026-09-26 18:37:56,984 - freqtrade.wallets - INFO - Wallets synced.
2026-09-26 18:37:57,145 - freqtrade.freqtradebot - INFO - Long signal found: about create a new trade for SUSHI/USDT:USDT with stake_amount: 0.710097815045864 and price: 0.2712 ...
2026-09-26 18:37:57,146 - freqtrade.freqtradebot - INFO - User denied entry for SUSHI/USDT:USDT.
2026-09-26 18:38:01,984 - freqtrade.wallets - INFO - Wallets synced.
2026-09-26 18:38:02,145 - freqtrade.freqtradebot - INFO - Long signal found: about create a new trade for SUSHI/USDT:USDT with stake_amount: 0.710097815045864 and price: 0.2712 ...
2026-09-26 18:38:02,146 - freqtrade.freqtradebot - INFO - User denied entry for SUSHI/USDT:USDT.
2026-09-26 18:38:06,990 - freqtrade.wallets - INFO - Wallets synced.
2026-09-26 18:38:07,150 - freqtrade.freqtradebot - INFO - Long signal found: about create a new trade for SUSHI/USDT:USDT with stake_amount: 0.710097815045864 and price: 0.2712 ...
2026-09-26 18:38:07,152 - freqtrade.freqtradebot - INFO - User denied entry for SUSHI/USDT:USDT.
2026-09-26 18:38:11,149 - freqtrade.worker - INFO - Bot heartbeat. PID=2359, version='2026.7', state='RUNNING'
2026-09-26 18:38:11,993 - freqtrade.wallets - INFO - Wallets synced.
2026-09-26 18:38:12,153 - freqtrade.freqtradebot - INFO - Long signal found: about create a new trade for SUSHI/USDT:USDT with stake_amount: 0.7087886376582426 and price: 0.2707 ...
2026-09-26 18:38:12,154 - freqtrade.freqtradebot - INFO - User denied entry for SUSHI/USDT:USDT.
2026-09-26 18:38:16,987 - freqtrade.wallets - INFO - Wallets synced.
2026-09-26 18:38:17,146 - freqtrade.freqtradebot - INFO - Long signal found: about create a new trade for SUSHI/USDT:USDT with stake_amount: 0.7087886376582426 and price: 0.2707 ...
2026-09-26 18:38:17,147 - freqtrade.freqtradebot - INFO - User denied entry for SUSHI/USDT:USDT.
2026-09-26 18:38:21,986 - freqtrade.wallets - INFO - Wallets synced.
2026-09-26 18:38:22,146 - freqtrade.freqtradebot - INFO - Long signal found: about create a new trade for SUSHI/USDT:USDT with stake_amount: 0.7087886376582426 and price: 0.2707 ...
2026-09-26 18:38:22,147 - freqtrade.freqtradebot - INFO - User denied entry for SUSHI/USDT:USDT.
2026-09-26 18:38:26,989 - freqtrade.wallets - INFO - Wallets synced.
2026-09-26 18:38:27,149 - freqtrade.freqtradebot - INFO - Long signal found: about create a new trade for SUSHI/USDT:USDT with stake_amount: 0.7082649667031942 and price: 0.2705 ...
2026-09-26 18:38:27,150 - freqtrade.freqtradebot - INFO - User denied entry for SUSHI/USDT:USDT.
2026-09-26 18:38:31,988 - freqtrade.wallets - INFO - Wallets synced.
2026-09-26 18:38:32,147 - freqtrade.freqtradebot - INFO - Long signal found: about create a new trade for SUSHI/USDT:USDT with stake_amount: 0.7082649667031942 and price: 0.2705 ...
2026-09-26 18:38:32,149 - freqtrade.freqtradebot - INFO - User denied entry for SUSHI/USDT:USDT.
2026-09-26 18:38:36,990 - freqtrade.wallets - INFO - Wallets synced.
2026-09-26 18:38:37,149 - freqtrade.freqtradebot - INFO - Long signal found: about create a new trade for SUSHI/USDT:USDT with stake_amount: 0.7082649667031942 and price: 0.2705 ...
2026-09-26 18:38:37,151 - freqtrade.freqtradebot - INFO - User denied entry for SUSHI/USDT:USDT.
2026-09-26 18:38:41,985 - freqtrade.wallets - INFO - Wallets synced.
2026-09-26 18:38:42,144 - freqtrade.freqtradebot - INFO - Long signal found: about create a new trade for SUSHI/USDT:USDT with stake_amount: 0.7082649667031942 and price: 0.2705 ...
2026-09-26 18:38:42,145 - freqtrade.freqtradebot - INFO - User denied entry for SUSHI/USDT:USDT.
2026-09-26 18:38:46,999 - freqtrade.wallets - INFO - Wallets synced.
2026-09-26 18:38:47,159 - freqtrade.freqtradebot - INFO - Long signal found: about create a new trade for SUSHI/USDT:USDT with stake_amount: 0.7082649667031942 and price: 0.2705 ...
2026-09-26 18:38:47,160 - freqtrade.freqtradebot - INFO - User denied entry for SUSHI/USDT:USDT.
2026-09-26 18:38:51,987 - freqtrade.wallets - INFO - Wallets synced.
2026-09-26 18:38:52,148 - freqtrade.freqtradebot - INFO - Long signal found: about create a new trade for SUSHI/USDT:USDT with stake_amount: 0.7082649667031942 and price: 0.2705 ...
2026-09-26 18:38:52,150 - freqtrade.freqtradebot - INFO - User denied entry for SUSHI/USDT:USDT.
2026-09-26 18:38:56,988 - freqtrade.wallets - INFO - Wallets synced.
2026-09-26 18:38:57,147 - freqtrade.freqtradebot - INFO - Long signal found: about create a new trade for SUSHI/USDT:USDT with stake_amount: 0.7082649667031942 and price: 0.2705 ...
2026-09-26 18:38:57,149 - freqtrade.freqtradebot - INFO - User denied entry for SUSHI/USDT:USDT.
2026-09-26 18:39:01,991 - freqtrade.wallets - INFO - Wallets synced.
2026-09-26 18:39:02,151 - freqtrade.freqtradebot - INFO - Long signal found: about create a new trade for SUSHI/USDT:USDT with stake_amount: 0.7082649667031942 and price: 0.2705 ...
2026-09-26 18:39:02,152 - freqtrade.freqtradebot - INFO - User denied entry for SUSHI/USDT:USDT.
2026-09-26 18:39:06,989 - freqtrade.wallets - INFO - Wallets synced.
2026-09-26 18:39:07,153 - freqtrade.freqtradebot - INFO - Long signal found: about create a new trade for SUSHI/USDT:USDT with stake_amount: 0.7082649667031942 and price: 0.2705 ...
2026-09-26 18:39:07,154 - freqtrade.freqtradebot - INFO - User denied entry for SUSHI/USDT:USDT.
2026-09-26 18:39:11,153 - freqtrade.worker - INFO - Bot heartbeat. PID=2359, version='2026.7', state='RUNNING'
2026-09-26 18:39:11,994 - freqtrade.wallets - INFO - Wallets synced.
2026-09-26 18:39:12,153 - freqtrade.freqtradebot - INFO - Long signal found: about create a new trade for SUSHI/USDT:USDT with stake_amount: 0.7082649667031942 and price: 0.2705 ...
2026-09-26 18:39:12,155 - freqtrade.freqtradebot - INFO - User denied entry for SUSHI/USDT:USDT.
2026-09-26 18:39:17,137 - freqtrade.wallets - INFO - Wallets synced.
2026-09-26 18:39:17,296 - freqtrade.freqtradebot - INFO - Long signal found: about create a new trade for SUSHI/USDT:USDT with stake_amount: 0.7082649667031942 and price: 0.2705 ...
2026-09-26 18:39:17,298 - freqtrade.freqtradebot - INFO - User denied entry for SUSHI/USDT:USDT.
2026-09-26 18:39:21,990 - freqtrade.wallets - INFO - Wallets synced.
2026-09-26 18:39:22,149 - freqtrade.freqtradebot - INFO - Long signal found: about create a new trade for SUSHI/USDT:USDT with stake_amount: 0.7080031312256697 and price: 0.2704 ...
2026-09-26 18:39:22,151 - freqtrade.freqtradebot - INFO - User denied entry for SUSHI/USDT:USDT.
2026-09-26 18:39:26,991 - freqtrade.wallets - INFO - Wallets synced.
2026-09-26 18:39:27,150 - freqtrade.freqtradebot - INFO - Long signal found: about create a new trade for SUSHI/USDT:USDT with stake_amount: 0.7080031312256697 and price: 0.2704 ...
2026-09-26 18:39:27,152 - freqtrade.freqtradebot - INFO - User denied entry for SUSHI/USDT:USDT.
2026-09-26 18:39:31,992 - freqtrade.wallets - INFO - Wallets synced.
2026-09-26 18:39:32,151 - freqtrade.freqtradebot - INFO - Long signal found: about create a new trade for SUSHI/USDT:USDT with stake_amount: 0.7080031312256697 and price: 0.2704 ...
2026-09-26 18:39:32,153 - freqtrade.freqtradebot - INFO - User denied entry for SUSHI/USDT:USDT.
2026-09-26 18:39:36,993 - freqtrade.wallets - INFO - Wallets synced.
2026-09-26 18:39:37,153 - freqtrade.freqtradebot - INFO - Long signal found: about create a new trade for SUSHI/USDT:USDT with stake_amount: 0.7080031312256697 and price: 0.2704 ...
2026-09-26 18:39:37,154 - freqtrade.freqtradebot - INFO - User denied entry for SUSHI/USDT:USDT.
2026-09-26 18:39:41,994 - freqtrade.wallets - INFO - Wallets synced.
2026-09-26 18:39:42,154 - freqtrade.freqtradebot - INFO - Long signal found: about create a new trade for SUSHI/USDT:USDT with stake_amount: 0.7080031312256697 and price: 0.2704 ...
2026-09-26 18:39:42,155 - freqtrade.freqtradebot - INFO - User denied entry for SUSHI/USDT:USDT.
2026-09-26 18:39:46,994 - freqtrade.wallets - INFO - Wallets synced.
2026-09-26 18:39:47,154 - freqtrade.freqtradebot - INFO - Long signal found: about create a new trade for SUSHI/USDT:USDT with stake_amount: 0.7077412957481455 and price: 0.2703 ...
2026-09-26 18:39:47,155 - freqtrade.freqtradebot - INFO - User denied entry for SUSHI/USDT:USDT.
2026-09-26 18:39:51,991 - freqtrade.wallets - INFO - Wallets synced.
2026-09-26 18:39:52,151 - freqtrade.freqtradebot - INFO - Long signal found: about create a new trade for SUSHI/USDT:USDT with stake_amount: 0.7077412957481455 and price: 0.2703 ...
2026-09-26 18:39:52,152 - freqtrade.freqtradebot - INFO - User denied entry for SUSHI/USDT:USDT.
2026-09-26 18:39:56,999 - freqtrade.wallets - INFO - Wallets synced.
2026-09-26 18:39:57,161 - freqtrade.freqtradebot - INFO - Long signal found: about create a new trade for SUSHI/USDT:USDT with stake_amount: 0.7069557893155727 and price: 0.27 ...
2026-09-26 18:39:57,162 - freqtrade.freqtradebot - INFO - User denied entry for SUSHI/USDT:USDT.
2026-09-26 18:40:01,998 - freqtrade.wallets - INFO - Wallets synced.
2026-09-26 18:40:02,158 - freqtrade.freqtradebot - INFO - Long signal found: about create a new trade for SUSHI/USDT:USDT with stake_amount: 0.7069557893155727 and price: 0.27 ...
2026-09-26 18:40:02,159 - freqtrade.freqtradebot - INFO - User denied entry for SUSHI/USDT:USDT.
2026-09-26 18:40:06,995 - freqtrade.wallets - INFO - Wallets synced.
2026-09-26 18:40:07,155 - freqtrade.freqtradebot - INFO - Long signal found: about create a new trade for SUSHI/USDT:USDT with stake_amount: 0.7069557893155727 and price: 0.27 ...
2026-09-26 18:40:07,156 - freqtrade.freqtradebot - INFO - User denied entry for SUSHI/USDT:USDT.
2026-09-26 18:40:11,155 - freqtrade.worker - INFO - Bot heartbeat. PID=2359, version='2026.7', state='RUNNING'
2026-09-26 18:40:11,992 - freqtrade.wallets - INFO - Wallets synced.
2026-09-26 18:40:12,151 - freqtrade.freqtradebot - INFO - Long signal found: about create a new trade for SUSHI/USDT:USDT with stake_amount: 0.7069557893155727 and price: 0.27 ...
2026-09-26 18:40:12,152 - freqtrade.freqtradebot - INFO - User denied entry for SUSHI/USDT:USDT.
2026-09-26 18:40:16,994 - freqtrade.wallets - INFO - Wallets synced.
2026-09-26 18:40:17,154 - freqtrade.freqtradebot - INFO - Long signal found: about create a new trade for SUSHI/USDT:USDT with stake_amount: 0.7069557893155727 and price: 0.27 ...
2026-09-26 18:40:17,155 - freqtrade.freqtradebot - INFO - User denied entry for SUSHI/USDT:USDT.
2026-09-26 18:40:21,998 - freqtrade.wallets - INFO - Wallets synced.
2026-09-26 18:40:22,158 - freqtrade.freqtradebot - INFO - Long signal found: about create a new trade for SUSHI/USDT:USDT with stake_amount: 0.7069557893155727 and price: 0.27 ...
2026-09-26 18:40:22,159 - freqtrade.freqtradebot - INFO - User denied entry for SUSHI/USDT:USDT.
2026-09-26 18:40:26,993 - freqtrade.wallets - INFO - Wallets synced.
2026-09-26 18:40:27,152 - freqtrade.freqtradebot - INFO - Long signal found: about create a new trade for SUSHI/USDT:USDT with stake_amount: 0.7059084474054756 and price: 0.2696 ...
2026-09-26 18:40:27,154 - freqtrade.freqtradebot - INFO - User denied entry for SUSHI/USDT:USDT.
2026-09-26 18:40:31,992 - freqtrade.wallets - INFO - Wallets synced.
2026-09-26 18:40:32,151 - freqtrade.freqtradebot - INFO - Long signal found: about create a new trade for SUSHI/USDT:USDT with stake_amount: 0.7056466119279513 and price: 0.2695 ...
2026-09-26 18:40:32,153 - freqtrade.freqtradebot - INFO - User denied entry for SUSHI/USDT:USDT.
2026-09-26 18:40:36,993 - freqtrade.wallets - INFO - Wallets synced.
2026-09-26 18:40:37,153 - freqtrade.freqtradebot - INFO - Long signal found: about create a new trade for SUSHI/USDT:USDT with stake_amount: 0.7056466119279513 and price: 0.2695 ...
2026-09-26 18:40:37,155 - freqtrade.freqtradebot - INFO - User denied entry for SUSHI/USDT:USDT.
2026-09-26 18:40:41,992 - freqtrade.wallets - INFO - Wallets synced.
2026-09-26 18:40:42,151 - freqtrade.freqtradebot - INFO - Long signal found: about create a new trade for SUSHI/USDT:USDT with stake_amount: 0.7056466119279513 and price: 0.2695 ...
2026-09-26 18:40:42,153 - freqtrade.freqtradebot - INFO - User denied entry for SUSHI/USDT:USDT.
2026-09-26 18:40:46,995 - freqtrade.wallets - INFO - Wallets synced.
2026-09-26 18:40:47,155 - freqtrade.freqtradebot - INFO - Long signal found: about create a new trade for SUSHI/USDT:USDT with stake_amount: 0.7056466119279513 and price: 0.2695 ...
2026-09-26 18:40:47,156 - freqtrade.freqtradebot - INFO - User denied entry for SUSHI/USDT:USDT.
2026-09-26 18:40:51,992 - freqtrade.wallets - INFO - Wallets synced.
2026-09-26 18:40:52,151 - freqtrade.freqtradebot - INFO - Long signal found: about create a new trade for SUSHI/USDT:USDT with stake_amount: 0.7061702828829998 and price: 0.2697 ...
2026-09-26 18:40:52,153 - freqtrade.freqtradebot - INFO - User denied entry for SUSHI/USDT:USDT.
2026-09-26 18:40:56,993 - freqtrade.wallets - INFO - Wallets synced.
2026-09-26 18:40:57,152 - freqtrade.freqtradebot - INFO - Long signal found: about create a new trade for SUSHI/USDT:USDT with stake_amount: 0.7061702828829998 and price: 0.2697 ...
2026-09-26 18:40:57,154 - freqtrade.freqtradebot - INFO - User denied entry for SUSHI/USDT:USDT.
2026-09-26 18:41:01,994 - freqtrade.wallets - INFO - Wallets synced.
2026-09-26 18:41:02,153 - freqtrade.freqtradebot - INFO - Long signal found: about create a new trade for SUSHI/USDT:USDT with stake_amount: 0.7066939538380482 and price: 0.2699 ...
2026-09-26 18:41:02,155 - freqtrade.freqtradebot - INFO - User denied entry for SUSHI/USDT:USDT.
2026-09-26 18:41:07,001 - freqtrade.wallets - INFO - Wallets synced.
2026-09-26 18:41:07,161 - freqtrade.freqtradebot - INFO - Long signal found: about create a new trade for SUSHI/USDT:USDT with stake_amount: 0.7066939538380482 and price: 0.2699 ...
2026-09-26 18:41:07,162 - freqtrade.freqtradebot - INFO - User denied entry for SUSHI/USDT:USDT.
2026-09-26 18:41:11,158 - freqtrade.worker - INFO - Bot heartbeat. PID=2359, version='2026.7', state='RUNNING'
2026-09-26 18:41:12,002 - freqtrade.wallets - INFO - Wallets synced.
2026-09-26 18:41:12,162 - freqtrade.freqtradebot - INFO - Long signal found: about create a new trade for SUSHI/USDT:USDT with stake_amount: 0.7059084474054756 and price: 0.2696 ...
2026-09-26 18:41:12,164 - freqtrade.freqtradebot - INFO - User denied entry for SUSHI/USDT:USDT.
2026-09-26 18:41:17,019 - freqtrade.wallets - INFO - Wallets synced.
2026-09-26 18:41:17,180 - freqtrade.freqtradebot - INFO - Long signal found: about create a new trade for SUSHI/USDT:USDT with stake_amount: 0.7059084474054756 and price: 0.2696 ...
2026-09-26 18:41:17,182 - freqtrade.freqtradebot - INFO - User denied entry for SUSHI/USDT:USDT.
2026-09-26 18:41:21,994 - freqtrade.wallets - INFO - Wallets synced.
2026-09-26 18:41:22,154 - freqtrade.freqtradebot - INFO - Long signal found: about create a new trade for SUSHI/USDT:USDT with stake_amount: 0.7059084474054756 and price: 0.2696 ...
2026-09-26 18:41:22,155 - freqtrade.freqtradebot - INFO - User denied entry for SUSHI/USDT:USDT.
2026-09-26 18:41:26,996 - freqtrade.wallets - INFO - Wallets synced.
2026-09-26 18:41:27,155 - freqtrade.freqtradebot - INFO - Long signal found: about create a new trade for SUSHI/USDT:USDT with stake_amount: 0.7059084474054756 and price: 0.2696 ...
2026-09-26 18:41:27,157 - freqtrade.freqtradebot - INFO - User denied entry for SUSHI/USDT:USDT.
2026-09-26 18:41:31,994 - freqtrade.wallets - INFO - Wallets synced.
2026-09-26 18:41:32,155 - freqtrade.freqtradebot - INFO - Long signal found: about create a new trade for SUSHI/USDT:USDT with stake_amount: 0.7059084474054756 and price: 0.2696 ...
2026-09-26 18:41:32,157 - freqtrade.freqtradebot - INFO - User denied entry for SUSHI/USDT:USDT.
2026-09-26 18:41:36,994 - freqtrade.wallets - INFO - Wallets synced.
2026-09-26 18:41:37,154 - freqtrade.freqtradebot - INFO - Long signal found: about create a new trade for SUSHI/USDT:USDT with stake_amount: 0.7059084474054756 and price: 0.2696 ...
2026-09-26 18:41:37,155 - freqtrade.freqtradebot - INFO - User denied entry for SUSHI/USDT:USDT.
2026-09-26 18:41:41,998 - freqtrade.wallets - INFO - Wallets synced.
2026-09-26 18:41:42,158 - freqtrade.freqtradebot - INFO - Long signal found: about create a new trade for SUSHI/USDT:USDT with stake_amount: 0.7059084474054756 and price: 0.2696 ...
2026-09-26 18:41:42,159 - freqtrade.freqtradebot - INFO - User denied entry for SUSHI/USDT:USDT.
2026-09-26 18:41:46,996 - freqtrade.wallets - INFO - Wallets synced.
2026-09-26 18:41:47,155 - freqtrade.freqtradebot - INFO - Long signal found: about create a new trade for SUSHI/USDT:USDT with stake_amount: 0.706432118360524 and price: 0.2698 ...
2026-09-26 18:41:47,157 - freqtrade.freqtradebot - INFO - User denied entry for SUSHI/USDT:USDT.
2026-09-26 18:41:51,995 - freqtrade.wallets - INFO - Wallets synced.
2026-09-26 18:41:52,154 - freqtrade.freqtradebot - INFO - Long signal found: about create a new trade for SUSHI/USDT:USDT with stake_amount: 0.706432118360524 and price: 0.2698 ...
2026-09-26 18:41:52,156 - freqtrade.freqtradebot - INFO - User denied entry for SUSHI/USDT:USDT.
2026-09-26 18:41:57,007 - freqtrade.wallets - INFO - Wallets synced.
2026-09-26 18:41:57,166 - freqtrade.freqtradebot - INFO - Long signal found: about create a new trade for SUSHI/USDT:USDT with stake_amount: 0.706432118360524 and price: 0.2698 ...
2026-09-26 18:41:57,168 - freqtrade.freqtradebot - INFO - User denied entry for SUSHI/USDT:USDT.
2026-09-26 18:42:01,997 - freqtrade.wallets - INFO - Wallets synced.
2026-09-26 18:42:02,156 - freqtrade.freqtradebot - INFO - Long signal found: about create a new trade for SUSHI/USDT:USDT with stake_amount: 0.706432118360524 and price: 0.2698 ...
2026-09-26 18:42:02,158 - freqtrade.freqtradebot - INFO - User denied entry for SUSHI/USDT:USDT.
2026-09-26 18:42:06,998 - freqtrade.wallets - INFO - Wallets synced.
2026-09-26 18:42:07,158 - freqtrade.freqtradebot - INFO - Long signal found: about create a new trade for SUSHI/USDT:USDT with stake_amount: 0.7061702828829998 and price: 0.2697 ...
2026-09-26 18:42:07,159 - freqtrade.freqtradebot - INFO - User denied entry for SUSHI/USDT:USDT.
2026-09-26 18:42:11,161 - freqtrade.worker - INFO - Bot heartbeat. PID=2359, version='2026.7', state='RUNNING'
2026-09-26 18:42:12,000 - freqtrade.wallets - INFO - Wallets synced.
2026-09-26 18:42:12,181 - freqtrade.freqtradebot - INFO - Long signal found: about create a new trade for SUSHI/USDT:USDT with stake_amount: 0.7061702828829998 and price: 0.2697 ...
2026-09-26 18:42:12,183 - freqtrade.freqtradebot - INFO - User denied entry for SUSHI/USDT:USDT.
2026-09-26 18:42:16,997 - freqtrade.wallets - INFO - Wallets synced.
2026-09-26 18:42:17,157 - freqtrade.freqtradebot - INFO - Long signal found: about create a new trade for SUSHI/USDT:USDT with stake_amount: 0.7061702828829998 and price: 0.2697 ...
2026-09-26 18:42:17,159 - freqtrade.freqtradebot - INFO - User denied entry for SUSHI/USDT:USDT.
2026-09-26 18:42:21,997 - freqtrade.wallets - INFO - Wallets synced.
2026-09-26 18:42:22,157 - freqtrade.freqtradebot - INFO - Long signal found: about create a new trade for SUSHI/USDT:USDT with stake_amount: 0.7061702828829998 and price: 0.2697 ...
2026-09-26 18:42:22,159 - freqtrade.freqtradebot - INFO - User denied entry for SUSHI/USDT:USDT.
2026-09-26 18:42:27,001 - freqtrade.wallets - INFO - Wallets synced.
2026-09-26 18:42:27,160 - freqtrade.freqtradebot - INFO - Long signal found: about create a new trade for SUSHI/USDT:USDT with stake_amount: 0.7061702828829998 and price: 0.2697 ...
2026-09-26 18:42:27,161 - freqtrade.freqtradebot - INFO - User denied entry for SUSHI/USDT:USDT.
2026-09-26 18:42:31,998 - freqtrade.wallets - INFO - Wallets synced.
2026-09-26 18:42:32,158 - freqtrade.freqtradebot - INFO - Long signal found: about create a new trade for SUSHI/USDT:USDT with stake_amount: 0.7061702828829998 and price: 0.2697 ...
2026-09-26 18:42:32,159 - freqtrade.freqtradebot - INFO - User denied entry for SUSHI/USDT:USDT.
2026-09-26 18:42:36,997 - freqtrade.wallets - INFO - Wallets synced.
2026-09-26 18:42:37,156 - freqtrade.freqtradebot - INFO - Long signal found: about create a new trade for SUSHI/USDT:USDT with stake_amount: 0.7061702828829998 and price: 0.2697 ...
2026-09-26 18:42:37,158 - freqtrade.freqtradebot - INFO - User denied entry for SUSHI/USDT:USDT.
2026-09-26 18:42:41,998 - freqtrade.wallets - INFO - Wallets synced.
2026-09-26 18:42:42,159 - freqtrade.freqtradebot - INFO - Long signal found: about create a new trade for SUSHI/USDT:USDT with stake_amount: 0.7061702828829998 and price: 0.2697 ...
2026-09-26 18:42:42,160 - freqtrade.freqtradebot - INFO - User denied entry for SUSHI/USDT:USDT.
2026-09-26 18:42:46,999 - freqtrade.wallets - INFO - Wallets synced.
2026-09-26 18:42:47,159 - freqtrade.freqtradebot - INFO - Long signal found: about create a new trade for SUSHI/USDT:USDT with stake_amount: 0.7061702828829998 and price: 0.2697 ...
2026-09-26 18:42:47,160 - freqtrade.freqtradebot - INFO - User denied entry for SUSHI/USDT:USDT.
2026-09-26 18:42:52,015 - freqtrade.wallets - INFO - Wallets synced.
2026-09-26 18:42:52,175 - freqtrade.freqtradebot - INFO - Long signal found: about create a new trade for SUSHI/USDT:USDT with stake_amount: 0.7061702828829998 and price: 0.2697 ...
2026-09-26 18:42:52,176 - freqtrade.freqtradebot - INFO - User denied entry for SUSHI/USDT:USDT.
2026-09-26 18:42:56,999 - freqtrade.wallets - INFO - Wallets synced.
2026-09-26 18:42:57,159 - freqtrade.freqtradebot - INFO - Long signal found: about create a new trade for SUSHI/USDT:USDT with stake_amount: 0.7061702828829998 and price: 0.2697 ...
2026-09-26 18:42:57,160 - freqtrade.freqtradebot - INFO - User denied entry for SUSHI/USDT:USDT.
2026-09-26 18:43:02,005 - freqtrade.wallets - INFO - Wallets synced.
2026-09-26 18:43:02,164 - freqtrade.freqtradebot - INFO - Long signal found: about create a new trade for SUSHI/USDT:USDT with stake_amount: 0.7061702828829998 and price: 0.2697 ...
2026-09-26 18:43:02,166 - freqtrade.freqtradebot - INFO - User denied entry for SUSHI/USDT:USDT.
2026-09-26 18:43:07,066 - freqtrade.wallets - INFO - Wallets synced.
2026-09-26 18:43:07,229 - freqtrade.freqtradebot - INFO - Long signal found: about create a new trade for SUSHI/USDT:USDT with stake_amount: 0.7061702828829998 and price: 0.2697 ...
2026-09-26 18:43:07,231 - freqtrade.freqtradebot - INFO - User denied entry for SUSHI/USDT:USDT.
2026-09-26 18:43:11,164 - freqtrade.worker - INFO - Bot heartbeat. PID=2359, version='2026.7', state='RUNNING'
2026-09-26 18:43:12,002 - freqtrade.wallets - INFO - Wallets synced.
2026-09-26 18:43:12,161 - freqtrade.freqtradebot - INFO - Long signal found: about create a new trade for SUSHI/USDT:USDT with stake_amount: 0.7061702828829998 and price: 0.2697 ...
2026-09-26 18:43:12,163 - freqtrade.freqtradebot - INFO - User denied entry for SUSHI/USDT:USDT.
2026-09-26 18:43:17,002 - freqtrade.wallets - INFO - Wallets synced.
2026-09-26 18:43:17,162 - freqtrade.freqtradebot - INFO - Long signal found: about create a new trade for SUSHI/USDT:USDT with stake_amount: 0.7061702828829998 and price: 0.2697 ...
2026-09-26 18:43:17,164 - freqtrade.freqtradebot - INFO - User denied entry for SUSHI/USDT:USDT.
2026-09-26 18:43:22,000 - freqtrade.wallets - INFO - Wallets synced.
2026-09-26 18:43:22,159 - freqtrade.freqtradebot - INFO - Long signal found: about create a new trade for SUSHI/USDT:USDT with stake_amount: 0.7061702828829998 and price: 0.2697 ...
2026-09-26 18:43:22,160 - freqtrade.freqtradebot - INFO - User denied entry for SUSHI/USDT:USDT.
2026-09-26 18:43:27,002 - freqtrade.wallets - INFO - Wallets synced.
2026-09-26 18:43:27,161 - freqtrade.freqtradebot - INFO - Long signal found: about create a new trade for SUSHI/USDT:USDT with stake_amount: 0.7061702828829998 and price: 0.2697 ...
2026-09-26 18:43:27,163 - freqtrade.freqtradebot - INFO - User denied entry for SUSHI/USDT:USDT.
2026-09-26 18:43:32,004 - freqtrade.wallets - INFO - Wallets synced.
2026-09-26 18:43:32,163 - freqtrade.freqtradebot - INFO - Long signal found: about create a new trade for SUSHI/USDT:USDT with stake_amount: 0.7061702828829998 and price: 0.2697 ...
2026-09-26 18:43:32,164 - freqtrade.freqtradebot - INFO - User denied entry for SUSHI/USDT:USDT.
2026-09-26 18:43:37,001 - freqtrade.wallets - INFO - Wallets synced.
2026-09-26 18:43:37,160 - freqtrade.freqtradebot - INFO - Long signal found: about create a new trade for SUSHI/USDT:USDT with stake_amount: 0.7061702828829998 and price: 0.2697 ...
2026-09-26 18:43:37,162 - freqtrade.freqtradebot - INFO - User denied entry for SUSHI/USDT:USDT.
2026-09-26 18:43:42,009 - freqtrade.wallets - INFO - Wallets synced.
2026-09-26 18:43:42,170 - freqtrade.freqtradebot - INFO - Long signal found: about create a new trade for SUSHI/USDT:USDT with stake_amount: 0.7061702828829998 and price: 0.2697 ...
2026-09-26 18:43:42,171 - freqtrade.freqtradebot - INFO - User denied entry for SUSHI/USDT:USDT.
2026-09-26 18:43:47,001 - freqtrade.wallets - INFO - Wallets synced.
2026-09-26 18:43:47,161 - freqtrade.freqtradebot - INFO - Long signal found: about create a new trade for SUSHI/USDT:USDT with stake_amount: 0.7061702828829998 and price: 0.2697 ...
2026-09-26 18:43:47,163 - freqtrade.freqtradebot - INFO - User denied entry for SUSHI/USDT:USDT.
2026-09-26 18:43:52,002 - freqtrade.wallets - INFO - Wallets synced.
2026-09-26 18:43:52,162 - freqtrade.freqtradebot - INFO - Long signal found: about create a new trade for SUSHI/USDT:USDT with stake_amount: 0.7061702828829998 and price: 0.2697 ...
2026-09-26 18:43:52,164 - freqtrade.freqtradebot - INFO - User denied entry for SUSHI/USDT:USDT.
2026-09-26 18:43:57,000 - freqtrade.wallets - INFO - Wallets synced.
2026-09-26 18:43:57,160 - freqtrade.freqtradebot - INFO - Long signal found: about create a new trade for SUSHI/USDT:USDT with stake_amount: 0.7061702828829998 and price: 0.2697 ...
2026-09-26 18:43:57,161 - freqtrade.freqtradebot - INFO - User denied entry for SUSHI/USDT:USDT.
2026-09-26 18:44:02,005 - freqtrade.wallets - INFO - Wallets synced.
2026-09-26 18:44:02,165 - freqtrade.freqtradebot - INFO - Long signal found: about create a new trade for SUSHI/USDT:USDT with stake_amount: 0.7061702828829998 and price: 0.2697 ...
2026-09-26 18:44:02,166 - freqtrade.freqtradebot - INFO - User denied entry for SUSHI/USDT:USDT.
2026-09-26 18:44:07,006 - freqtrade.wallets - INFO - Wallets synced.
2026-09-26 18:44:07,165 - freqtrade.freqtradebot - INFO - Long signal found: about create a new trade for SUSHI/USDT:USDT with stake_amount: 0.7061702828829998 and price: 0.2697 ...
2026-09-26 18:44:07,167 - freqtrade.freqtradebot - INFO - User denied entry for SUSHI/USDT:USDT.
2026-09-26 18:44:11,167 - freqtrade.worker - INFO - Bot heartbeat. PID=2359, version='2026.7', state='RUNNING'
2026-09-26 18:44:12,006 - freqtrade.wallets - INFO - Wallets synced.
2026-09-26 18:44:12,166 - freqtrade.freqtradebot - INFO - Long signal found: about create a new trade for SUSHI/USDT:USDT with stake_amount: 0.7056466119279513 and price: 0.2695 ...
2026-09-26 18:44:12,167 - freqtrade.freqtradebot - INFO - User denied entry for SUSHI/USDT:USDT.
2026-09-26 18:44:17,006 - freqtrade.wallets - INFO - Wallets synced.
2026-09-26 18:44:17,166 - freqtrade.freqtradebot - INFO - Long signal found: about create a new trade for SUSHI/USDT:USDT with stake_amount: 0.7053847764504269 and price: 0.2694 ...
2026-09-26 18:44:17,167 - freqtrade.freqtradebot - INFO - User denied entry for SUSHI/USDT:USDT.
2026-09-26 18:44:22,016 - freqtrade.wallets - INFO - Wallets synced.
2026-09-26 18:44:22,176 - freqtrade.freqtradebot - INFO - Long signal found: about create a new trade for SUSHI/USDT:USDT with stake_amount: 0.7053847764504269 and price: 0.2694 ...
2026-09-26 18:44:22,177 - freqtrade.freqtradebot - INFO - User denied entry for SUSHI/USDT:USDT.
2026-09-26 18:44:27,007 - freqtrade.wallets - INFO - Wallets synced.
2026-09-26 18:44:27,166 - freqtrade.freqtradebot - INFO - Long signal found: about create a new trade for SUSHI/USDT:USDT with stake_amount: 0.7048611054953783 and price: 0.2692 ...
2026-09-26 18:44:27,168 - freqtrade.freqtradebot - INFO - User denied entry for SUSHI/USDT:USDT.
2026-09-26 18:44:32,006 - freqtrade.wallets - INFO - Wallets synced.
2026-09-26 18:44:32,165 - freqtrade.freqtradebot - INFO - Long signal found: about create a new trade for SUSHI/USDT:USDT with stake_amount: 0.7051229409729026 and price: 0.2693 ...
2026-09-26 18:44:32,166 - freqtrade.freqtradebot - INFO - User denied entry for SUSHI/USDT:USDT.
2026-09-26 18:44:37,004 - freqtrade.wallets - INFO - Wallets synced.
2026-09-26 18:44:37,164 - freqtrade.freqtradebot - INFO - Long signal found: about create a new trade for SUSHI/USDT:USDT with stake_amount: 0.7051229409729026 and price: 0.2693 ...
2026-09-26 18:44:37,165 - freqtrade.freqtradebot - INFO - User denied entry for SUSHI/USDT:USDT.
2026-09-26 18:44:42,018 - freqtrade.wallets - INFO - Wallets synced.
2026-09-26 18:44:42,178 - freqtrade.freqtradebot - INFO - Long signal found: about create a new trade for SUSHI/USDT:USDT with stake_amount: 0.7051229409729026 and price: 0.2693 ...
2026-09-26 18:44:42,179 - freqtrade.freqtradebot - INFO - User denied entry for SUSHI/USDT:USDT.
2026-09-26 18:44:47,006 - freqtrade.wallets - INFO - Wallets synced.
2026-09-26 18:44:47,170 - freqtrade.freqtradebot - INFO - Long signal found: about create a new trade for SUSHI/USDT:USDT with stake_amount: 0.7043374345403299 and price: 0.269 ...
2026-09-26 18:44:47,172 - freqtrade.freqtradebot - INFO - User denied entry for SUSHI/USDT:USDT.
2026-09-26 18:44:52,010 - freqtrade.wallets - INFO - Wallets synced.
2026-09-26 18:44:52,171 - freqtrade.freqtradebot - INFO - Long signal found: about create a new trade for SUSHI/USDT:USDT with stake_amount: 0.704599270017854 and price: 0.2691 ...
2026-09-26 18:44:52,173 - freqtrade.freqtradebot - INFO - User denied entry for SUSHI/USDT:USDT.
2026-09-26 18:44:57,007 - freqtrade.wallets - INFO - Wallets synced.
2026-09-26 18:44:57,166 - freqtrade.freqtradebot - INFO - Long signal found: about create a new trade for SUSHI/USDT:USDT with stake_amount: 0.704599270017854 and price: 0.2691 ...
2026-09-26 18:44:57,167 - freqtrade.freqtradebot - INFO - User denied entry for SUSHI/USDT:USDT.
2026-09-26 18:45:02,007 - freqtrade.wallets - INFO - Wallets synced.
2026-09-26 18:45:02,166 - freqtrade.freqtradebot - INFO - Long signal found: about create a new trade for SUSHI/USDT:USDT with stake_amount: 0.704599270017854 and price: 0.2691 ...
2026-09-26 18:45:02,168 - freqtrade.freqtradebot - INFO - User denied entry for SUSHI/USDT:USDT.
2026-09-26 18:45:07,005 - freqtrade.wallets - INFO - Wallets synced.
2026-09-26 18:45:07,168 - freqtrade.freqtradebot - INFO - Long signal found: about create a new trade for SUSHI/USDT:USDT with stake_amount: 0.7048611054953783 and price: 0.2692 ...
2026-09-26 18:45:07,169 - freqtrade.freqtradebot - INFO - User denied entry for SUSHI/USDT:USDT.
2026-09-26 18:45:11,170 - freqtrade.worker - INFO - Bot heartbeat. PID=2359, version='2026.7', state='RUNNING'
2026-09-26 18:45:12,006 - freqtrade.wallets - INFO - Wallets synced.
2026-09-26 18:45:12,166 - freqtrade.freqtradebot - INFO - Long signal found: about create a new trade for SUSHI/USDT:USDT with stake_amount: 0.7048611054953783 and price: 0.2692 ...
2026-09-26 18:45:12,168 - freqtrade.freqtradebot - INFO - User denied entry for SUSHI/USDT:USDT.
2026-09-26 18:45:17,008 - freqtrade.wallets - INFO - Wallets synced.
2026-09-26 18:45:17,167 - freqtrade.freqtradebot - INFO - Long signal found: about create a new trade for SUSHI/USDT:USDT with stake_amount: 0.704599270017854 and price: 0.2691 ...
2026-09-26 18:45:17,169 - freqtrade.freqtradebot - INFO - User denied entry for SUSHI/USDT:USDT.
2026-09-26 18:45:22,009 - freqtrade.wallets - INFO - Wallets synced.
2026-09-26 18:45:22,169 - freqtrade.freqtradebot - INFO - Long signal found: about create a new trade for SUSHI/USDT:USDT with stake_amount: 0.704599270017854 and price: 0.2691 ...
2026-09-26 18:45:22,171 - freqtrade.freqtradebot - INFO - User denied entry for SUSHI/USDT:USDT.
2026-09-26 18:45:27,005 - freqtrade.wallets - INFO - Wallets synced.
2026-09-26 18:45:27,164 - freqtrade.freqtradebot - INFO - Long signal found: about create a new trade for SUSHI/USDT:USDT with stake_amount: 0.7043374345403299 and price: 0.269 ...
2026-09-26 18:45:27,165 - freqtrade.freqtradebot - INFO - User denied entry for SUSHI/USDT:USDT.
2026-09-26 18:45:31,799 - freqtrade.freqtradebot - INFO - Exit for ICP/USDT:USDT detected. Reason: stop_loss
2026-09-26 18:45:32,536 - freqtrade.freqtradebot - INFO - Skipping cancelling stoploss on exchange for Trade(id=55, pair=ICP/USDT:USDT, amount=1.901, is_short=False, leverage=10, open_rate=3.334, open_since=2026-09-26 17:00:05).
2026-09-26 18:45:32,538 - freqtrade.wallets - INFO - Wallets synced.
2026-09-26 18:45:32,699 - freqtrade.rpc.rpc_manager - INFO - Sending rpc message: {'type': exit, 'trade_id': 55, 'exchange': 'Gate', 'pair': 'ICP/USDT:USDT', 'leverage': 10.0, 'direction': 'Long', 'gain': 'loss', 'limit': 3.228, 'order_rate': 3.228, 'order_type': 'limit', 'amount': 1.901, 'open_rate': 3.334, 'close_rate': 3.228, 'current_rate': 3.228, 'profit_amount': -0.20774318, 'profit_ratio': -0.32761364, 'buy_tag': 'h_breakout_up', 'enter_tag': 'h_breakout_up', 'exit_reason': 'stop_loss', 'open_date': datetime.datetime(2026, 9, 26, 17, 0, 5, 197889, tzinfo=datetime.timezone.utc), 'close_date': datetime.datetime(2026, 9, 26, 18, 45, 32, 699564, tzinfo=datetime.timezone.utc), 'stake_amount': 0.6337934, 'stake_currency': 'USDT', 'base_currency': 'ICP', 'quote_currency': 'USDT', 'fiat_currency': 'USD', 'sub_trade': False, 'cumulative_profit': 0.0, 'final_profit_ratio': None, 'is_final_exit': False}
2026-09-26 18:45:32,700 - freqtrade.freqtradebot - INFO - Found open order for Trade(id=55, pair=ICP/USDT:USDT, amount=1.901, is_short=False, leverage=10, open_rate=3.334, open_since=2026-09-26 17:00:05)
2026-09-26 18:45:32,707 - freqtrade.freqtradebot - INFO - Fee for Trade Trade(id=55, pair=ICP/USDT:USDT, amount=1.901, is_short=False, leverage=10, open_rate=3.334, open_since=2026-09-26 17:00:05) [sell]: 0.003068214 USDT - rate: 0.0005
2026-09-26 18:45:32,708 - freqtrade.persistence.trade_model - INFO - Updating trade (id=55) ...
2026-09-26 18:45:32,708 - freqtrade.persistence.trade_model - INFO - LIMIT_SELL has been fulfilled for Trade(id=55, pair=ICP/USDT:USDT, amount=1.901, is_short=False, leverage=10, open_rate=3.334, open_since=2026-09-26 17:00:05).
2026-09-26 18:45:32,709 - freqtrade.persistence.trade_model - INFO - Marking Trade(id=55, pair=ICP/USDT:USDT, amount=1.901, is_short=False, leverage=10, open_rate=3.334, open_since=closed) as closed as the trade is fulfilled and found no open orders for it.
2026-09-26 18:45:32,714 - freqtrade.wallets - INFO - Wallets synced.
2026-09-26 18:45:32,716 - freqtrade.rpc.rpc_manager - INFO - Sending rpc message: {'type': exit_fill, 'trade_id': 55, 'exchange': 'Gate', 'pair': 'ICP/USDT:USDT', 'leverage': 10.0, 'direction': 'Long', 'gain': 'loss', 'limit': 3.228, 'order_rate': 3.228, 'order_type': 'limit', 'amount': 1.901, 'open_rate': 3.334, 'close_rate': 3.228, 'current_rate': None, 'profit_amount': -0.20774318, 'profit_ratio': -0.32761364, 'buy_tag': 'h_breakout_up', 'enter_tag': 'h_breakout_up', 'exit_reason': 'stop_loss', 'open_date': datetime.datetime(2026, 9, 26, 17, 0, 5, 197889, tzinfo=datetime.timezone.utc), 'close_date': datetime.datetime(2026, 9, 26, 18, 45, 32, 699000, tzinfo=datetime.timezone.utc), 'stake_amount': 0.6337934, 'stake_currency': 'USDT', 'base_currency': 'ICP', 'quote_currency': 'USDT', 'fiat_currency': 'USD', 'sub_trade': False, 'cumulative_profit': -0.20774318, 'final_profit_ratio': -0.32761363611523897, 'is_final_exit': True}
2026-09-26 18:45:32,721 - cooldown_period - INFO - Cooldown for ICP/USDT:USDT for 2 candles.
2026-09-26 18:45:32,725 - freqtrade.rpc.rpc_manager - INFO - Sending rpc message: {'type': protection_trigger, 'base_currency': 'ICP', 'id': 113, 'pair': 'ICP/USDT:USDT', 'lock_time': '2026-09-26 18:45:32', 'lock_timestamp': 1790448332719, 'lock_end_time': '2026-09-26 21:00:00', 'lock_end_timestamp': 1790456400000, 'reason': 'Cooldown period for for 2 candles.', 'side': '*', 'active': True}
2026-09-26 18:45:32,734 - max_drawdown_protection - INFO - Trading stopped due to Max Drawdown 2.23 > 0.15 within 168 candles.
2026-09-26 18:45:32,738 - freqtrade.rpc.rpc_manager - INFO - Sending rpc message: {'type': protection_trigger_global, 'base_currency': '', 'id': 114, 'pair': '*', 'lock_time': '2026-09-26 18:45:32', 'lock_timestamp': 1790448332726, 'lock_end_time': '2026-09-27 19:00:00', 'lock_end_timestamp': 1790535600000, 'reason': '2.234428102148928 passed 0.15 in 168 candles, locking for 24 candles.', 'side': '*', 'active': True}
2026-09-26 18:45:32,901 - freqtrade.wallets - INFO - Wallets synced.
2026-09-26 18:45:32,904 - freqtrade.freqtradebot - INFO - Global pairlock active until 2026-09-27 19:00:00. Not creating new trades, reason: 2.234428102148928 passed 0.15 in 168 candles, locking for 24 candles..
2026-09-26 18:46:11,173 - freqtrade.worker - INFO - Bot heartbeat. PID=2359, version='2026.7', state='RUNNING'
2026-09-26 18:47:11,176 - freqtrade.worker - INFO - Bot heartbeat. PID=2359, version='2026.7', state='RUNNING'
2026-09-26 18:48:11,179 - freqtrade.worker - INFO - Bot heartbeat. PID=2359, version='2026.7', state='RUNNING'
2026-09-26 18:49:11,182 - freqtrade.worker - INFO - Bot heartbeat. PID=2359, version='2026.7', state='RUNNING'
2026-09-26 18:50:11,185 - freqtrade.worker - INFO - Bot heartbeat. PID=2359, version='2026.7', state='RUNNING'
2026-09-26 18:51:11,188 - freqtrade.worker - INFO - Bot heartbeat. PID=2359, version='2026.7', state='RUNNING'
2026-09-26 18:52:11,191 - freqtrade.worker - INFO - Bot heartbeat. PID=2359, version='2026.7', state='RUNNING'
2026-09-26 18:53:11,193 - freqtrade.worker - INFO - Bot heartbeat. PID=2359, version='2026.7', state='RUNNING'
2026-09-26 18:54:11,196 - freqtrade.worker - INFO - Bot heartbeat. PID=2359, version='2026.7', state='RUNNING'
2026-09-26 18:55:11,199 - freqtrade.worker - INFO - Bot heartbeat. PID=2359, version='2026.7', state='RUNNING'
2026-09-26 18:56:11,202 - freqtrade.worker - INFO - Bot heartbeat. PID=2359, version='2026.7', state='RUNNING'
2026-09-26 18:57:11,205 - freqtrade.worker - INFO - Bot heartbeat. PID=2359, version='2026.7', state='RUNNING'
2026-09-26 18:58:11,208 - freqtrade.worker - INFO - Bot heartbeat. PID=2359, version='2026.7', state='RUNNING'
2026-09-26 18:59:11,211 - freqtrade.worker - INFO - Bot heartbeat. PID=2359, version='2026.7', state='RUNNING'
2026-09-26 19:00:16,000 - freqtrade.worker - INFO - Bot heartbeat. PID=2359, version='2026.7', state='RUNNING'
2026-09-26 19:01:08,046 - freqtrade.wallets - INFO - Wallets synced.
2026-09-26 19:01:16,003 - freqtrade.worker - INFO - Bot heartbeat. PID=2359, version='2026.7', state='RUNNING'
2026-09-26 19:02:16,006 - freqtrade.worker - INFO - Bot heartbeat. PID=2359, version='2026.7', state='RUNNING'
2026-09-26 19:03:16,009 - freqtrade.worker - INFO - Bot heartbeat. PID=2359, version='2026.7', state='RUNNING'
2026-09-26 19:04:16,012 - freqtrade.worker - INFO - Bot heartbeat. PID=2359, version='2026.7', state='RUNNING'
2026-09-26 19:05:16,015 - freqtrade.worker - INFO - Bot heartbeat. PID=2359, version='2026.7', state='RUNNING'
2026-09-26 19:06:16,018 - freqtrade.worker - INFO - Bot heartbeat. PID=2359, version='2026.7', state='RUNNING'
2026-09-26 19:07:16,020 - freqtrade.worker - INFO - Bot heartbeat. PID=2359, version='2026.7', state='RUNNING'
2026-09-26 19:08:16,024 - freqtrade.worker - INFO - Bot heartbeat. PID=2359, version='2026.7', state='RUNNING'
2026-09-26 19:09:12,596 - freqtrade.plugins.pairlistmanager - INFO - Whitelist with 47 pairs: ['BTC/USDT:USDT', 'ETH/USDT:USDT', 'BNB/USDT:USDT', 'SOL/USDT:USDT', 'ADA/USDT:USDT', 'DOGE/USDT:USDT', 'AVAX/USDT:USDT', 'DOT/USDT:USDT', 'LINK/USDT:USDT', 'LTC/USDT:USDT', 'BCH/USDT:USDT', 'ATOM/USDT:USDT', 'UNI/USDT:USDT', 'ETC/USDT:USDT', 'NEAR/USDT:USDT', 'ALGO/USDT:USDT', 'FIL/USDT:USDT', 'ICP/USDT:USDT', 'HBAR/USDT:USDT', 'APE/USDT:USDT', 'SAND/USDT:USDT', 'MANA/USDT:USDT', 'AXS/USDT:USDT', 'THETA/USDT:USDT', 'AAVE/USDT:USDT', 'GRT/USDT:USDT', 'CHZ/USDT:USDT', 'ENJ/USDT:USDT', 'CRV/USDT:USDT', 'COMP/USDT:USDT', 'DASH/USDT:USDT', 'QTUM/USDT:USDT', 'IOTA/USDT:USDT', 'ONT/USDT:USDT', 'BAT/USDT:USDT', 'RVN/USDT:USDT', 'KSM/USDT:USDT', 'EGLD/USDT:USDT', 'GALA/USDT:USDT', 'CELO/USDT:USDT', 'SUSHI/USDT:USDT', 'SNX/USDT:USDT', 'LRC/USDT:USDT', 'STORJ/USDT:USDT', 'ANKR/USDT:USDT', 'SKL/USDT:USDT', 'BAND/USDT:USDT']
2026-09-26 19:09:18,651 - freqtrade.worker - INFO - Bot heartbeat. PID=2359, version='2026.7', state='RUNNING'
2026-09-26 19:10:18,654 - freqtrade.worker - INFO - Bot heartbeat. PID=2359, version='2026.7', state='RUNNING'
2026-09-26 19:11:18,657 - freqtrade.worker - INFO - Bot heartbeat. PID=2359, version='2026.7', state='RUNNING'
2026-09-26 19:12:18,660 - freqtrade.worker - INFO - Bot heartbeat. PID=2359, version='2026.7', state='RUNNING'
2026-09-26 19:13:18,663 - freqtrade.worker - INFO - Bot heartbeat. PID=2359, version='2026.7', state='RUNNING'
2026-09-26 19:14:18,666 - freqtrade.worker - INFO - Bot heartbeat. PID=2359, version='2026.7', state='RUNNING'
2026-09-26 19:15:18,669 - freqtrade.worker - INFO - Bot heartbeat. PID=2359, version='2026.7', state='RUNNING'
2026-09-26 19:16:18,672 - freqtrade.worker - INFO - Bot heartbeat. PID=2359, version='2026.7', state='RUNNING'
2026-09-26 19:17:18,675 - freqtrade.worker - INFO - Bot heartbeat. PID=2359, version='2026.7', state='RUNNING'
2026-09-26 19:18:18,678 - freqtrade.worker - INFO - Bot heartbeat. PID=2359, version='2026.7', state='RUNNING'
2026-09-26 19:19:18,681 - freqtrade.worker - INFO - Bot heartbeat. PID=2359, version='2026.7', state='RUNNING'
2026-09-26 19:19:34,145 - freqtrade.freqtradebot - INFO - Exit for DOT/USDT:USDT detected. Reason: stop_loss
2026-09-26 19:19:35,016 - freqtrade.freqtradebot - INFO - Skipping cancelling stoploss on exchange for Trade(id=54, pair=DOT/USDT:USDT, amount=4, is_short=False, leverage=10, open_rate=1.285, open_since=2026-09-26 16:00:04).
2026-09-26 19:19:35,018 - freqtrade.wallets - INFO - Wallets synced.
2026-09-26 19:19:35,175 - freqtrade.rpc.rpc_manager - INFO - Sending rpc message: {'type': exit, 'trade_id': 54, 'exchange': 'Gate', 'pair': 'DOT/USDT:USDT', 'leverage': 10.0, 'direction': 'Long', 'gain': 'loss', 'limit': 1.243, 'order_rate': 1.243, 'order_type': 'limit', 'amount': 4.0, 'open_rate': 1.285, 'close_rate': 1.243, 'current_rate': 1.243, 'profit_amount': -0.173056, 'profit_ratio': -0.33651657, 'buy_tag': 'h_breakout_up', 'enter_tag': 'h_breakout_up', 'exit_reason': 'stop_loss', 'open_date': datetime.datetime(2026, 9, 26, 16, 0, 4, 984111, tzinfo=datetime.timezone.utc), 'close_date': datetime.datetime(2026, 9, 26, 19, 19, 35, 175281, tzinfo=datetime.timezone.utc), 'stake_amount': 0.514, 'stake_currency': 'USDT', 'base_currency': 'DOT', 'quote_currency': 'USDT', 'fiat_currency': 'USD', 'sub_trade': False, 'cumulative_profit': 0.0, 'final_profit_ratio': None, 'is_final_exit': False}
2026-09-26 19:19:35,176 - freqtrade.freqtradebot - INFO - Found open order for Trade(id=54, pair=DOT/USDT:USDT, amount=4, is_short=False, leverage=10, open_rate=1.285, open_since=2026-09-26 16:00:04)
2026-09-26 19:19:35,179 - freqtrade.freqtradebot - INFO - Fee for Trade Trade(id=54, pair=DOT/USDT:USDT, amount=4, is_short=False, leverage=10, open_rate=1.285, open_since=2026-09-26 16:00:04) [sell]: 0.002486 USDT - rate: 0.0005
2026-09-26 19:19:35,179 - freqtrade.persistence.trade_model - INFO - Updating trade (id=54) ...
2026-09-26 19:19:35,180 - freqtrade.persistence.trade_model - INFO - LIMIT_SELL has been fulfilled for Trade(id=54, pair=DOT/USDT:USDT, amount=4, is_short=False, leverage=10, open_rate=1.285, open_since=2026-09-26 16:00:04).
2026-09-26 19:19:35,180 - freqtrade.persistence.trade_model - INFO - Marking Trade(id=54, pair=DOT/USDT:USDT, amount=4, is_short=False, leverage=10, open_rate=1.285, open_since=closed) as closed as the trade is fulfilled and found no open orders for it.
2026-09-26 19:19:35,184 - freqtrade.wallets - INFO - Wallets synced.
2026-09-26 19:19:35,186 - freqtrade.rpc.rpc_manager - INFO - Sending rpc message: {'type': exit_fill, 'trade_id': 54, 'exchange': 'Gate', 'pair': 'DOT/USDT:USDT', 'leverage': 10.0, 'direction': 'Long', 'gain': 'loss', 'limit': 1.243, 'order_rate': 1.243, 'order_type': 'limit', 'amount': 4.0, 'open_rate': 1.285, 'close_rate': 1.243, 'current_rate': None, 'profit_amount': -0.173056, 'profit_ratio': -0.33651657, 'buy_tag': 'h_breakout_up', 'enter_tag': 'h_breakout_up', 'exit_reason': 'stop_loss', 'open_date': datetime.datetime(2026, 9, 26, 16, 0, 4, 984111, tzinfo=datetime.timezone.utc), 'close_date': datetime.datetime(2026, 9, 26, 19, 19, 35, 175000, tzinfo=datetime.timezone.utc), 'stake_amount': 0.514, 'stake_currency': 'USDT', 'base_currency': 'DOT', 'quote_currency': 'USDT', 'fiat_currency': 'USD', 'sub_trade': False, 'cumulative_profit': -0.173056, 'final_profit_ratio': -0.336516566619414, 'is_final_exit': True}
2026-09-26 19:19:35,189 - cooldown_period - INFO - Cooldown for DOT/USDT:USDT for 2 candles.
2026-09-26 19:19:35,198 - max_drawdown_protection - INFO - Trading stopped due to Max Drawdown 2.28 > 0.15 within 168 candles.
2026-09-26 19:19:35,202 - freqtrade.rpc.rpc_manager - INFO - Sending rpc message: {'type': protection_trigger_global, 'base_currency': '', 'id': 116, 'pair': '*', 'lock_time': '2026-09-26 19:19:35', 'lock_timestamp': 1790450375191, 'lock_end_time': '2026-09-27 20:00:00', 'lock_end_timestamp': 1790539200000, 'reason': '2.2795080563148793 passed 0.15 in 168 candles, locking for 24 candles.', 'side': '*', 'active': True}
2026-09-26 19:19:35,362 - freqtrade.wallets - INFO - Wallets synced.
2026-09-26 19:19:35,365 - freqtrade.freqtradebot - INFO - Global pairlock active until 2026-09-27 20:00:00. Not creating new trades, reason: 2.2795080563148793 passed 0.15 in 168 candles, locking for 24 candles..
2026-09-26 19:20:18,684 - freqtrade.worker - INFO - Bot heartbeat. PID=2359, version='2026.7', state='RUNNING'
2026-09-26 19:21:18,687 - freqtrade.worker - INFO - Bot heartbeat. PID=2359, version='2026.7', state='RUNNING'
2026-09-26 19:22:18,690 - freqtrade.worker - INFO - Bot heartbeat. PID=2359, version='2026.7', state='RUNNING'
2026-09-26 19:23:18,693 - freqtrade.worker - INFO - Bot heartbeat. PID=2359, version='2026.7', state='RUNNING'
2026-09-26 19:24:18,696 - freqtrade.worker - INFO - Bot heartbeat. PID=2359, version='2026.7', state='RUNNING'
2026-09-26 19:25:18,699 - freqtrade.worker - INFO - Bot heartbeat. PID=2359, version='2026.7', state='RUNNING'
2026-09-26 19:26:18,702 - freqtrade.worker - INFO - Bot heartbeat. PID=2359, version='2026.7', state='RUNNING'
2026-09-26 19:27:18,705 - freqtrade.worker - INFO - Bot heartbeat. PID=2359, version='2026.7', state='RUNNING'
2026-09-26 19:28:18,708 - freqtrade.worker - INFO - Bot heartbeat. PID=2359, version='2026.7', state='RUNNING'
2026-09-26 19:29:18,711 - freqtrade.worker - INFO - Bot heartbeat. PID=2359, version='2026.7', state='RUNNING'
2026-09-26 19:30:18,714 - freqtrade.worker - INFO - Bot heartbeat. PID=2359, version='2026.7', state='RUNNING'
2026-09-26 19:31:05,295 - freqtrade.wallets - INFO - Wallets synced.
2026-09-26 19:31:18,717 - freqtrade.worker - INFO - Bot heartbeat. PID=2359, version='2026.7', state='RUNNING'
2026-09-26 19:32:18,720 - freqtrade.worker - INFO - Bot heartbeat. PID=2359, version='2026.7', state='RUNNING'
2026-09-26 19:33:18,723 - freqtrade.worker - INFO - Bot heartbeat. PID=2359, version='2026.7', state='RUNNING'
2026-09-26 19:34:18,726 - freqtrade.worker - INFO - Bot heartbeat. PID=2359, version='2026.7', state='RUNNING'
2026-09-26 19:35:18,729 - freqtrade.worker - INFO - Bot heartbeat. PID=2359, version='2026.7', state='RUNNING'
2026-09-26 19:36:18,732 - freqtrade.worker - INFO - Bot heartbeat. PID=2359, version='2026.7', state='RUNNING'
2026-09-26 19:37:18,735 - freqtrade.worker - INFO - Bot heartbeat. PID=2359, version='2026.7', state='RUNNING'
2026-09-26 19:38:18,738 - freqtrade.worker - INFO - Bot heartbeat. PID=2359, version='2026.7', state='RUNNING'
2026-09-26 19:39:18,741 - freqtrade.worker - INFO - Bot heartbeat. PID=2359, version='2026.7', state='RUNNING'
2026-09-26 19:40:18,744 - freqtrade.worker - INFO - Bot heartbeat. PID=2359, version='2026.7', state='RUNNING'
2026-09-26 19:41:18,747 - freqtrade.worker - INFO - Bot heartbeat. PID=2359, version='2026.7', state='RUNNING'
2026-09-26 19:42:18,750 - freqtrade.worker - INFO - Bot heartbeat. PID=2359, version='2026.7', state='RUNNING'
2026-09-26 19:43:18,753 - freqtrade.worker - INFO - Bot heartbeat. PID=2359, version='2026.7', state='RUNNING'
2026-09-26 19:44:18,756 - freqtrade.worker - INFO - Bot heartbeat. PID=2359, version='2026.7', state='RUNNING'
2026-09-26 19:45:18,759 - freqtrade.worker - INFO - Bot heartbeat. PID=2359, version='2026.7', state='RUNNING'
2026-09-26 19:46:18,762 - freqtrade.worker - INFO - Bot heartbeat. PID=2359, version='2026.7', state='RUNNING'
2026-09-26 19:47:18,765 - freqtrade.worker - INFO - Bot heartbeat. PID=2359, version='2026.7', state='RUNNING'
2026-09-26 19:48:18,768 - freqtrade.worker - INFO - Bot heartbeat. PID=2359, version='2026.7', state='RUNNING'
2026-09-26 19:49:18,771 - freqtrade.worker - INFO - Bot heartbeat. PID=2359, version='2026.7', state='RUNNING'
2026-09-26 19:50:18,774 - freqtrade.worker - INFO - Bot heartbeat. PID=2359, version='2026.7', state='RUNNING'
2026-09-26 19:51:18,777 - freqtrade.worker - INFO - Bot heartbeat. PID=2359, version='2026.7', state='RUNNING'
2026-09-26 19:52:18,780 - freqtrade.worker - INFO - Bot heartbeat. PID=2359, version='2026.7', state='RUNNING'
2026-09-26 19:53:18,783 - freqtrade.worker - INFO - Bot heartbeat. PID=2359, version='2026.7', state='RUNNING'
2026-09-26 19:54:18,786 - freqtrade.worker - INFO - Bot heartbeat. PID=2359, version='2026.7', state='RUNNING'
2026-09-26 19:55:18,789 - freqtrade.worker - INFO - Bot heartbeat. PID=2359, version='2026.7', state='RUNNING'
2026-09-26 19:56:18,792 - freqtrade.worker - INFO - Bot heartbeat. PID=2359, version='2026.7', state='RUNNING'
2026-09-26 19:57:18,795 - freqtrade.worker - INFO - Bot heartbeat. PID=2359, version='2026.7', state='RUNNING'
2026-09-26 19:58:18,798 - freqtrade.worker - INFO - Bot heartbeat. PID=2359, version='2026.7', state='RUNNING'
2026-09-26 19:59:18,801 - freqtrade.worker - INFO - Bot heartbeat. PID=2359, version='2026.7', state='RUNNING'
2026-09-26 20:00:21,000 - freqtrade.worker - INFO - Bot heartbeat. PID=2359, version='2026.7', state='RUNNING'
2026-09-26 20:01:07,617 - freqtrade.wallets - INFO - Wallets synced.
2026-09-26 20:01:21,003 - freqtrade.worker - INFO - Bot heartbeat. PID=2359, version='2026.7', state='RUNNING'
2026-09-26 20:02:21,006 - freqtrade.worker - INFO - Bot heartbeat. PID=2359, version='2026.7', state='RUNNING'
2026-09-26 20:03:21,009 - freqtrade.worker - INFO - Bot heartbeat. PID=2359, version='2026.7', state='RUNNING'
2026-09-26 20:04:21,012 - freqtrade.worker - INFO - Bot heartbeat. PID=2359, version='2026.7', state='RUNNING'
2026-09-26 20:04:41,478 - freqtrade.freqtradebot - INFO - Exit for SAND/USDT:USDT detected. Reason: stop_loss
2026-09-26 20:04:42,274 - freqtrade.freqtradebot - INFO - Skipping cancelling stoploss on exchange for Trade(id=56, pair=SAND/USDT:USDT, amount=166, is_short=False, leverage=10, open_rate=0.04623, open_since=2026-09-26 18:00:00).
2026-09-26 20:04:42,276 - freqtrade.wallets - INFO - Wallets synced.
2026-09-26 20:04:42,435 - freqtrade.rpc.rpc_manager - INFO - Sending rpc message: {'type': exit, 'trade_id': 56, 'exchange': 'Gate', 'pair': 'SAND/USDT:USDT', 'leverage': 10.0, 'direction': 'Long', 'gain': 'loss', 'limit': 0.04499, 'order_rate': 0.04499, 'order_type': 'limit', 'amount': 166.0, 'open_rate': 0.04623, 'close_rate': 0.04499, 'current_rate': 0.04499, 'profit_amount': -0.21341126, 'profit_ratio': -0.27795101, 'buy_tag': 'h_breakout_up', 'enter_tag': 'h_breakout_up', 'exit_reason': 'stop_loss', 'open_date': datetime.datetime(2026, 9, 26, 18, 0, 0, 870944, tzinfo=datetime.timezone.utc), 'close_date': datetime.datetime(2026, 9, 26, 20, 4, 42, 435071, tzinfo=datetime.timezone.utc), 'stake_amount': 0.7674179999999999, 'stake_currency': 'USDT', 'base_currency': 'SAND', 'quote_currency': 'USDT', 'fiat_currency': 'USD', 'sub_trade': False, 'cumulative_profit': 0.0, 'final_profit_ratio': None, 'is_final_exit': False}
2026-09-26 20:04:42,435 - freqtrade.freqtradebot - INFO - Found open order for Trade(id=56, pair=SAND/USDT:USDT, amount=166, is_short=False, leverage=10, open_rate=0.04623, open_since=2026-09-26 18:00:00)
2026-09-26 20:04:42,439 - freqtrade.freqtradebot - INFO - Fee for Trade Trade(id=56, pair=SAND/USDT:USDT, amount=166, is_short=False, leverage=10, open_rate=0.04623, open_since=2026-09-26 18:00:00) [sell]: 0.00373417 USDT - rate: 0.0005
2026-09-26 20:04:42,439 - freqtrade.persistence.trade_model - INFO - Updating trade (id=56) ...
2026-09-26 20:04:42,440 - freqtrade.persistence.trade_model - INFO - LIMIT_SELL has been fulfilled for Trade(id=56, pair=SAND/USDT:USDT, amount=166, is_short=False, leverage=10, open_rate=0.04623, open_since=2026-09-26 18:00:00).
2026-09-26 20:04:42,440 - freqtrade.persistence.trade_model - INFO - Marking Trade(id=56, pair=SAND/USDT:USDT, amount=166, is_short=False, leverage=10, open_rate=0.04623, open_since=closed) as closed as the trade is fulfilled and found no open orders for it.
2026-09-26 20:04:42,444 - freqtrade.wallets - INFO - Wallets synced.
2026-09-26 20:04:42,445 - freqtrade.rpc.rpc_manager - INFO - Sending rpc message: {'type': exit_fill, 'trade_id': 56, 'exchange': 'Gate', 'pair': 'SAND/USDT:USDT', 'leverage': 10.0, 'direction': 'Long', 'gain': 'loss', 'limit': 0.04499, 'order_rate': 0.04499, 'order_type': 'limit', 'amount': 166.0, 'open_rate': 0.04623, 'close_rate': 0.04499, 'current_rate': None, 'profit_amount': -0.21341126, 'profit_ratio': -0.27795101, 'buy_tag': 'h_breakout_up', 'enter_tag': 'h_breakout_up', 'exit_reason': 'stop_loss', 'open_date': datetime.datetime(2026, 9, 26, 18, 0, 0, 870944, tzinfo=datetime.timezone.utc), 'close_date': datetime.datetime(2026, 9, 26, 20, 4, 42, 434000, tzinfo=datetime.timezone.utc), 'stake_amount': 0.7674179999999999, 'stake_currency': 'USDT', 'base_currency': 'SAND', 'quote_currency': 'USDT', 'fiat_currency': 'USD', 'sub_trade': False, 'cumulative_profit': -0.21341126, 'final_profit_ratio': -0.2779510093536403, 'is_final_exit': True}
2026-09-26 20:04:42,449 - cooldown_period - INFO - Cooldown for SAND/USDT:USDT for 2 candles.
2026-09-26 20:04:42,457 - max_drawdown_protection - INFO - Trading stopped due to Max Drawdown 2.56 > 0.15 within 168 candles.
2026-09-26 20:04:42,461 - freqtrade.rpc.rpc_manager - INFO - Sending rpc message: {'type': protection_trigger_global, 'base_currency': '', 'id': 118, 'pair': '*', 'lock_time': '2026-09-26 20:04:42', 'lock_timestamp': 1790453082450, 'lock_end_time': '2026-09-27 21:00:00', 'lock_end_timestamp': 1790542800000, 'reason': '2.5574590656685197 passed 0.15 in 168 candles, locking for 24 candles.', 'side': '*', 'active': True}
2026-09-26 20:04:42,463 - freqtrade.wallets - INFO - Wallets synced.
2026-09-26 20:04:42,465 - freqtrade.freqtradebot - INFO - Global pairlock active until 2026-09-27 21:00:00. Not creating new trades, reason: 2.5574590656685197 passed 0.15 in 168 candles, locking for 24 candles..
2026-09-26 20:05:21,015 - freqtrade.worker - INFO - Bot heartbeat. PID=2359, version='2026.7', state='RUNNING'
2026-09-26 20:06:21,018 - freqtrade.worker - INFO - Bot heartbeat. PID=2359, version='2026.7', state='RUNNING'
2026-09-26 20:07:21,022 - freqtrade.worker - INFO - Bot heartbeat. PID=2359, version='2026.7', state='RUNNING'
2026-09-26 20:08:21,025 - freqtrade.worker - INFO - Bot heartbeat. PID=2359, version='2026.7', state='RUNNING'
2026-09-26 20:09:25,997 - freqtrade.plugins.pairlistmanager - INFO - Whitelist with 47 pairs: ['BTC/USDT:USDT', 'ETH/USDT:USDT', 'BNB/USDT:USDT', 'SOL/USDT:USDT', 'ADA/USDT:USDT', 'DOGE/USDT:USDT', 'AVAX/USDT:USDT', 'DOT/USDT:USDT', 'LINK/USDT:USDT', 'LTC/USDT:USDT', 'BCH/USDT:USDT', 'ATOM/USDT:USDT', 'UNI/USDT:USDT', 'ETC/USDT:USDT', 'NEAR/USDT:USDT', 'ALGO/USDT:USDT', 'FIL/USDT:USDT', 'ICP/USDT:USDT', 'HBAR/USDT:USDT', 'APE/USDT:USDT', 'SAND/USDT:USDT', 'MANA/USDT:USDT', 'AXS/USDT:USDT', 'THETA/USDT:USDT', 'AAVE/USDT:USDT', 'GRT/USDT:USDT', 'CHZ/USDT:USDT', 'ENJ/USDT:USDT', 'CRV/USDT:USDT', 'COMP/USDT:USDT', 'DASH/USDT:USDT', 'QTUM/USDT:USDT', 'IOTA/USDT:USDT', 'ONT/USDT:USDT', 'BAT/USDT:USDT', 'RVN/USDT:USDT', 'KSM/USDT:USDT', 'EGLD/USDT:USDT', 'GALA/USDT:USDT', 'CELO/USDT:USDT', 'SUSHI/USDT:USDT', 'SNX/USDT:USDT', 'LRC/USDT:USDT', 'STORJ/USDT:USDT', 'ANKR/USDT:USDT', 'SKL/USDT:USDT', 'BAND/USDT:USDT']
2026-09-26 20:09:26,732 - freqtrade.worker - INFO - Bot heartbeat. PID=2359, version='2026.7', state='RUNNING'
2026-09-26 20:10:26,735 - freqtrade.worker - INFO - Bot heartbeat. PID=2359, version='2026.7', state='RUNNING'
2026-09-26 20:11:26,738 - freqtrade.worker - INFO - Bot heartbeat. PID=2359, version='2026.7', state='RUNNING'
2026-09-26 20:12:26,741 - freqtrade.worker - INFO - Bot heartbeat. PID=2359, version='2026.7', state='RUNNING'
2026-09-26 20:13:26,744 - freqtrade.worker - INFO - Bot heartbeat. PID=2359, version='2026.7', state='RUNNING'
2026-09-26 20:14:26,747 - freqtrade.worker - INFO - Bot heartbeat. PID=2359, version='2026.7', state='RUNNING'
2026-09-26 20:15:26,750 - freqtrade.worker - INFO - Bot heartbeat. PID=2359, version='2026.7', state='RUNNING'
2026-09-26 20:16:26,753 - freqtrade.worker - INFO - Bot heartbeat. PID=2359, version='2026.7', state='RUNNING'
2026-09-26 20:17:26,756 - freqtrade.worker - INFO - Bot heartbeat. PID=2359, version='2026.7', state='RUNNING'
2026-09-26 20:18:26,759 - freqtrade.worker - INFO - Bot heartbeat. PID=2359, version='2026.7', state='RUNNING'
2026-09-26 20:19:26,762 - freqtrade.worker - INFO - Bot heartbeat. PID=2359, version='2026.7', state='RUNNING'
2026-09-26 20:20:26,765 - freqtrade.worker - INFO - Bot heartbeat. PID=2359, version='2026.7', state='RUNNING'
2026-09-26 20:21:26,768 - freqtrade.worker - INFO - Bot heartbeat. PID=2359, version='2026.7', state='RUNNING'
2026-09-26 20:22:26,771 - freqtrade.worker - INFO - Bot heartbeat. PID=2359, version='2026.7', state='RUNNING'
2026-09-26 20:23:26,774 - freqtrade.worker - INFO - Bot heartbeat. PID=2359, version='2026.7', state='RUNNING'
2026-09-26 20:24:26,777 - freqtrade.worker - INFO - Bot heartbeat. PID=2359, version='2026.7', state='RUNNING'
2026-09-26 20:25:26,780 - freqtrade.worker - INFO - Bot heartbeat. PID=2359, version='2026.7', state='RUNNING'
2026-09-26 20:26:26,783 - freqtrade.worker - INFO - Bot heartbeat. PID=2359, version='2026.7', state='RUNNING'
2026-09-26 20:27:26,786 - freqtrade.worker - INFO - Bot heartbeat. PID=2359, version='2026.7', state='RUNNING'
2026-09-26 20:28:26,789 - freqtrade.worker - INFO - Bot heartbeat. PID=2359, version='2026.7', state='RUNNING'
2026-09-26 20:29:26,792 - freqtrade.worker - INFO - Bot heartbeat. PID=2359, version='2026.7', state='RUNNING'
2026-09-26 20:30:26,795 - freqtrade.worker - INFO - Bot heartbeat. PID=2359, version='2026.7', state='RUNNING'
2026-09-26 20:31:02,889 - freqtrade.wallets - INFO - Wallets synced.
2026-09-26 20:31:26,798 - freqtrade.worker - INFO - Bot heartbeat. PID=2359, version='2026.7', state='RUNNING'
2026-09-26 20:32:26,801 - freqtrade.worker - INFO - Bot heartbeat. PID=2359, version='2026.7', state='RUNNING'
2026-09-26 20:33:26,804 - freqtrade.worker - INFO - Bot heartbeat. PID=2359, version='2026.7', state='RUNNING'
2026-09-26 20:34:26,807 - freqtrade.worker - INFO - Bot heartbeat. PID=2359, version='2026.7', state='RUNNING'
2026-09-26 20:35:26,809 - freqtrade.worker - INFO - Bot heartbeat. PID=2359, version='2026.7', state='RUNNING'
2026-09-26 20:36:26,812 - freqtrade.worker - INFO - Bot heartbeat. PID=2359, version='2026.7', state='RUNNING'
2026-09-26 20:37:26,815 - freqtrade.worker - INFO - Bot heartbeat. PID=2359, version='2026.7', state='RUNNING'
2026-09-26 20:38:26,818 - freqtrade.worker - INFO - Bot heartbeat. PID=2359, version='2026.7', state='RUNNING'
2026-09-26 20:39:26,821 - freqtrade.worker - INFO - Bot heartbeat. PID=2359, version='2026.7', state='RUNNING'
2026-09-26 20:40:26,825 - freqtrade.worker - INFO - Bot heartbeat. PID=2359, version='2026.7', state='RUNNING'
2026-09-26 20:41:26,827 - freqtrade.worker - INFO - Bot heartbeat. PID=2359, version='2026.7', state='RUNNING'
2026-09-26 20:42:26,831 - freqtrade.worker - INFO - Bot heartbeat. PID=2359, version='2026.7', state='RUNNING'
2026-09-26 20:43:26,833 - freqtrade.worker - INFO - Bot heartbeat. PID=2359, version='2026.7', state='RUNNING'
2026-09-26 20:44:26,837 - freqtrade.worker - INFO - Bot heartbeat. PID=2359, version='2026.7', state='RUNNING'
2026-09-26 20:45:26,839 - freqtrade.worker - INFO - Bot heartbeat. PID=2359, version='2026.7', state='RUNNING'
2026-09-26 20:46:26,843 - freqtrade.worker - INFO - Bot heartbeat. PID=2359, version='2026.7', state='RUNNING'
2026-09-26 20:47:26,845 - freqtrade.worker - INFO - Bot heartbeat. PID=2359, version='2026.7', state='RUNNING'
2026-09-26 20:48:26,849 - freqtrade.worker - INFO - Bot heartbeat. PID=2359, version='2026.7', state='RUNNING'
2026-09-26 20:49:26,852 - freqtrade.worker - INFO - Bot heartbeat. PID=2359, version='2026.7', state='RUNNING'
2026-09-26 20:50:26,855 - freqtrade.worker - INFO - Bot heartbeat. PID=2359, version='2026.7', state='RUNNING'
2026-09-26 20:51:26,858 - freqtrade.worker - INFO - Bot heartbeat. PID=2359, version='2026.7', state='RUNNING'
2026-09-26 20:52:26,861 - freqtrade.worker - INFO - Bot heartbeat. PID=2359, version='2026.7', state='RUNNING'
2026-09-26 20:53:26,864 - freqtrade.worker - INFO - Bot heartbeat. PID=2359, version='2026.7', state='RUNNING'
2026-09-26 20:54:26,867 - freqtrade.worker - INFO - Bot heartbeat. PID=2359, version='2026.7', state='RUNNING'
2026-09-26 20:55:26,869 - freqtrade.worker - INFO - Bot heartbeat. PID=2359, version='2026.7', state='RUNNING'
2026-09-26 20:56:26,872 - freqtrade.worker - INFO - Bot heartbeat. PID=2359, version='2026.7', state='RUNNING'
2026-09-26 20:57:26,875 - freqtrade.worker - INFO - Bot heartbeat. PID=2359, version='2026.7', state='RUNNING'
2026-09-26 20:58:26,878 - freqtrade.worker - INFO - Bot heartbeat. PID=2359, version='2026.7', state='RUNNING'
2026-09-26 20:59:26,881 - freqtrade.worker - INFO - Bot heartbeat. PID=2359, version='2026.7', state='RUNNING'
2026-09-26 21:00:31,001 - freqtrade.worker - INFO - Bot heartbeat. PID=2359, version='2026.7', state='RUNNING'
2026-09-26 21:01:07,154 - freqtrade.wallets - INFO - Wallets synced.
2026-09-26 21:01:31,004 - freqtrade.worker - INFO - Bot heartbeat. PID=2359, version='2026.7', state='RUNNING'
2026-09-26 21:02:31,007 - freqtrade.worker - INFO - Bot heartbeat. PID=2359, version='2026.7', state='RUNNING'
2026-09-26 21:03:31,009 - freqtrade.worker - INFO - Bot heartbeat. PID=2359, version='2026.7', state='RUNNING'
2026-09-26 21:04:31,012 - freqtrade.worker - INFO - Bot heartbeat. PID=2359, version='2026.7', state='RUNNING'
2026-09-26 21:04:46,323 - freqtrade.freqtradebot - INFO - Global pairlock active until 2026-09-27 21:00:00. Not creating new trades, reason: 2.5574590656685197 passed 0.15 in 168 candles, locking for 24 candles..
2026-09-26 21:05:31,015 - freqtrade.worker - INFO - Bot heartbeat. PID=2359, version='2026.7', state='RUNNING'
2026-09-26 21:06:31,018 - freqtrade.worker - INFO - Bot heartbeat. PID=2359, version='2026.7', state='RUNNING'
2026-09-26 21:07:31,021 - freqtrade.worker - INFO - Bot heartbeat. PID=2359, version='2026.7', state='RUNNING'
2026-09-26 21:08:31,024 - freqtrade.worker - INFO - Bot heartbeat. PID=2359, version='2026.7', state='RUNNING'
2026-09-26 21:09:33,824 - freqtrade.plugins.pairlistmanager - INFO - Whitelist with 47 pairs: ['BTC/USDT:USDT', 'ETH/USDT:USDT', 'BNB/USDT:USDT', 'SOL/USDT:USDT', 'ADA/USDT:USDT', 'DOGE/USDT:USDT', 'AVAX/USDT:USDT', 'DOT/USDT:USDT', 'LINK/USDT:USDT', 'LTC/USDT:USDT', 'BCH/USDT:USDT', 'ATOM/USDT:USDT', 'UNI/USDT:USDT', 'ETC/USDT:USDT', 'NEAR/USDT:USDT', 'ALGO/USDT:USDT', 'FIL/USDT:USDT', 'ICP/USDT:USDT', 'HBAR/USDT:USDT', 'APE/USDT:USDT', 'SAND/USDT:USDT', 'MANA/USDT:USDT', 'AXS/USDT:USDT', 'THETA/USDT:USDT', 'AAVE/USDT:USDT', 'GRT/USDT:USDT', 'CHZ/USDT:USDT', 'ENJ/USDT:USDT', 'CRV/USDT:USDT', 'COMP/USDT:USDT', 'DASH/USDT:USDT', 'QTUM/USDT:USDT', 'IOTA/USDT:USDT', 'ONT/USDT:USDT', 'BAT/USDT:USDT', 'RVN/USDT:USDT', 'KSM/USDT:USDT', 'EGLD/USDT:USDT', 'GALA/USDT:USDT', 'CELO/USDT:USDT', 'SUSHI/USDT:USDT', 'SNX/USDT:USDT', 'LRC/USDT:USDT', 'STORJ/USDT:USDT', 'ANKR/USDT:USDT', 'SKL/USDT:USDT', 'BAND/USDT:USDT']
2026-09-26 21:09:34,582 - freqtrade.worker - INFO - Bot heartbeat. PID=2359, version='2026.7', state='RUNNING'
2026-09-26 21:10:34,585 - freqtrade.worker - INFO - Bot heartbeat. PID=2359, version='2026.7', state='RUNNING'
2026-09-26 21:11:34,588 - freqtrade.worker - INFO - Bot heartbeat. PID=2359, version='2026.7', state='RUNNING'
2026-09-26 21:12:34,591 - freqtrade.worker - INFO - Bot heartbeat. PID=2359, version='2026.7', state='RUNNING'
2026-09-26 21:13:34,594 - freqtrade.worker - INFO - Bot heartbeat. PID=2359, version='2026.7', state='RUNNING'
2026-09-26 21:14:34,597 - freqtrade.worker - INFO - Bot heartbeat. PID=2359, version='2026.7', state='RUNNING'
2026-09-26 21:15:34,600 - freqtrade.worker - INFO - Bot heartbeat. PID=2359, version='2026.7', state='RUNNING'
2026-09-26 21:16:34,603 - freqtrade.worker - INFO - Bot heartbeat. PID=2359, version='2026.7', state='RUNNING'
2026-09-26 21:17:34,606 - freqtrade.worker - INFO - Bot heartbeat. PID=2359, version='2026.7', state='RUNNING'
2026-09-26 21:18:34,609 - freqtrade.worker - INFO - Bot heartbeat. PID=2359, version='2026.7', state='RUNNING'
2026-09-26 21:19:34,612 - freqtrade.worker - INFO - Bot heartbeat. PID=2359, version='2026.7', state='RUNNING'
2026-09-26 21:20:34,615 - freqtrade.worker - INFO - Bot heartbeat. PID=2359, version='2026.7', state='RUNNING'
2026-09-26 21:21:34,618 - freqtrade.worker - INFO - Bot heartbeat. PID=2359, version='2026.7', state='RUNNING'
2026-09-26 21:22:34,621 - freqtrade.worker - INFO - Bot heartbeat. PID=2359, version='2026.7', state='RUNNING'
2026-09-26 21:23:34,624 - freqtrade.worker - INFO - Bot heartbeat. PID=2359, version='2026.7', state='RUNNING'
2026-09-26 21:24:34,627 - freqtrade.worker - INFO - Bot heartbeat. PID=2359, version='2026.7', state='RUNNING'
2026-09-26 21:25:34,630 - freqtrade.worker - INFO - Bot heartbeat. PID=2359, version='2026.7', state='RUNNING'
2026-09-26 21:26:34,633 - freqtrade.worker - INFO - Bot heartbeat. PID=2359, version='2026.7', state='RUNNING'
2026-09-26 21:27:34,636 - freqtrade.worker - INFO - Bot heartbeat. PID=2359, version='2026.7', state='RUNNING'
2026-09-26 21:28:34,639 - freqtrade.worker - INFO - Bot heartbeat. PID=2359, version='2026.7', state='RUNNING'
2026-09-26 21:29:34,642 - freqtrade.worker - INFO - Bot heartbeat. PID=2359, version='2026.7', state='RUNNING'
2026-09-26 21:30:34,645 - freqtrade.worker - INFO - Bot heartbeat. PID=2359, version='2026.7', state='RUNNING'
2026-09-26 21:31:05,927 - freqtrade.wallets - INFO - Wallets synced.
2026-09-26 21:31:34,648 - freqtrade.worker - INFO - Bot heartbeat. PID=2359, version='2026.7', state='RUNNING'
2026-09-26 21:32:34,651 - freqtrade.worker - INFO - Bot heartbeat. PID=2359, version='2026.7', state='RUNNING'
2026-09-26 21:33:34,654 - freqtrade.worker - INFO - Bot heartbeat. PID=2359, version='2026.7', state='RUNNING'
2026-09-26 21:34:34,657 - freqtrade.worker - INFO - Bot heartbeat. PID=2359, version='2026.7', state='RUNNING'
2026-09-26 21:35:34,660 - freqtrade.worker - INFO - Bot heartbeat. PID=2359, version='2026.7', state='RUNNING'
2026-09-26 21:36:34,663 - freqtrade.worker - INFO - Bot heartbeat. PID=2359, version='2026.7', state='RUNNING'
2026-09-26 21:37:34,666 - freqtrade.worker - INFO - Bot heartbeat. PID=2359, version='2026.7', state='RUNNING'
2026-09-26 21:38:34,669 - freqtrade.worker - INFO - Bot heartbeat. PID=2359, version='2026.7', state='RUNNING'
2026-09-26 21:39:34,672 - freqtrade.worker - INFO - Bot heartbeat. PID=2359, version='2026.7', state='RUNNING'
2026-09-26 21:40:34,675 - freqtrade.worker - INFO - Bot heartbeat. PID=2359, version='2026.7', state='RUNNING'
2026-09-26 21:41:34,678 - freqtrade.worker - INFO - Bot heartbeat. PID=2359, version='2026.7', state='RUNNING'
2026-09-26 21:42:34,681 - freqtrade.worker - INFO - Bot heartbeat. PID=2359, version='2026.7', state='RUNNING'
2026-09-26 21:43:34,684 - freqtrade.worker - INFO - Bot heartbeat. PID=2359, version='2026.7', state='RUNNING'
2026-09-26 21:44:34,686 - freqtrade.worker - INFO - Bot heartbeat. PID=2359, version='2026.7', state='RUNNING'
2026-09-26 21:45:34,689 - freqtrade.worker - INFO - Bot heartbeat. PID=2359, version='2026.7', state='RUNNING'
2026-09-26 21:46:34,692 - freqtrade.worker - INFO - Bot heartbeat. PID=2359, version='2026.7', state='RUNNING'
2026-09-26 21:47:34,695 - freqtrade.worker - INFO - Bot heartbeat. PID=2359, version='2026.7', state='RUNNING'
2026-09-26 21:48:34,698 - freqtrade.worker - INFO - Bot heartbeat. PID=2359, version='2026.7', state='RUNNING'
2026-09-26 21:49:34,701 - freqtrade.worker - INFO - Bot heartbeat. PID=2359, version='2026.7', state='RUNNING'
2026-09-26 21:50:34,704 - freqtrade.worker - INFO - Bot heartbeat. PID=2359, version='2026.7', state='RUNNING'
2026-09-26 21:51:34,707 - freqtrade.worker - INFO - Bot heartbeat. PID=2359, version='2026.7', state='RUNNING'
2026-09-26 21:52:34,710 - freqtrade.worker - INFO - Bot heartbeat. PID=2359, version='2026.7', state='RUNNING'
2026-09-26 21:53:34,713 - freqtrade.worker - INFO - Bot heartbeat. PID=2359, version='2026.7', state='RUNNING'
2026-09-26 21:54:34,716 - freqtrade.worker - INFO - Bot heartbeat. PID=2359, version='2026.7', state='RUNNING'
2026-09-26 21:55:34,719 - freqtrade.worker - INFO - Bot heartbeat. PID=2359, version='2026.7', state='RUNNING'
2026-09-26 21:56:34,722 - freqtrade.worker - INFO - Bot heartbeat. PID=2359, version='2026.7', state='RUNNING'
2026-09-26 21:57:34,725 - freqtrade.worker - INFO - Bot heartbeat. PID=2359, version='2026.7', state='RUNNING'
2026-09-26 21:58:34,728 - freqtrade.worker - INFO - Bot heartbeat. PID=2359, version='2026.7', state='RUNNING'
2026-09-26 21:59:34,731 - freqtrade.worker - INFO - Bot heartbeat. PID=2359, version='2026.7', state='RUNNING'
2026-09-26 22:00:34,734 - freqtrade.worker - INFO - Bot heartbeat. PID=2359, version='2026.7', state='RUNNING'
2026-09-26 22:01:05,922 - freqtrade.wallets - INFO - Wallets synced.
2026-09-26 22:01:34,737 - freqtrade.worker - INFO - Bot heartbeat. PID=2359, version='2026.7', state='RUNNING'
2026-09-26 22:02:34,740 - freqtrade.worker - INFO - Bot heartbeat. PID=2359, version='2026.7', state='RUNNING'
2026-09-26 22:03:34,743 - freqtrade.worker - INFO - Bot heartbeat. PID=2359, version='2026.7', state='RUNNING'
2026-09-26 22:04:34,746 - freqtrade.worker - INFO - Bot heartbeat. PID=2359, version='2026.7', state='RUNNING'
2026-09-26 22:04:50,058 - freqtrade.freqtradebot - INFO - Global pairlock active until 2026-09-27 21:00:00. Not creating new trades, reason: 2.5574590656685197 passed 0.15 in 168 candles, locking for 24 candles..
2026-09-26 22:05:34,748 - freqtrade.worker - INFO - Bot heartbeat. PID=2359, version='2026.7', state='RUNNING'
2026-09-26 22:06:34,751 - freqtrade.worker - INFO - Bot heartbeat. PID=2359, version='2026.7', state='RUNNING'
2026-09-26 22:07:34,754 - freqtrade.worker - INFO - Bot heartbeat. PID=2359, version='2026.7', state='RUNNING'
2026-09-26 22:08:34,757 - freqtrade.worker - INFO - Bot heartbeat. PID=2359, version='2026.7', state='RUNNING'
2026-09-26 22:09:34,760 - freqtrade.worker - INFO - Bot heartbeat. PID=2359, version='2026.7', state='RUNNING'
2026-09-26 22:09:42,323 - freqtrade.plugins.pairlistmanager - INFO - Whitelist with 47 pairs: ['BTC/USDT:USDT', 'ETH/USDT:USDT', 'BNB/USDT:USDT', 'SOL/USDT:USDT', 'ADA/USDT:USDT', 'DOGE/USDT:USDT', 'AVAX/USDT:USDT', 'DOT/USDT:USDT', 'LINK/USDT:USDT', 'LTC/USDT:USDT', 'BCH/USDT:USDT', 'ATOM/USDT:USDT', 'UNI/USDT:USDT', 'ETC/USDT:USDT', 'NEAR/USDT:USDT', 'ALGO/USDT:USDT', 'FIL/USDT:USDT', 'ICP/USDT:USDT', 'HBAR/USDT:USDT', 'APE/USDT:USDT', 'SAND/USDT:USDT', 'MANA/USDT:USDT', 'AXS/USDT:USDT', 'THETA/USDT:USDT', 'AAVE/USDT:USDT', 'GRT/USDT:USDT', 'CHZ/USDT:USDT', 'ENJ/USDT:USDT', 'CRV/USDT:USDT', 'COMP/USDT:USDT', 'DASH/USDT:USDT', 'QTUM/USDT:USDT', 'IOTA/USDT:USDT', 'ONT/USDT:USDT', 'BAT/USDT:USDT', 'RVN/USDT:USDT', 'KSM/USDT:USDT', 'EGLD/USDT:USDT', 'GALA/USDT:USDT', 'CELO/USDT:USDT', 'SUSHI/USDT:USDT', 'SNX/USDT:USDT', 'LRC/USDT:USDT', 'STORJ/USDT:USDT', 'ANKR/USDT:USDT', 'SKL/USDT:USDT', 'BAND/USDT:USDT']
2026-09-26 22:10:38,085 - freqtrade.worker - INFO - Bot heartbeat. PID=2359, version='2026.7', state='RUNNING'
2026-09-26 22:11:38,088 - freqtrade.worker - INFO - Bot heartbeat. PID=2359, version='2026.7', state='RUNNING'
2026-09-26 22:12:38,091 - freqtrade.worker - INFO - Bot heartbeat. PID=2359, version='2026.7', state='RUNNING'
2026-09-26 22:13:38,094 - freqtrade.worker - INFO - Bot heartbeat. PID=2359, version='2026.7', state='RUNNING'
2026-09-26 22:14:38,097 - freqtrade.worker - INFO - Bot heartbeat. PID=2359, version='2026.7', state='RUNNING'
2026-09-26 22:15:38,100 - freqtrade.worker - INFO - Bot heartbeat. PID=2359, version='2026.7', state='RUNNING'
2026-09-26 22:16:38,103 - freqtrade.worker - INFO - Bot heartbeat. PID=2359, version='2026.7', state='RUNNING'
2026-09-26 22:17:38,106 - freqtrade.worker - INFO - Bot heartbeat. PID=2359, version='2026.7', state='RUNNING'
2026-09-26 22:18:38,109 - freqtrade.worker - INFO - Bot heartbeat. PID=2359, version='2026.7', state='RUNNING'
2026-09-26 22:19:38,112 - freqtrade.worker - INFO - Bot heartbeat. PID=2359, version='2026.7', state='RUNNING'
2026-09-26 22:20:38,115 - freqtrade.worker - INFO - Bot heartbeat. PID=2359, version='2026.7', state='RUNNING'
2026-09-26 22:21:38,118 - freqtrade.worker - INFO - Bot heartbeat. PID=2359, version='2026.7', state='RUNNING'
2026-09-26 22:22:38,121 - freqtrade.worker - INFO - Bot heartbeat. PID=2359, version='2026.7', state='RUNNING'
2026-09-26 22:23:38,124 - freqtrade.worker - INFO - Bot heartbeat. PID=2359, version='2026.7', state='RUNNING'
2026-09-26 22:24:38,127 - freqtrade.worker - INFO - Bot heartbeat. PID=2359, version='2026.7', state='RUNNING'
2026-09-26 22:25:38,130 - freqtrade.worker - INFO - Bot heartbeat. PID=2359, version='2026.7', state='RUNNING'
2026-09-26 22:26:38,133 - freqtrade.worker - INFO - Bot heartbeat. PID=2359, version='2026.7', state='RUNNING'
2026-09-26 22:27:38,136 - freqtrade.worker - INFO - Bot heartbeat. PID=2359, version='2026.7', state='RUNNING'
2026-09-26 22:28:38,139 - freqtrade.worker - INFO - Bot heartbeat. PID=2359, version='2026.7', state='RUNNING'
2026-09-26 22:29:38,142 - freqtrade.worker - INFO - Bot heartbeat. PID=2359, version='2026.7', state='RUNNING'
2026-09-26 22:30:38,145 - freqtrade.worker - INFO - Bot heartbeat. PID=2359, version='2026.7', state='RUNNING'
2026-09-26 22:31:04,257 - freqtrade.wallets - INFO - Wallets synced.
2026-09-26 22:31:38,148 - freqtrade.worker - INFO - Bot heartbeat. PID=2359, version='2026.7', state='RUNNING'
2026-09-26 22:32:38,151 - freqtrade.worker - INFO - Bot heartbeat. PID=2359, version='2026.7', state='RUNNING'
2026-09-26 22:33:38,153 - freqtrade.worker - INFO - Bot heartbeat. PID=2359, version='2026.7', state='RUNNING'
2026-09-26 22:34:38,156 - freqtrade.worker - INFO - Bot heartbeat. PID=2359, version='2026.7', state='RUNNING'
2026-09-26 22:35:38,159 - freqtrade.worker - INFO - Bot heartbeat. PID=2359, version='2026.7', state='RUNNING'
2026-09-26 22:36:38,161 - freqtrade.worker - INFO - Bot heartbeat. PID=2359, version='2026.7', state='RUNNING'
2026-09-26 22:37:38,164 - freqtrade.worker - INFO - Bot heartbeat. PID=2359, version='2026.7', state='RUNNING'
2026-09-26 22:38:38,167 - freqtrade.worker - INFO - Bot heartbeat. PID=2359, version='2026.7', state='RUNNING'
2026-09-26 22:39:38,169 - freqtrade.worker - INFO - Bot heartbeat. PID=2359, version='2026.7', state='RUNNING'
2026-09-26 22:40:38,172 - freqtrade.worker - INFO - Bot heartbeat. PID=2359, version='2026.7', state='RUNNING'
2026-09-26 22:41:38,174 - freqtrade.worker - INFO - Bot heartbeat. PID=2359, version='2026.7', state='RUNNING'
2026-09-26 22:42:38,177 - freqtrade.worker - INFO - Bot heartbeat. PID=2359, version='2026.7', state='RUNNING'
2026-09-26 22:43:38,180 - freqtrade.worker - INFO - Bot heartbeat. PID=2359, version='2026.7', state='RUNNING'
2026-09-26 22:44:38,182 - freqtrade.worker - INFO - Bot heartbeat. PID=2359, version='2026.7', state='RUNNING'
2026-09-26 22:45:38,185 - freqtrade.worker - INFO - Bot heartbeat. PID=2359, version='2026.7', state='RUNNING'
2026-09-26 22:46:38,188 - freqtrade.worker - INFO - Bot heartbeat. PID=2359, version='2026.7', state='RUNNING'
2026-09-26 22:47:38,190 - freqtrade.worker - INFO - Bot heartbeat. PID=2359, version='2026.7', state='RUNNING'
2026-09-26 22:48:38,193 - freqtrade.worker - INFO - Bot heartbeat. PID=2359, version='2026.7', state='RUNNING'
2026-09-26 22:49:38,196 - freqtrade.worker - INFO - Bot heartbeat. PID=2359, version='2026.7', state='RUNNING'
2026-09-26 22:50:38,198 - freqtrade.worker - INFO - Bot heartbeat. PID=2359, version='2026.7', state='RUNNING'
2026-09-26 22:51:38,201 - freqtrade.worker - INFO - Bot heartbeat. PID=2359, version='2026.7', state='RUNNING'
2026-09-26 22:52:38,204 - freqtrade.worker - INFO - Bot heartbeat. PID=2359, version='2026.7', state='RUNNING'
2026-09-26 22:53:38,206 - freqtrade.worker - INFO - Bot heartbeat. PID=2359, version='2026.7', state='RUNNING'
2026-09-26 22:54:38,209 - freqtrade.worker - INFO - Bot heartbeat. PID=2359, version='2026.7', state='RUNNING'
2026-09-26 22:55:38,212 - freqtrade.worker - INFO - Bot heartbeat. PID=2359, version='2026.7', state='RUNNING'
2026-09-26 22:56:38,214 - freqtrade.worker - INFO - Bot heartbeat. PID=2359, version='2026.7', state='RUNNING'
2026-09-26 22:57:38,217 - freqtrade.worker - INFO - Bot heartbeat. PID=2359, version='2026.7', state='RUNNING'
2026-09-26 22:58:38,220 - freqtrade.worker - INFO - Bot heartbeat. PID=2359, version='2026.7', state='RUNNING'
2026-09-26 22:59:38,223 - freqtrade.worker - INFO - Bot heartbeat. PID=2359, version='2026.7', state='RUNNING'
2026-09-26 23:00:41,001 - freqtrade.worker - INFO - Bot heartbeat. PID=2359, version='2026.7', state='RUNNING'
2026-09-26 23:01:07,150 - freqtrade.wallets - INFO - Wallets synced.
2026-09-26 23:01:41,004 - freqtrade.worker - INFO - Bot heartbeat. PID=2359, version='2026.7', state='RUNNING'
2026-09-26 23:02:41,007 - freqtrade.worker - INFO - Bot heartbeat. PID=2359, version='2026.7', state='RUNNING'
2026-09-26 23:03:41,009 - freqtrade.worker - INFO - Bot heartbeat. PID=2359, version='2026.7', state='RUNNING'
2026-09-26 23:04:41,012 - freqtrade.worker - INFO - Bot heartbeat. PID=2359, version='2026.7', state='RUNNING'
2026-09-26 23:04:51,323 - freqtrade.freqtradebot - INFO - Global pairlock active until 2026-09-27 21:00:00. Not creating new trades, reason: 2.5574590656685197 passed 0.15 in 168 candles, locking for 24 candles..
2026-09-26 23:05:41,014 - freqtrade.worker - INFO - Bot heartbeat. PID=2359, version='2026.7', state='RUNNING'
2026-09-26 23:06:41,017 - freqtrade.worker - INFO - Bot heartbeat. PID=2359, version='2026.7', state='RUNNING'
2026-09-26 23:08:12,651 - freqtrade.loggers - INFO - Enabling colorized output.
2026-09-26 23:08:12,652 - freqtrade.loggers - INFO - Logfile configured
2026-09-26 23:08:12,652 - freqtrade.loggers - INFO - Verbosity set to 0
2026-09-26 23:08:12,652 - freqtrade.configuration.configuration - INFO - Runmode set to dry_run.
2026-09-26 23:08:12,652 - freqtrade.configuration.configuration - INFO - Parameter --db-url detected ...
2026-09-26 23:08:12,653 - freqtrade.configuration.configuration - INFO - Dry run is enabled
2026-09-26 23:08:12,653 - freqtrade.configuration.configuration - INFO - Using DB: "sqlite:////home/runner/work/_temp/live_cloud.sqlite"
2026-09-26 23:08:12,653 - freqtrade.configuration.configuration - INFO - Using max_open_trades: 15 ...
2026-09-26 23:08:12,654 - freqtrade.configuration.configuration - INFO - Using user-data directory: user_data ...
2026-09-26 23:08:12,654 - freqtrade.configuration.directory_operations - INFO - Created data directory: None
2026-09-26 23:08:12,654 - freqtrade.configuration.configuration - INFO - Using data directory: user_data/data/gate ...
2026-09-26 23:08:12,655 - freqtrade.exchange.check_exchange - INFO - Checking exchange...
2026-09-26 23:08:12,660 - freqtrade.exchange.check_exchange - INFO - Exchange "gate" is officially supported by the Freqtrade development team.
2026-09-26 23:08:12,660 - freqtrade.configuration.configuration - INFO - Using pairlist from configuration.
2026-09-26 23:08:12,661 - freqtrade.exchange.exchange - INFO - Instance is running with dry_run enabled
2026-09-26 23:08:12,661 - freqtrade.exchange.exchange - INFO - Using CCXT 4.5.84
2026-09-26 23:08:12,661 - freqtrade.exchange.exchange - INFO - Applying additional ccxt config: {'options': {'defaultType': 'swap'}}
2026-09-26 23:08:12,663 - freqtrade.exchange.exchange - INFO - Applying additional ccxt config: {'options': {'defaultType': 'swap'}}
2026-09-26 23:08:12,666 - freqtrade.exchange.exchange - INFO - Using Exchange "Gate"
2026-09-26 23:08:20,333 - freqtrade.resolvers.exchange_resolver - INFO - Using resolved exchange class 'Gate' ...
2026-09-26 23:08:20,343 - freqtrade.resolvers.iresolver - INFO - Using resolved strategy HourlyTrend from '/home/runner/work/hourly-bot/hourly-bot/user_data/strategies/HourlyTrend.py'...
2026-09-26 23:08:20,344 - freqtrade.strategy.hyper - INFO - Found no parameter file.
2026-09-26 23:08:20,344 - freqtrade.resolvers.strategy_resolver - INFO - Override strategy 'timeframe' with value from the configuration: 1h.
2026-09-26 23:08:20,344 - freqtrade.resolvers.strategy_resolver - INFO - Override strategy 'order_types' with value from the configuration: {'entry': 'limit', 'exit': 'limit', 'stoploss': 'limit', 'stoploss_on_exchange': False}.
2026-09-26 23:08:20,345 - freqtrade.resolvers.strategy_resolver - INFO - Override strategy 'stake_currency' with value from the configuration: USDT.
2026-09-26 23:08:20,345 - freqtrade.resolvers.strategy_resolver - INFO - Override strategy 'stake_amount' with value from the configuration: unlimited.
2026-09-26 23:08:20,345 - freqtrade.resolvers.strategy_resolver - INFO - Override strategy 'unfilledtimeout' with value from the configuration: {'entry': 5, 'exit': 5, 'exit_timeout_count': 0, 'unit': 'minutes'}.
2026-09-26 23:08:20,345 - freqtrade.resolvers.strategy_resolver - INFO - Override strategy 'max_open_trades' with value from the configuration: 15.
2026-09-26 23:08:20,346 - freqtrade.resolvers.strategy_resolver - INFO - Strategy using minimal_roi: {'0': 100.0}
2026-09-26 23:08:20,346 - freqtrade.resolvers.strategy_resolver - INFO - Strategy using timeframe: 1h
2026-09-26 23:08:20,346 - freqtrade.resolvers.strategy_resolver - INFO - Strategy using stoploss: -0.6
2026-09-26 23:08:20,346 - freqtrade.resolvers.strategy_resolver - INFO - Strategy using trailing_stop: False
2026-09-26 23:08:20,346 - freqtrade.resolvers.strategy_resolver - INFO - Strategy using trailing_stop_positive_offset: 0.0
2026-09-26 23:08:20,347 - freqtrade.resolvers.strategy_resolver - INFO - Strategy using trailing_only_offset_is_reached: False
2026-09-26 23:08:20,347 - freqtrade.resolvers.strategy_resolver - INFO - Strategy using use_custom_stoploss: True
2026-09-26 23:08:20,347 - freqtrade.resolvers.strategy_resolver - INFO - Strategy using process_only_new_candles: True
2026-09-26 23:08:20,347 - freqtrade.resolvers.strategy_resolver - INFO - Strategy using order_types: {'entry': 'limit', 'exit': 'limit', 'stoploss': 'limit', 'stoploss_on_exchange': False}
2026-09-26 23:08:20,347 - freqtrade.resolvers.strategy_resolver - INFO - Strategy using order_time_in_force: {'entry': 'GTC', 'exit': 'GTC'}
2026-09-26 23:08:20,348 - freqtrade.resolvers.strategy_resolver - INFO - Strategy using stake_currency: USDT
2026-09-26 23:08:20,348 - freqtrade.resolvers.strategy_resolver - INFO - Strategy using stake_amount: unlimited
2026-09-26 23:08:20,348 - freqtrade.resolvers.strategy_resolver - INFO - Strategy using startup_candle_count: 800
2026-09-26 23:08:20,348 - freqtrade.resolvers.strategy_resolver - INFO - Strategy using unfilledtimeout: {'entry': 5, 'exit': 5, 'exit_timeout_count': 0, 'unit': 'minutes'}
2026-09-26 23:08:20,349 - freqtrade.resolvers.strategy_resolver - INFO - Strategy using use_exit_signal: False
2026-09-26 23:08:20,349 - freqtrade.resolvers.strategy_resolver - INFO - Strategy using exit_profit_only: False
2026-09-26 23:08:20,349 - freqtrade.resolvers.strategy_resolver - INFO - Strategy using ignore_roi_if_entry_signal: False
2026-09-26 23:08:20,349 - freqtrade.resolvers.strategy_resolver - INFO - Strategy using exit_profit_offset: 0.0
2026-09-26 23:08:20,349 - freqtrade.resolvers.strategy_resolver - INFO - Strategy using disable_dataframe_checks: False
2026-09-26 23:08:20,350 - freqtrade.resolvers.strategy_resolver - INFO - Strategy using ignore_buying_expired_candle_after: 0
2026-09-26 23:08:20,350 - freqtrade.resolvers.strategy_resolver - INFO - Strategy using position_adjustment_enable: False
2026-09-26 23:08:20,350 - freqtrade.resolvers.strategy_resolver - INFO - Strategy using max_entry_position_adjustment: -1
2026-09-26 23:08:20,350 - freqtrade.resolvers.strategy_resolver - INFO - Strategy using max_open_trades: 15
2026-09-26 23:08:20,350 - freqtrade.configuration.config_validation - INFO - Validating configuration ...
2026-09-26 23:08:20,379 - freqtrade.wallets - INFO - Wallets synced.
2026-09-26 23:08:20,448 - freqtrade.rpc.rpc_manager - INFO - Enabling rpc.api_server
2026-09-26 23:08:20,566 - freqtrade.rpc.api_server.webserver - INFO - Starting HTTP Server at 127.0.0.1:8080
2026-09-26 23:08:20,566 - freqtrade.rpc.api_server.webserver - INFO - Starting Local Rest Server.
2026-09-26 23:08:20,580 - uvicorn.error - INFO - Started server process [2149]
2026-09-26 23:08:20,580 - uvicorn.error - INFO - Waiting for application startup.
2026-09-26 23:08:20,581 - uvicorn.error - INFO - Application startup complete.
2026-09-26 23:08:20,581 - uvicorn.error - INFO - Uvicorn running on http://127.0.0.1:8080 (Press CTRL+C to quit)
2026-09-26 23:08:20,584 - freqtrade.resolvers.iresolver - INFO - Using resolved pairlist StaticPairList from '/opt/hostedtoolcache/Python/3.12.14/x64/lib/python3.12/site-packages/freqtrade/plugins/pairlist/StaticPairList.py'...
2026-09-26 23:08:20,584 - freqtrade.freqtradebot - INFO - Starting initial pairlist refresh
2026-09-26 23:08:20,632 - freqtrade.plugins.pairlistmanager - INFO - Whitelist with 47 pairs: ['BTC/USDT:USDT', 'ETH/USDT:USDT', 'BNB/USDT:USDT', 'SOL/USDT:USDT', 'ADA/USDT:USDT', 'DOGE/USDT:USDT', 'AVAX/USDT:USDT', 'DOT/USDT:USDT', 'LINK/USDT:USDT', 'LTC/USDT:USDT', 'BCH/USDT:USDT', 'ATOM/USDT:USDT', 'UNI/USDT:USDT', 'ETC/USDT:USDT', 'NEAR/USDT:USDT', 'ALGO/USDT:USDT', 'FIL/USDT:USDT', 'ICP/USDT:USDT', 'HBAR/USDT:USDT', 'APE/USDT:USDT', 'SAND/USDT:USDT', 'MANA/USDT:USDT', 'AXS/USDT:USDT', 'THETA/USDT:USDT', 'AAVE/USDT:USDT', 'GRT/USDT:USDT', 'CHZ/USDT:USDT', 'ENJ/USDT:USDT', 'CRV/USDT:USDT', 'COMP/USDT:USDT', 'DASH/USDT:USDT', 'QTUM/USDT:USDT', 'IOTA/USDT:USDT', 'ONT/USDT:USDT', 'BAT/USDT:USDT', 'RVN/USDT:USDT', 'KSM/USDT:USDT', 'EGLD/USDT:USDT', 'GALA/USDT:USDT', 'CELO/USDT:USDT', 'SUSHI/USDT:USDT', 'SNX/USDT:USDT', 'LRC/USDT:USDT', 'STORJ/USDT:USDT', 'ANKR/USDT:USDT', 'SKL/USDT:USDT', 'BAND/USDT:USDT']
2026-09-26 23:08:20,632 - freqtrade.freqtradebot - INFO - Initial Pairlist refresh took 0.05s
2026-09-26 23:08:20,633 - freqtrade.strategy.hyper - INFO - No params for buy found, using default values.
2026-09-26 23:08:20,634 - freqtrade.strategy.hyper - INFO - Strategy Parameter(default): adx_floor = 20
2026-09-26 23:08:20,634 - freqtrade.strategy.hyper - INFO - Strategy Parameter(default): breakout_hours = 72
2026-09-26 23:08:20,634 - freqtrade.strategy.hyper - INFO - Strategy Parameter(default): ema_fast = 50
2026-09-26 23:08:20,634 - freqtrade.strategy.hyper - INFO - Strategy Parameter(default): ema_slow = 200
2026-09-26 23:08:20,634 - freqtrade.strategy.hyper - INFO - Strategy Parameter(default): rsi_long_max = 78
2026-09-26 23:08:20,635 - freqtrade.strategy.hyper - INFO - Strategy Parameter(default): rsi_short_min = 22
2026-09-26 23:08:20,635 - freqtrade.strategy.hyper - INFO - No params for sell found, using default values.
2026-09-26 23:08:20,635 - freqtrade.strategy.hyper - INFO - Strategy Parameter(default): initial_stop_atr = 2.0
2026-09-26 23:08:20,635 - freqtrade.strategy.hyper - INFO - Strategy Parameter(default): risk_per_trade = 0.01
2026-09-26 23:08:20,636 - freqtrade.strategy.hyper - INFO - Strategy Parameter(default): trail_atr = 6.0
2026-09-26 23:08:20,637 - freqtrade.resolvers.iresolver - INFO - Using resolved protection CooldownPeriod from '/opt/hostedtoolcache/Python/3.12.14/x64/lib/python3.12/site-packages/freqtrade/plugins/protections/cooldown_period.py'...
2026-09-26 23:08:20,638 - freqtrade.resolvers.iresolver - INFO - Using resolved protection MaxDrawdown from '/opt/hostedtoolcache/Python/3.12.14/x64/lib/python3.12/site-packages/freqtrade/plugins/protections/max_drawdown_protection.py'...
2026-09-26 23:08:20,639 - freqtrade.resolvers.iresolver - INFO - Using resolved protection StoplossGuard from '/opt/hostedtoolcache/Python/3.12.14/x64/lib/python3.12/site-packages/freqtrade/plugins/protections/stoploss_guard.py'...
2026-09-26 23:08:20,639 - freqtrade.rpc.rpc_manager - INFO - Sending rpc message: {'type': status, 'status': 'running'}
2026-09-26 23:08:20,639 - freqtrade.worker - INFO - Changing state to: RUNNING
2026-09-26 23:08:20,655 - freqtrade.rpc.rpc_manager - INFO - Sending rpc message: {'type': warning, 'status': 'Dry run is enabled. All trades are simulated.'}
2026-09-26 23:08:20,655 - freqtrade.rpc.rpc_manager - INFO - Sending rpc message: {'type': startup, 'status': "*Exchange:* `gate`\n*Stake per trade:* `unlimited USDT`\n*Minimum ROI:* `{'0': 100.0}`\n*Stoploss:* `-0.6`\n*Position adjustment:* `Off`\n*Timeframe:* `1h`\n*Strategy:* `HourlyTrend`"}
2026-09-26 23:08:20,656 - freqtrade.rpc.rpc_manager - INFO - Sending rpc message: {'type': startup, 'status': "Searching for USDT pairs to buy and sell based on [{'StaticPairList': 'StaticPairList'}]"}
2026-09-26 23:08:20,656 - freqtrade.rpc.rpc_manager - INFO - Sending rpc message: {'type': startup, 'status': 'Using Protections: \nCooldownPeriod - Cooldown period for 2 candles.\nMaxDrawdown - Max drawdown protection, stop trading if drawdown is > 0.15 within 168 candles.\nStoplossGuard - Frequent Stoploss Guard, 6 stoplosses with profit < 0.00% within 24 candles.'}
2026-09-26 23:08:20,659 - freqtrade.persistence.trade_model - INFO - Found open trade: Trade(id=51, pair=MANA/USDT:USDT, amount=79.7, is_short=False, leverage=10, open_rate=0.09099, open_since=2026-09-25 07:00:04)
2026-09-26 23:08:24,629 - freqtrade.freqtradebot - INFO - Global pairlock active until 2026-09-27 21:00:00. Not creating new trades, reason: 2.5574590656685197 passed 0.15 in 168 candles, locking for 24 candles..
2026-09-26 23:08:25,943 - freqtrade.worker - INFO - Bot heartbeat. PID=2149, version='2026.7', state='RUNNING'
2026-09-26 23:09:25,945 - freqtrade.worker - INFO - Bot heartbeat. PID=2149, version='2026.7', state='RUNNING'
2026-09-26 23:10:25,948 - freqtrade.worker - INFO - Bot heartbeat. PID=2149, version='2026.7', state='RUNNING'
2026-09-26 23:11:25,950 - freqtrade.worker - INFO - Bot heartbeat. PID=2149, version='2026.7', state='RUNNING'
2026-09-26 23:12:25,953 - freqtrade.worker - INFO - Bot heartbeat. PID=2149, version='2026.7', state='RUNNING'
2026-09-26 23:13:25,956 - freqtrade.worker - INFO - Bot heartbeat. PID=2149, version='2026.7', state='RUNNING'
2026-09-26 23:14:25,958 - freqtrade.worker - INFO - Bot heartbeat. PID=2149, version='2026.7', state='RUNNING'
2026-09-26 23:15:25,961 - freqtrade.worker - INFO - Bot heartbeat. PID=2149, version='2026.7', state='RUNNING'
2026-09-26 23:16:25,964 - freqtrade.worker - INFO - Bot heartbeat. PID=2149, version='2026.7', state='RUNNING'
2026-09-26 23:17:25,967 - freqtrade.worker - INFO - Bot heartbeat. PID=2149, version='2026.7', state='RUNNING'
2026-09-26 23:18:25,970 - freqtrade.worker - INFO - Bot heartbeat. PID=2149, version='2026.7', state='RUNNING'
2026-09-26 23:19:25,973 - freqtrade.worker - INFO - Bot heartbeat. PID=2149, version='2026.7', state='RUNNING'
2026-09-26 23:20:25,975 - freqtrade.worker - INFO - Bot heartbeat. PID=2149, version='2026.7', state='RUNNING'
2026-09-26 23:21:25,978 - freqtrade.worker - INFO - Bot heartbeat. PID=2149, version='2026.7', state='RUNNING'
2026-09-26 23:22:25,980 - freqtrade.worker - INFO - Bot heartbeat. PID=2149, version='2026.7', state='RUNNING'
2026-09-26 23:23:25,983 - freqtrade.worker - INFO - Bot heartbeat. PID=2149, version='2026.7', state='RUNNING'
2026-09-26 23:24:25,985 - freqtrade.worker - INFO - Bot heartbeat. PID=2149, version='2026.7', state='RUNNING'
2026-09-26 23:25:25,988 - freqtrade.worker - INFO - Bot heartbeat. PID=2149, version='2026.7', state='RUNNING'
2026-09-26 23:26:25,990 - freqtrade.worker - INFO - Bot heartbeat. PID=2149, version='2026.7', state='RUNNING'
2026-09-26 23:27:25,992 - freqtrade.worker - INFO - Bot heartbeat. PID=2149, version='2026.7', state='RUNNING'
2026-09-26 23:28:25,995 - freqtrade.worker - INFO - Bot heartbeat. PID=2149, version='2026.7', state='RUNNING'
2026-09-26 23:29:25,997 - freqtrade.worker - INFO - Bot heartbeat. PID=2149, version='2026.7', state='RUNNING'
2026-09-26 23:30:26,000 - freqtrade.worker - INFO - Bot heartbeat. PID=2149, version='2026.7', state='RUNNING'
2026-09-26 23:31:07,152 - freqtrade.wallets - INFO - Wallets synced.
2026-09-26 23:31:26,002 - freqtrade.worker - INFO - Bot heartbeat. PID=2149, version='2026.7', state='RUNNING'
2026-09-26 23:32:26,005 - freqtrade.worker - INFO - Bot heartbeat. PID=2149, version='2026.7', state='RUNNING'
2026-09-26 23:33:26,007 - freqtrade.worker - INFO - Bot heartbeat. PID=2149, version='2026.7', state='RUNNING'
2026-09-26 23:34:26,010 - freqtrade.worker - INFO - Bot heartbeat. PID=2149, version='2026.7', state='RUNNING'
2026-09-26 23:35:26,012 - freqtrade.worker - INFO - Bot heartbeat. PID=2149, version='2026.7', state='RUNNING'
2026-09-26 23:36:26,015 - freqtrade.worker - INFO - Bot heartbeat. PID=2149, version='2026.7', state='RUNNING'
2026-09-26 23:37:26,017 - freqtrade.worker - INFO - Bot heartbeat. PID=2149, version='2026.7', state='RUNNING'
2026-09-26 23:38:26,020 - freqtrade.worker - INFO - Bot heartbeat. PID=2149, version='2026.7', state='RUNNING'
2026-09-26 23:39:26,023 - freqtrade.worker - INFO - Bot heartbeat. PID=2149, version='2026.7', state='RUNNING'
2026-09-26 23:40:26,025 - freqtrade.worker - INFO - Bot heartbeat. PID=2149, version='2026.7', state='RUNNING'
2026-09-26 23:41:26,028 - freqtrade.worker - INFO - Bot heartbeat. PID=2149, version='2026.7', state='RUNNING'
2026-09-26 23:42:26,030 - freqtrade.worker - INFO - Bot heartbeat. PID=2149, version='2026.7', state='RUNNING'
2026-09-26 23:43:26,033 - freqtrade.worker - INFO - Bot heartbeat. PID=2149, version='2026.7', state='RUNNING'
2026-09-26 23:44:26,035 - freqtrade.worker - INFO - Bot heartbeat. PID=2149, version='2026.7', state='RUNNING'
2026-09-26 23:45:26,038 - freqtrade.worker - INFO - Bot heartbeat. PID=2149, version='2026.7', state='RUNNING'
2026-09-26 23:46:26,040 - freqtrade.worker - INFO - Bot heartbeat. PID=2149, version='2026.7', state='RUNNING'
2026-09-26 23:47:26,042 - freqtrade.worker - INFO - Bot heartbeat. PID=2149, version='2026.7', state='RUNNING'
2026-09-26 23:48:26,045 - freqtrade.worker - INFO - Bot heartbeat. PID=2149, version='2026.7', state='RUNNING'
2026-09-26 23:49:26,047 - freqtrade.worker - INFO - Bot heartbeat. PID=2149, version='2026.7', state='RUNNING'
2026-09-26 23:50:26,050 - freqtrade.worker - INFO - Bot heartbeat. PID=2149, version='2026.7', state='RUNNING'
2026-09-26 23:51:26,052 - freqtrade.worker - INFO - Bot heartbeat. PID=2149, version='2026.7', state='RUNNING'
2026-09-26 23:52:26,054 - freqtrade.worker - INFO - Bot heartbeat. PID=2149, version='2026.7', state='RUNNING'
2026-09-26 23:53:26,057 - freqtrade.worker - INFO - Bot heartbeat. PID=2149, version='2026.7', state='RUNNING'
2026-09-26 23:54:26,059 - freqtrade.worker - INFO - Bot heartbeat. PID=2149, version='2026.7', state='RUNNING'
2026-09-26 23:55:26,062 - freqtrade.worker - INFO - Bot heartbeat. PID=2149, version='2026.7', state='RUNNING'
2026-09-26 23:56:26,064 - freqtrade.worker - INFO - Bot heartbeat. PID=2149, version='2026.7', state='RUNNING'
2026-09-26 23:57:26,067 - freqtrade.worker - INFO - Bot heartbeat. PID=2149, version='2026.7', state='RUNNING'
2026-09-26 23:58:26,069 - freqtrade.worker - INFO - Bot heartbeat. PID=2149, version='2026.7', state='RUNNING'
2026-09-26 23:59:26,071 - freqtrade.worker - INFO - Bot heartbeat. PID=2149, version='2026.7', state='RUNNING'
2026-09-27 00:00:31,001 - freqtrade.worker - INFO - Bot heartbeat. PID=2149, version='2026.7', state='RUNNING'
2026-09-27 00:01:07,061 - freqtrade.wallets - INFO - Wallets synced.
2026-09-27 00:01:31,003 - freqtrade.worker - INFO - Bot heartbeat. PID=2149, version='2026.7', state='RUNNING'
2026-09-27 00:02:31,006 - freqtrade.worker - INFO - Bot heartbeat. PID=2149, version='2026.7', state='RUNNING'
2026-09-27 00:03:31,008 - freqtrade.worker - INFO - Bot heartbeat. PID=2149, version='2026.7', state='RUNNING'
2026-09-27 00:04:31,010 - freqtrade.worker - INFO - Bot heartbeat. PID=2149, version='2026.7', state='RUNNING'
2026-09-27 00:05:31,013 - freqtrade.worker - INFO - Bot heartbeat. PID=2149, version='2026.7', state='RUNNING'
2026-09-27 00:06:31,015 - freqtrade.worker - INFO - Bot heartbeat. PID=2149, version='2026.7', state='RUNNING'
2026-09-27 00:07:31,018 - freqtrade.worker - INFO - Bot heartbeat. PID=2149, version='2026.7', state='RUNNING'
2026-09-27 00:08:27,448 - freqtrade.plugins.pairlistmanager - INFO - Whitelist with 47 pairs: ['BTC/USDT:USDT', 'ETH/USDT:USDT', 'BNB/USDT:USDT', 'SOL/USDT:USDT', 'ADA/USDT:USDT', 'DOGE/USDT:USDT', 'AVAX/USDT:USDT', 'DOT/USDT:USDT', 'LINK/USDT:USDT', 'LTC/USDT:USDT', 'BCH/USDT:USDT', 'ATOM/USDT:USDT', 'UNI/USDT:USDT', 'ETC/USDT:USDT', 'NEAR/USDT:USDT', 'ALGO/USDT:USDT', 'FIL/USDT:USDT', 'ICP/USDT:USDT', 'HBAR/USDT:USDT', 'APE/USDT:USDT', 'SAND/USDT:USDT', 'MANA/USDT:USDT', 'AXS/USDT:USDT', 'THETA/USDT:USDT', 'AAVE/USDT:USDT', 'GRT/USDT:USDT', 'CHZ/USDT:USDT', 'ENJ/USDT:USDT', 'CRV/USDT:USDT', 'COMP/USDT:USDT', 'DASH/USDT:USDT', 'QTUM/USDT:USDT', 'IOTA/USDT:USDT', 'ONT/USDT:USDT', 'BAT/USDT:USDT', 'RVN/USDT:USDT', 'KSM/USDT:USDT', 'EGLD/USDT:USDT', 'GALA/USDT:USDT', 'CELO/USDT:USDT', 'SUSHI/USDT:USDT', 'SNX/USDT:USDT', 'LRC/USDT:USDT', 'STORJ/USDT:USDT', 'ANKR/USDT:USDT', 'SKL/USDT:USDT', 'BAND/USDT:USDT']
2026-09-27 00:08:28,233 - freqtrade.freqtradebot - INFO - Global pairlock active until 2026-09-27 21:00:00. Not creating new trades, reason: 2.5574590656685197 passed 0.15 in 168 candles, locking for 24 candles..
2026-09-27 00:08:33,234 - freqtrade.worker - INFO - Bot heartbeat. PID=2149, version='2026.7', state='RUNNING'
2026-09-27 00:09:33,237 - freqtrade.worker - INFO - Bot heartbeat. PID=2149, version='2026.7', state='RUNNING'
2026-09-27 00:10:33,239 - freqtrade.worker - INFO - Bot heartbeat. PID=2149, version='2026.7', state='RUNNING'
2026-09-27 00:11:33,241 - freqtrade.worker - INFO - Bot heartbeat. PID=2149, version='2026.7', state='RUNNING'
2026-09-27 00:12:33,244 - freqtrade.worker - INFO - Bot heartbeat. PID=2149, version='2026.7', state='RUNNING'
2026-09-27 00:13:33,246 - freqtrade.worker - INFO - Bot heartbeat. PID=2149, version='2026.7', state='RUNNING'
2026-09-27 00:14:33,249 - freqtrade.worker - INFO - Bot heartbeat. PID=2149, version='2026.7', state='RUNNING'
2026-09-27 00:15:33,251 - freqtrade.worker - INFO - Bot heartbeat. PID=2149, version='2026.7', state='RUNNING'
2026-09-27 00:16:33,253 - freqtrade.worker - INFO - Bot heartbeat. PID=2149, version='2026.7', state='RUNNING'
2026-09-27 00:17:33,256 - freqtrade.worker - INFO - Bot heartbeat. PID=2149, version='2026.7', state='RUNNING'
2026-09-27 00:18:33,258 - freqtrade.worker - INFO - Bot heartbeat. PID=2149, version='2026.7', state='RUNNING'
2026-09-27 00:19:33,260 - freqtrade.worker - INFO - Bot heartbeat. PID=2149, version='2026.7', state='RUNNING'
2026-09-27 00:20:33,263 - freqtrade.worker - INFO - Bot heartbeat. PID=2149, version='2026.7', state='RUNNING'
2026-09-27 00:21:33,265 - freqtrade.worker - INFO - Bot heartbeat. PID=2149, version='2026.7', state='RUNNING'
2026-09-27 00:22:33,268 - freqtrade.worker - INFO - Bot heartbeat. PID=2149, version='2026.7', state='RUNNING'
2026-09-27 00:23:33,270 - freqtrade.worker - INFO - Bot heartbeat. PID=2149, version='2026.7', state='RUNNING'
2026-09-27 00:24:33,273 - freqtrade.worker - INFO - Bot heartbeat. PID=2149, version='2026.7', state='RUNNING'
2026-09-27 00:25:33,276 - freqtrade.worker - INFO - Bot heartbeat. PID=2149, version='2026.7', state='RUNNING'
2026-09-27 00:26:33,278 - freqtrade.worker - INFO - Bot heartbeat. PID=2149, version='2026.7', state='RUNNING'
2026-09-27 00:27:33,281 - freqtrade.worker - INFO - Bot heartbeat. PID=2149, version='2026.7', state='RUNNING'
2026-09-27 00:28:33,284 - freqtrade.worker - INFO - Bot heartbeat. PID=2149, version='2026.7', state='RUNNING'
2026-09-27 00:29:33,286 - freqtrade.worker - INFO - Bot heartbeat. PID=2149, version='2026.7', state='RUNNING'
2026-09-27 00:30:33,289 - freqtrade.worker - INFO - Bot heartbeat. PID=2149, version='2026.7', state='RUNNING'
2026-09-27 00:31:04,486 - freqtrade.wallets - INFO - Wallets synced.
2026-09-27 00:31:33,292 - freqtrade.worker - INFO - Bot heartbeat. PID=2149, version='2026.7', state='RUNNING'
2026-09-27 00:32:33,294 - freqtrade.worker - INFO - Bot heartbeat. PID=2149, version='2026.7', state='RUNNING'
2026-09-27 00:33:33,297 - freqtrade.worker - INFO - Bot heartbeat. PID=2149, version='2026.7', state='RUNNING'
2026-09-27 00:34:33,300 - freqtrade.worker - INFO - Bot heartbeat. PID=2149, version='2026.7', state='RUNNING'
2026-09-27 00:35:33,302 - freqtrade.worker - INFO - Bot heartbeat. PID=2149, version='2026.7', state='RUNNING'
2026-09-27 00:36:33,305 - freqtrade.worker - INFO - Bot heartbeat. PID=2149, version='2026.7', state='RUNNING'
2026-09-27 00:37:33,307 - freqtrade.worker - INFO - Bot heartbeat. PID=2149, version='2026.7', state='RUNNING'
2026-09-27 00:38:33,310 - freqtrade.worker - INFO - Bot heartbeat. PID=2149, version='2026.7', state='RUNNING'
2026-09-27 00:39:33,313 - freqtrade.worker - INFO - Bot heartbeat. PID=2149, version='2026.7', state='RUNNING'
2026-09-27 00:40:33,315 - freqtrade.worker - INFO - Bot heartbeat. PID=2149, version='2026.7', state='RUNNING'
2026-09-27 00:41:33,318 - freqtrade.worker - INFO - Bot heartbeat. PID=2149, version='2026.7', state='RUNNING'
2026-09-27 00:42:33,320 - freqtrade.worker - INFO - Bot heartbeat. PID=2149, version='2026.7', state='RUNNING'
2026-09-27 00:43:33,322 - freqtrade.worker - INFO - Bot heartbeat. PID=2149, version='2026.7', state='RUNNING'
2026-09-27 00:44:33,325 - freqtrade.worker - INFO - Bot heartbeat. PID=2149, version='2026.7', state='RUNNING'
2026-09-27 00:45:33,327 - freqtrade.worker - INFO - Bot heartbeat. PID=2149, version='2026.7', state='RUNNING'
2026-09-27 00:46:33,330 - freqtrade.worker - INFO - Bot heartbeat. PID=2149, version='2026.7', state='RUNNING'
2026-09-27 00:47:33,332 - freqtrade.worker - INFO - Bot heartbeat. PID=2149, version='2026.7', state='RUNNING'
2026-09-27 00:48:33,335 - freqtrade.worker - INFO - Bot heartbeat. PID=2149, version='2026.7', state='RUNNING'
2026-09-27 00:49:33,337 - freqtrade.worker - INFO - Bot heartbeat. PID=2149, version='2026.7', state='RUNNING'
2026-09-27 00:50:33,340 - freqtrade.worker - INFO - Bot heartbeat. PID=2149, version='2026.7', state='RUNNING'
2026-09-27 00:51:33,342 - freqtrade.worker - INFO - Bot heartbeat. PID=2149, version='2026.7', state='RUNNING'
2026-09-27 00:52:33,344 - freqtrade.worker - INFO - Bot heartbeat. PID=2149, version='2026.7', state='RUNNING'
2026-09-27 00:53:33,347 - freqtrade.worker - INFO - Bot heartbeat. PID=2149, version='2026.7', state='RUNNING'
2026-09-27 00:54:33,349 - freqtrade.worker - INFO - Bot heartbeat. PID=2149, version='2026.7', state='RUNNING'
2026-09-27 00:55:33,352 - freqtrade.worker - INFO - Bot heartbeat. PID=2149, version='2026.7', state='RUNNING'
2026-09-27 00:56:33,354 - freqtrade.worker - INFO - Bot heartbeat. PID=2149, version='2026.7', state='RUNNING'
2026-09-27 00:57:33,357 - freqtrade.worker - INFO - Bot heartbeat. PID=2149, version='2026.7', state='RUNNING'
2026-09-27 00:58:33,359 - freqtrade.worker - INFO - Bot heartbeat. PID=2149, version='2026.7', state='RUNNING'
2026-09-27 00:59:33,361 - freqtrade.worker - INFO - Bot heartbeat. PID=2149, version='2026.7', state='RUNNING'
2026-09-27 01:00:36,001 - freqtrade.worker - INFO - Bot heartbeat. PID=2149, version='2026.7', state='RUNNING'
2026-09-27 01:01:07,055 - freqtrade.wallets - INFO - Wallets synced.
2026-09-27 01:01:36,003 - freqtrade.worker - INFO - Bot heartbeat. PID=2149, version='2026.7', state='RUNNING'
2026-09-27 01:02:36,005 - freqtrade.worker - INFO - Bot heartbeat. PID=2149, version='2026.7', state='RUNNING'
2026-09-27 01:03:36,008 - freqtrade.worker - INFO - Bot heartbeat. PID=2149, version='2026.7', state='RUNNING'
2026-09-27 01:04:36,010 - freqtrade.worker - INFO - Bot heartbeat. PID=2149, version='2026.7', state='RUNNING'
2026-09-27 01:05:36,013 - freqtrade.worker - INFO - Bot heartbeat. PID=2149, version='2026.7', state='RUNNING'
2026-09-27 01:06:36,015 - freqtrade.worker - INFO - Bot heartbeat. PID=2149, version='2026.7', state='RUNNING'
2026-09-27 01:07:36,018 - freqtrade.worker - INFO - Bot heartbeat. PID=2149, version='2026.7', state='RUNNING'
2026-09-27 01:08:38,664 - freqtrade.plugins.pairlistmanager - INFO - Whitelist with 47 pairs: ['BTC/USDT:USDT', 'ETH/USDT:USDT', 'BNB/USDT:USDT', 'SOL/USDT:USDT', 'ADA/USDT:USDT', 'DOGE/USDT:USDT', 'AVAX/USDT:USDT', 'DOT/USDT:USDT', 'LINK/USDT:USDT', 'LTC/USDT:USDT', 'BCH/USDT:USDT', 'ATOM/USDT:USDT', 'UNI/USDT:USDT', 'ETC/USDT:USDT', 'NEAR/USDT:USDT', 'ALGO/USDT:USDT', 'FIL/USDT:USDT', 'ICP/USDT:USDT', 'HBAR/USDT:USDT', 'APE/USDT:USDT', 'SAND/USDT:USDT', 'MANA/USDT:USDT', 'AXS/USDT:USDT', 'THETA/USDT:USDT', 'AAVE/USDT:USDT', 'GRT/USDT:USDT', 'CHZ/USDT:USDT', 'ENJ/USDT:USDT', 'CRV/USDT:USDT', 'COMP/USDT:USDT', 'DASH/USDT:USDT', 'QTUM/USDT:USDT', 'IOTA/USDT:USDT', 'ONT/USDT:USDT', 'BAT/USDT:USDT', 'RVN/USDT:USDT', 'KSM/USDT:USDT', 'EGLD/USDT:USDT', 'GALA/USDT:USDT', 'CELO/USDT:USDT', 'SUSHI/USDT:USDT', 'SNX/USDT:USDT', 'LRC/USDT:USDT', 'STORJ/USDT:USDT', 'ANKR/USDT:USDT', 'SKL/USDT:USDT', 'BAND/USDT:USDT']
2026-09-27 01:08:39,380 - freqtrade.freqtradebot - INFO - Global pairlock active until 2026-09-27 21:00:00. Not creating new trades, reason: 2.5574590656685197 passed 0.15 in 168 candles, locking for 24 candles..
2026-09-27 01:08:39,381 - freqtrade.worker - INFO - Bot heartbeat. PID=2149, version='2026.7', state='RUNNING'
2026-09-27 01:09:39,383 - freqtrade.worker - INFO - Bot heartbeat. PID=2149, version='2026.7', state='RUNNING'
2026-09-27 01:10:39,385 - freqtrade.worker - INFO - Bot heartbeat. PID=2149, version='2026.7', state='RUNNING'
2026-09-27 01:11:39,388 - freqtrade.worker - INFO - Bot heartbeat. PID=2149, version='2026.7', state='RUNNING'
2026-09-27 01:12:39,390 - freqtrade.worker - INFO - Bot heartbeat. PID=2149, version='2026.7', state='RUNNING'
2026-09-27 01:13:39,393 - freqtrade.worker - INFO - Bot heartbeat. PID=2149, version='2026.7', state='RUNNING'
2026-09-27 01:14:39,395 - freqtrade.worker - INFO - Bot heartbeat. PID=2149, version='2026.7', state='RUNNING'
2026-09-27 01:15:39,398 - freqtrade.worker - INFO - Bot heartbeat. PID=2149, version='2026.7', state='RUNNING'
2026-09-27 01:16:39,400 - freqtrade.worker - INFO - Bot heartbeat. PID=2149, version='2026.7', state='RUNNING'
2026-09-27 01:17:39,403 - freqtrade.worker - INFO - Bot heartbeat. PID=2149, version='2026.7', state='RUNNING'
2026-09-27 01:18:39,405 - freqtrade.worker - INFO - Bot heartbeat. PID=2149, version='2026.7', state='RUNNING'
2026-09-27 01:19:39,407 - freqtrade.worker - INFO - Bot heartbeat. PID=2149, version='2026.7', state='RUNNING'
2026-09-27 01:20:39,410 - freqtrade.worker - INFO - Bot heartbeat. PID=2149, version='2026.7', state='RUNNING'
2026-09-27 01:21:39,412 - freqtrade.worker - INFO - Bot heartbeat. PID=2149, version='2026.7', state='RUNNING'
2026-09-27 01:22:39,415 - freqtrade.worker - INFO - Bot heartbeat. PID=2149, version='2026.7', state='RUNNING'
2026-09-27 01:23:39,417 - freqtrade.worker - INFO - Bot heartbeat. PID=2149, version='2026.7', state='RUNNING'
2026-09-27 01:24:39,419 - freqtrade.worker - INFO - Bot heartbeat. PID=2149, version='2026.7', state='RUNNING'
2026-09-27 01:25:39,422 - freqtrade.worker - INFO - Bot heartbeat. PID=2149, version='2026.7', state='RUNNING'
2026-09-27 01:26:39,424 - freqtrade.worker - INFO - Bot heartbeat. PID=2149, version='2026.7', state='RUNNING'
2026-09-27 01:27:39,426 - freqtrade.worker - INFO - Bot heartbeat. PID=2149, version='2026.7', state='RUNNING'
2026-09-27 01:28:39,429 - freqtrade.worker - INFO - Bot heartbeat. PID=2149, version='2026.7', state='RUNNING'
2026-09-27 01:29:39,431 - freqtrade.worker - INFO - Bot heartbeat. PID=2149, version='2026.7', state='RUNNING'
2026-09-27 01:30:39,433 - freqtrade.worker - INFO - Bot heartbeat. PID=2149, version='2026.7', state='RUNNING'
2026-09-27 01:31:05,645 - freqtrade.wallets - INFO - Wallets synced.
2026-09-27 01:31:39,436 - freqtrade.worker - INFO - Bot heartbeat. PID=2149, version='2026.7', state='RUNNING'
2026-09-27 01:32:39,438 - freqtrade.worker - INFO - Bot heartbeat. PID=2149, version='2026.7', state='RUNNING'
2026-09-27 01:33:39,441 - freqtrade.worker - INFO - Bot heartbeat. PID=2149, version='2026.7', state='RUNNING'
2026-09-27 01:34:39,444 - freqtrade.worker - INFO - Bot heartbeat. PID=2149, version='2026.7', state='RUNNING'
2026-09-27 01:35:39,446 - freqtrade.worker - INFO - Bot heartbeat. PID=2149, version='2026.7', state='RUNNING'
2026-09-27 01:36:39,449 - freqtrade.worker - INFO - Bot heartbeat. PID=2149, version='2026.7', state='RUNNING'
2026-09-27 01:37:39,451 - freqtrade.worker - INFO - Bot heartbeat. PID=2149, version='2026.7', state='RUNNING'
2026-09-27 01:38:39,454 - freqtrade.worker - INFO - Bot heartbeat. PID=2149, version='2026.7', state='RUNNING'
2026-09-27 01:39:39,456 - freqtrade.worker - INFO - Bot heartbeat. PID=2149, version='2026.7', state='RUNNING'
2026-09-27 01:40:39,458 - freqtrade.worker - INFO - Bot heartbeat. PID=2149, version='2026.7', state='RUNNING'
2026-09-27 01:41:39,461 - freqtrade.worker - INFO - Bot heartbeat. PID=2149, version='2026.7', state='RUNNING'
2026-09-27 01:42:39,463 - freqtrade.worker - INFO - Bot heartbeat. PID=2149, version='2026.7', state='RUNNING'
2026-09-27 01:43:39,465 - freqtrade.worker - INFO - Bot heartbeat. PID=2149, version='2026.7', state='RUNNING'
2026-09-27 01:44:39,468 - freqtrade.worker - INFO - Bot heartbeat. PID=2149, version='2026.7', state='RUNNING'
2026-09-27 01:45:39,470 - freqtrade.worker - INFO - Bot heartbeat. PID=2149, version='2026.7', state='RUNNING'
2026-09-27 01:46:39,473 - freqtrade.worker - INFO - Bot heartbeat. PID=2149, version='2026.7', state='RUNNING'
2026-09-27 01:47:39,475 - freqtrade.worker - INFO - Bot heartbeat. PID=2149, version='2026.7', state='RUNNING'
2026-09-27 01:48:39,477 - freqtrade.worker - INFO - Bot heartbeat. PID=2149, version='2026.7', state='RUNNING'
2026-09-27 01:49:39,479 - freqtrade.worker - INFO - Bot heartbeat. PID=2149, version='2026.7', state='RUNNING'
2026-09-27 01:50:39,482 - freqtrade.worker - INFO - Bot heartbeat. PID=2149, version='2026.7', state='RUNNING'
2026-09-27 01:51:39,484 - freqtrade.worker - INFO - Bot heartbeat. PID=2149, version='2026.7', state='RUNNING'
2026-09-27 01:52:39,486 - freqtrade.worker - INFO - Bot heartbeat. PID=2149, version='2026.7', state='RUNNING'
2026-09-27 01:53:39,489 - freqtrade.worker - INFO - Bot heartbeat. PID=2149, version='2026.7', state='RUNNING'
2026-09-27 01:54:39,491 - freqtrade.worker - INFO - Bot heartbeat. PID=2149, version='2026.7', state='RUNNING'
2026-09-27 01:55:39,493 - freqtrade.worker - INFO - Bot heartbeat. PID=2149, version='2026.7', state='RUNNING'
2026-09-27 01:56:39,496 - freqtrade.worker - INFO - Bot heartbeat. PID=2149, version='2026.7', state='RUNNING'
2026-09-27 01:57:39,498 - freqtrade.worker - INFO - Bot heartbeat. PID=2149, version='2026.7', state='RUNNING'
2026-09-27 01:58:39,501 - freqtrade.worker - INFO - Bot heartbeat. PID=2149, version='2026.7', state='RUNNING'
2026-09-27 01:59:39,503 - freqtrade.worker - INFO - Bot heartbeat. PID=2149, version='2026.7', state='RUNNING'
2026-09-27 02:00:41,001 - freqtrade.worker - INFO - Bot heartbeat. PID=2149, version='2026.7', state='RUNNING'
2026-09-27 02:01:07,110 - freqtrade.wallets - INFO - Wallets synced.
2026-09-27 02:01:41,003 - freqtrade.worker - INFO - Bot heartbeat. PID=2149, version='2026.7', state='RUNNING'
2026-09-27 02:02:41,006 - freqtrade.worker - INFO - Bot heartbeat. PID=2149, version='2026.7', state='RUNNING'
2026-09-27 02:03:41,008 - freqtrade.worker - INFO - Bot heartbeat. PID=2149, version='2026.7', state='RUNNING'
2026-09-27 02:04:41,011 - freqtrade.worker - INFO - Bot heartbeat. PID=2149, version='2026.7', state='RUNNING'
2026-09-27 02:05:41,013 - freqtrade.worker - INFO - Bot heartbeat. PID=2149, version='2026.7', state='RUNNING'
2026-09-27 02:06:41,015 - freqtrade.worker - INFO - Bot heartbeat. PID=2149, version='2026.7', state='RUNNING'
2026-09-27 02:07:41,018 - freqtrade.worker - INFO - Bot heartbeat. PID=2149, version='2026.7', state='RUNNING'
2026-09-27 02:08:41,020 - freqtrade.worker - INFO - Bot heartbeat. PID=2149, version='2026.7', state='RUNNING'
2026-09-27 02:08:48,643 - freqtrade.plugins.pairlistmanager - INFO - Whitelist with 47 pairs: ['BTC/USDT:USDT', 'ETH/USDT:USDT', 'BNB/USDT:USDT', 'SOL/USDT:USDT', 'ADA/USDT:USDT', 'DOGE/USDT:USDT', 'AVAX/USDT:USDT', 'DOT/USDT:USDT', 'LINK/USDT:USDT', 'LTC/USDT:USDT', 'BCH/USDT:USDT', 'ATOM/USDT:USDT', 'UNI/USDT:USDT', 'ETC/USDT:USDT', 'NEAR/USDT:USDT', 'ALGO/USDT:USDT', 'FIL/USDT:USDT', 'ICP/USDT:USDT', 'HBAR/USDT:USDT', 'APE/USDT:USDT', 'SAND/USDT:USDT', 'MANA/USDT:USDT', 'AXS/USDT:USDT', 'THETA/USDT:USDT', 'AAVE/USDT:USDT', 'GRT/USDT:USDT', 'CHZ/USDT:USDT', 'ENJ/USDT:USDT', 'CRV/USDT:USDT', 'COMP/USDT:USDT', 'DASH/USDT:USDT', 'QTUM/USDT:USDT', 'IOTA/USDT:USDT', 'ONT/USDT:USDT', 'BAT/USDT:USDT', 'RVN/USDT:USDT', 'KSM/USDT:USDT', 'EGLD/USDT:USDT', 'GALA/USDT:USDT', 'CELO/USDT:USDT', 'SUSHI/USDT:USDT', 'SNX/USDT:USDT', 'LRC/USDT:USDT', 'STORJ/USDT:USDT', 'ANKR/USDT:USDT', 'SKL/USDT:USDT', 'BAND/USDT:USDT']
2026-09-27 02:08:49,387 - freqtrade.freqtradebot - INFO - Global pairlock active until 2026-09-27 21:00:00. Not creating new trades, reason: 2.5574590656685197 passed 0.15 in 168 candles, locking for 24 candles..
2026-09-27 02:09:44,390 - freqtrade.worker - INFO - Bot heartbeat. PID=2149, version='2026.7', state='RUNNING'
2026-09-27 02:10:44,392 - freqtrade.worker - INFO - Bot heartbeat. PID=2149, version='2026.7', state='RUNNING'
2026-09-27 02:11:44,394 - freqtrade.worker - INFO - Bot heartbeat. PID=2149, version='2026.7', state='RUNNING'
2026-09-27 02:12:44,397 - freqtrade.worker - INFO - Bot heartbeat. PID=2149, version='2026.7', state='RUNNING'
2026-09-27 02:13:44,400 - freqtrade.worker - INFO - Bot heartbeat. PID=2149, version='2026.7', state='RUNNING'
2026-09-27 02:14:44,402 - freqtrade.worker - INFO - Bot heartbeat. PID=2149, version='2026.7', state='RUNNING'
2026-09-27 02:15:44,405 - freqtrade.worker - INFO - Bot heartbeat. PID=2149, version='2026.7', state='RUNNING'
2026-09-27 02:16:44,407 - freqtrade.worker - INFO - Bot heartbeat. PID=2149, version='2026.7', state='RUNNING'
2026-09-27 02:17:44,410 - freqtrade.worker - INFO - Bot heartbeat. PID=2149, version='2026.7', state='RUNNING'
2026-09-27 02:18:44,412 - freqtrade.worker - INFO - Bot heartbeat. PID=2149, version='2026.7', state='RUNNING'
2026-09-27 02:19:44,415 - freqtrade.worker - INFO - Bot heartbeat. PID=2149, version='2026.7', state='RUNNING'
2026-09-27 02:20:44,417 - freqtrade.worker - INFO - Bot heartbeat. PID=2149, version='2026.7', state='RUNNING'
2026-09-27 02:21:44,420 - freqtrade.worker - INFO - Bot heartbeat. PID=2149, version='2026.7', state='RUNNING'
2026-09-27 02:22:44,422 - freqtrade.worker - INFO - Bot heartbeat. PID=2149, version='2026.7', state='RUNNING'
2026-09-27 02:23:44,425 - freqtrade.worker - INFO - Bot heartbeat. PID=2149, version='2026.7', state='RUNNING'
2026-09-27 02:24:44,427 - freqtrade.worker - INFO - Bot heartbeat. PID=2149, version='2026.7', state='RUNNING'
2026-09-27 02:25:44,430 - freqtrade.worker - INFO - Bot heartbeat. PID=2149, version='2026.7', state='RUNNING'
2026-09-27 02:26:44,432 - freqtrade.worker - INFO - Bot heartbeat. PID=2149, version='2026.7', state='RUNNING'
2026-09-27 02:27:44,435 - freqtrade.worker - INFO - Bot heartbeat. PID=2149, version='2026.7', state='RUNNING'
2026-09-27 02:28:44,437 - freqtrade.worker - INFO - Bot heartbeat. PID=2149, version='2026.7', state='RUNNING'
2026-09-27 02:29:44,439 - freqtrade.worker - INFO - Bot heartbeat. PID=2149, version='2026.7', state='RUNNING'
2026-09-27 02:30:44,442 - freqtrade.worker - INFO - Bot heartbeat. PID=2149, version='2026.7', state='RUNNING'
2026-09-27 02:31:05,611 - freqtrade.wallets - INFO - Wallets synced.
2026-09-27 02:31:44,444 - freqtrade.worker - INFO - Bot heartbeat. PID=2149, version='2026.7', state='RUNNING'
2026-09-27 02:32:44,447 - freqtrade.worker - INFO - Bot heartbeat. PID=2149, version='2026.7', state='RUNNING'
2026-09-27 02:33:44,449 - freqtrade.worker - INFO - Bot heartbeat. PID=2149, version='2026.7', state='RUNNING'
2026-09-27 02:34:44,452 - freqtrade.worker - INFO - Bot heartbeat. PID=2149, version='2026.7', state='RUNNING'
2026-09-27 02:35:44,454 - freqtrade.worker - INFO - Bot heartbeat. PID=2149, version='2026.7', state='RUNNING'
2026-09-27 02:36:44,457 - freqtrade.worker - INFO - Bot heartbeat. PID=2149, version='2026.7', state='RUNNING'
2026-09-27 02:37:44,459 - freqtrade.worker - INFO - Bot heartbeat. PID=2149, version='2026.7', state='RUNNING'
2026-09-27 02:38:44,462 - freqtrade.worker - INFO - Bot heartbeat. PID=2149, version='2026.7', state='RUNNING'
2026-09-27 02:39:44,465 - freqtrade.worker - INFO - Bot heartbeat. PID=2149, version='2026.7', state='RUNNING'
2026-09-27 02:40:44,467 - freqtrade.worker - INFO - Bot heartbeat. PID=2149, version='2026.7', state='RUNNING'
2026-09-27 02:41:44,470 - freqtrade.worker - INFO - Bot heartbeat. PID=2149, version='2026.7', state='RUNNING'
2026-09-27 02:42:44,473 - freqtrade.worker - INFO - Bot heartbeat. PID=2149, version='2026.7', state='RUNNING'
2026-09-27 02:43:44,475 - freqtrade.worker - INFO - Bot heartbeat. PID=2149, version='2026.7', state='RUNNING'
2026-09-27 02:44:44,478 - freqtrade.worker - INFO - Bot heartbeat. PID=2149, version='2026.7', state='RUNNING'
2026-09-27 02:45:44,481 - freqtrade.worker - INFO - Bot heartbeat. PID=2149, version='2026.7', state='RUNNING'
2026-09-27 02:46:44,484 - freqtrade.worker - INFO - Bot heartbeat. PID=2149, version='2026.7', state='RUNNING'
2026-09-27 02:47:44,487 - freqtrade.worker - INFO - Bot heartbeat. PID=2149, version='2026.7', state='RUNNING'
2026-09-27 02:48:44,490 - freqtrade.worker - INFO - Bot heartbeat. PID=2149, version='2026.7', state='RUNNING'
2026-09-27 02:49:44,493 - freqtrade.worker - INFO - Bot heartbeat. PID=2149, version='2026.7', state='RUNNING'
2026-09-27 02:50:44,496 - freqtrade.worker - INFO - Bot heartbeat. PID=2149, version='2026.7', state='RUNNING'
2026-09-27 02:51:44,498 - freqtrade.worker - INFO - Bot heartbeat. PID=2149, version='2026.7', state='RUNNING'
2026-09-27 02:52:44,501 - freqtrade.worker - INFO - Bot heartbeat. PID=2149, version='2026.7', state='RUNNING'
2026-09-27 02:53:44,503 - freqtrade.worker - INFO - Bot heartbeat. PID=2149, version='2026.7', state='RUNNING'
2026-09-27 02:54:44,506 - freqtrade.worker - INFO - Bot heartbeat. PID=2149, version='2026.7', state='RUNNING'
2026-09-27 02:55:44,509 - freqtrade.worker - INFO - Bot heartbeat. PID=2149, version='2026.7', state='RUNNING'
2026-09-27 02:56:44,511 - freqtrade.worker - INFO - Bot heartbeat. PID=2149, version='2026.7', state='RUNNING'
2026-09-27 02:57:44,514 - freqtrade.worker - INFO - Bot heartbeat. PID=2149, version='2026.7', state='RUNNING'
2026-09-27 02:58:44,516 - freqtrade.worker - INFO - Bot heartbeat. PID=2149, version='2026.7', state='RUNNING'
2026-09-27 02:59:44,519 - freqtrade.worker - INFO - Bot heartbeat. PID=2149, version='2026.7', state='RUNNING'
2026-09-27 03:00:46,001 - freqtrade.worker - INFO - Bot heartbeat. PID=2149, version='2026.7', state='RUNNING'
2026-09-27 03:01:07,107 - freqtrade.wallets - INFO - Wallets synced.
2026-09-27 03:01:46,004 - freqtrade.worker - INFO - Bot heartbeat. PID=2149, version='2026.7', state='RUNNING'
2026-09-27 03:02:46,007 - freqtrade.worker - INFO - Bot heartbeat. PID=2149, version='2026.7', state='RUNNING'
2026-09-27 03:03:46,009 - freqtrade.worker - INFO - Bot heartbeat. PID=2149, version='2026.7', state='RUNNING'
2026-09-27 03:04:46,012 - freqtrade.worker - INFO - Bot heartbeat. PID=2149, version='2026.7', state='RUNNING'
2026-09-27 03:05:46,014 - freqtrade.worker - INFO - Bot heartbeat. PID=2149, version='2026.7', state='RUNNING'
2026-09-27 03:06:46,017 - freqtrade.worker - INFO - Bot heartbeat. PID=2149, version='2026.7', state='RUNNING'
2026-09-27 03:07:46,019 - freqtrade.worker - INFO - Bot heartbeat. PID=2149, version='2026.7', state='RUNNING'
2026-09-27 03:08:46,022 - freqtrade.worker - INFO - Bot heartbeat. PID=2149, version='2026.7', state='RUNNING'
2026-09-27 03:08:58,626 - freqtrade.plugins.pairlistmanager - INFO - Whitelist with 47 pairs: ['BTC/USDT:USDT', 'ETH/USDT:USDT', 'BNB/USDT:USDT', 'SOL/USDT:USDT', 'ADA/USDT:USDT', 'DOGE/USDT:USDT', 'AVAX/USDT:USDT', 'DOT/USDT:USDT', 'LINK/USDT:USDT', 'LTC/USDT:USDT', 'BCH/USDT:USDT', 'ATOM/USDT:USDT', 'UNI/USDT:USDT', 'ETC/USDT:USDT', 'NEAR/USDT:USDT', 'ALGO/USDT:USDT', 'FIL/USDT:USDT', 'ICP/USDT:USDT', 'HBAR/USDT:USDT', 'APE/USDT:USDT', 'SAND/USDT:USDT', 'MANA/USDT:USDT', 'AXS/USDT:USDT', 'THETA/USDT:USDT', 'AAVE/USDT:USDT', 'GRT/USDT:USDT', 'CHZ/USDT:USDT', 'ENJ/USDT:USDT', 'CRV/USDT:USDT', 'COMP/USDT:USDT', 'DASH/USDT:USDT', 'QTUM/USDT:USDT', 'IOTA/USDT:USDT', 'ONT/USDT:USDT', 'BAT/USDT:USDT', 'RVN/USDT:USDT', 'KSM/USDT:USDT', 'EGLD/USDT:USDT', 'GALA/USDT:USDT', 'CELO/USDT:USDT', 'SUSHI/USDT:USDT', 'SNX/USDT:USDT', 'LRC/USDT:USDT', 'STORJ/USDT:USDT', 'ANKR/USDT:USDT', 'SKL/USDT:USDT', 'BAND/USDT:USDT']
2026-09-27 03:08:59,421 - freqtrade.freqtradebot - INFO - Global pairlock active until 2026-09-27 21:00:00. Not creating new trades, reason: 2.5574590656685197 passed 0.15 in 168 candles, locking for 24 candles..
2026-09-27 03:09:49,423 - freqtrade.worker - INFO - Bot heartbeat. PID=2149, version='2026.7', state='RUNNING'
2026-09-27 03:10:49,426 - freqtrade.worker - INFO - Bot heartbeat. PID=2149, version='2026.7', state='RUNNING'
2026-09-27 03:11:49,428 - freqtrade.worker - INFO - Bot heartbeat. PID=2149, version='2026.7', state='RUNNING'
2026-09-27 03:12:49,431 - freqtrade.worker - INFO - Bot heartbeat. PID=2149, version='2026.7', state='RUNNING'
2026-09-27 03:13:49,434 - freqtrade.worker - INFO - Bot heartbeat. PID=2149, version='2026.7', state='RUNNING'
2026-09-27 03:14:49,436 - freqtrade.worker - INFO - Bot heartbeat. PID=2149, version='2026.7', state='RUNNING'
2026-09-27 03:15:49,439 - freqtrade.worker - INFO - Bot heartbeat. PID=2149, version='2026.7', state='RUNNING'
2026-09-27 03:16:49,442 - freqtrade.worker - INFO - Bot heartbeat. PID=2149, version='2026.7', state='RUNNING'
2026-09-27 03:17:49,445 - freqtrade.worker - INFO - Bot heartbeat. PID=2149, version='2026.7', state='RUNNING'
2026-09-27 03:18:49,448 - freqtrade.worker - INFO - Bot heartbeat. PID=2149, version='2026.7', state='RUNNING'
2026-09-27 03:19:49,450 - freqtrade.worker - INFO - Bot heartbeat. PID=2149, version='2026.7', state='RUNNING'
2026-09-27 03:20:49,453 - freqtrade.worker - INFO - Bot heartbeat. PID=2149, version='2026.7', state='RUNNING'
2026-09-27 03:21:49,455 - freqtrade.worker - INFO - Bot heartbeat. PID=2149, version='2026.7', state='RUNNING'
2026-09-27 03:22:49,458 - freqtrade.worker - INFO - Bot heartbeat. PID=2149, version='2026.7', state='RUNNING'
2026-09-27 03:23:49,460 - freqtrade.worker - INFO - Bot heartbeat. PID=2149, version='2026.7', state='RUNNING'
2026-09-27 03:24:49,463 - freqtrade.worker - INFO - Bot heartbeat. PID=2149, version='2026.7', state='RUNNING'
2026-09-27 03:25:49,465 - freqtrade.worker - INFO - Bot heartbeat. PID=2149, version='2026.7', state='RUNNING'
2026-09-27 03:26:49,468 - freqtrade.worker - INFO - Bot heartbeat. PID=2149, version='2026.7', state='RUNNING'
2026-09-27 03:27:49,470 - freqtrade.worker - INFO - Bot heartbeat. PID=2149, version='2026.7', state='RUNNING'
2026-09-27 03:28:49,472 - freqtrade.worker - INFO - Bot heartbeat. PID=2149, version='2026.7', state='RUNNING'
2026-09-27 03:29:49,475 - freqtrade.worker - INFO - Bot heartbeat. PID=2149, version='2026.7', state='RUNNING'
2026-09-27 03:30:49,477 - freqtrade.worker - INFO - Bot heartbeat. PID=2149, version='2026.7', state='RUNNING'
2026-09-27 03:31:05,674 - freqtrade.wallets - INFO - Wallets synced.
2026-09-27 03:31:49,479 - freqtrade.worker - INFO - Bot heartbeat. PID=2149, version='2026.7', state='RUNNING'
2026-09-27 03:32:49,482 - freqtrade.worker - INFO - Bot heartbeat. PID=2149, version='2026.7', state='RUNNING'
2026-09-27 03:33:49,485 - freqtrade.worker - INFO - Bot heartbeat. PID=2149, version='2026.7', state='RUNNING'
2026-09-27 03:34:49,487 - freqtrade.worker - INFO - Bot heartbeat. PID=2149, version='2026.7', state='RUNNING'
2026-09-27 03:35:49,489 - freqtrade.worker - INFO - Bot heartbeat. PID=2149, version='2026.7', state='RUNNING'
2026-09-27 03:36:49,492 - freqtrade.worker - INFO - Bot heartbeat. PID=2149, version='2026.7', state='RUNNING'
2026-09-27 03:37:49,494 - freqtrade.worker - INFO - Bot heartbeat. PID=2149, version='2026.7', state='RUNNING'
2026-09-27 03:38:49,497 - freqtrade.worker - INFO - Bot heartbeat. PID=2149, version='2026.7', state='RUNNING'
2026-09-27 03:39:49,500 - freqtrade.worker - INFO - Bot heartbeat. PID=2149, version='2026.7', state='RUNNING'
2026-09-27 03:40:49,502 - freqtrade.worker - INFO - Bot heartbeat. PID=2149, version='2026.7', state='RUNNING'
2026-09-27 03:41:49,505 - freqtrade.worker - INFO - Bot heartbeat. PID=2149, version='2026.7', state='RUNNING'
2026-09-27 03:42:49,507 - freqtrade.worker - INFO - Bot heartbeat. PID=2149, version='2026.7', state='RUNNING'
2026-09-27 03:43:49,510 - freqtrade.worker - INFO - Bot heartbeat. PID=2149, version='2026.7', state='RUNNING'
2026-09-27 03:44:49,512 - freqtrade.worker - INFO - Bot heartbeat. PID=2149, version='2026.7', state='RUNNING'
2026-09-27 03:45:49,515 - freqtrade.worker - INFO - Bot heartbeat. PID=2149, version='2026.7', state='RUNNING'
2026-09-27 03:46:49,517 - freqtrade.worker - INFO - Bot heartbeat. PID=2149, version='2026.7', state='RUNNING'
2026-09-27 03:47:49,520 - freqtrade.worker - INFO - Bot heartbeat. PID=2149, version='2026.7', state='RUNNING'
2026-09-27 03:48:49,523 - freqtrade.worker - INFO - Bot heartbeat. PID=2149, version='2026.7', state='RUNNING'
2026-09-27 03:49:49,525 - freqtrade.worker - INFO - Bot heartbeat. PID=2149, version='2026.7', state='RUNNING'
2026-09-27 03:50:49,528 - freqtrade.worker - INFO - Bot heartbeat. PID=2149, version='2026.7', state='RUNNING'
2026-09-27 03:51:49,531 - freqtrade.worker - INFO - Bot heartbeat. PID=2149, version='2026.7', state='RUNNING'
2026-09-27 03:52:49,533 - freqtrade.worker - INFO - Bot heartbeat. PID=2149, version='2026.7', state='RUNNING'
2026-09-27 03:53:49,536 - freqtrade.worker - INFO - Bot heartbeat. PID=2149, version='2026.7', state='RUNNING'
2026-09-27 03:54:49,538 - freqtrade.worker - INFO - Bot heartbeat. PID=2149, version='2026.7', state='RUNNING'
2026-09-27 03:55:49,541 - freqtrade.worker - INFO - Bot heartbeat. PID=2149, version='2026.7', state='RUNNING'
2026-09-27 03:56:49,544 - freqtrade.worker - INFO - Bot heartbeat. PID=2149, version='2026.7', state='RUNNING'
2026-09-27 03:57:49,546 - freqtrade.worker - INFO - Bot heartbeat. PID=2149, version='2026.7', state='RUNNING'
2026-09-27 03:58:49,549 - freqtrade.worker - INFO - Bot heartbeat. PID=2149, version='2026.7', state='RUNNING'
2026-09-27 03:59:49,551 - freqtrade.worker - INFO - Bot heartbeat. PID=2149, version='2026.7', state='RUNNING'
2026-09-27 04:00:51,001 - freqtrade.worker - INFO - Bot heartbeat. PID=2149, version='2026.7', state='RUNNING'
2026-09-27 04:01:07,167 - freqtrade.wallets - INFO - Wallets synced.
2026-09-27 04:01:51,004 - freqtrade.worker - INFO - Bot heartbeat. PID=2149, version='2026.7', state='RUNNING'
2026-09-27 04:02:51,006 - freqtrade.worker - INFO - Bot heartbeat. PID=2149, version='2026.7', state='RUNNING'
2026-09-27 04:03:51,009 - freqtrade.worker - INFO - Bot heartbeat. PID=2149, version='2026.7', state='RUNNING'
2026-09-27 04:04:51,011 - freqtrade.worker - INFO - Bot heartbeat. PID=2149, version='2026.7', state='RUNNING'
2026-09-27 04:05:51,014 - freqtrade.worker - INFO - Bot heartbeat. PID=2149, version='2026.7', state='RUNNING'
2026-09-27 04:06:51,016 - freqtrade.worker - INFO - Bot heartbeat. PID=2149, version='2026.7', state='RUNNING'
2026-09-27 04:08:29,376 - freqtrade.loggers - INFO - Enabling colorized output.
2026-09-27 04:08:29,376 - freqtrade.loggers - INFO - Logfile configured
2026-09-27 04:08:29,377 - freqtrade.loggers - INFO - Verbosity set to 0
2026-09-27 04:08:29,377 - freqtrade.configuration.configuration - INFO - Runmode set to dry_run.
2026-09-27 04:08:29,378 - freqtrade.configuration.configuration - INFO - Parameter --db-url detected ...
2026-09-27 04:08:29,378 - freqtrade.configuration.configuration - INFO - Dry run is enabled
2026-09-27 04:08:29,378 - freqtrade.configuration.configuration - INFO - Using DB: "sqlite:////home/runner/work/_temp/live_cloud.sqlite"
2026-09-27 04:08:29,378 - freqtrade.configuration.configuration - INFO - Using max_open_trades: 15 ...
2026-09-27 04:08:29,379 - freqtrade.configuration.configuration - INFO - Using user-data directory: user_data ...
2026-09-27 04:08:29,380 - freqtrade.configuration.directory_operations - INFO - Created data directory: None
2026-09-27 04:08:29,380 - freqtrade.configuration.configuration - INFO - Using data directory: user_data/data/gate ...
2026-09-27 04:08:29,381 - freqtrade.exchange.check_exchange - INFO - Checking exchange...
2026-09-27 04:08:29,387 - freqtrade.exchange.check_exchange - INFO - Exchange "gate" is officially supported by the Freqtrade development team.
2026-09-27 04:08:29,388 - freqtrade.configuration.configuration - INFO - Using pairlist from configuration.
2026-09-27 04:08:29,388 - freqtrade.exchange.exchange - INFO - Instance is running with dry_run enabled
2026-09-27 04:08:29,389 - freqtrade.exchange.exchange - INFO - Using CCXT 4.5.84
2026-09-27 04:08:29,389 - freqtrade.exchange.exchange - INFO - Applying additional ccxt config: {'options': {'defaultType': 'swap'}}
2026-09-27 04:08:29,391 - freqtrade.exchange.exchange - INFO - Applying additional ccxt config: {'options': {'defaultType': 'swap'}}
2026-09-27 04:08:29,394 - freqtrade.exchange.exchange - INFO - Using Exchange "Gate"
2026-09-27 04:08:37,783 - freqtrade.resolvers.exchange_resolver - INFO - Using resolved exchange class 'Gate' ...
2026-09-27 04:08:37,796 - freqtrade.resolvers.iresolver - INFO - Using resolved strategy HourlyTrend from '/home/runner/work/hourly-bot/hourly-bot/user_data/strategies/HourlyTrend.py'...
2026-09-27 04:08:37,796 - freqtrade.strategy.hyper - INFO - Found no parameter file.
2026-09-27 04:08:37,797 - freqtrade.resolvers.strategy_resolver - INFO - Override strategy 'timeframe' with value from the configuration: 1h.
2026-09-27 04:08:37,797 - freqtrade.resolvers.strategy_resolver - INFO - Override strategy 'order_types' with value from the configuration: {'entry': 'limit', 'exit': 'limit', 'stoploss': 'limit', 'stoploss_on_exchange': False}.
2026-09-27 04:08:37,798 - freqtrade.resolvers.strategy_resolver - INFO - Override strategy 'stake_currency' with value from the configuration: USDT.
2026-09-27 04:08:37,798 - freqtrade.resolvers.strategy_resolver - INFO - Override strategy 'stake_amount' with value from the configuration: unlimited.
2026-09-27 04:08:37,798 - freqtrade.resolvers.strategy_resolver - INFO - Override strategy 'unfilledtimeout' with value from the configuration: {'entry': 5, 'exit': 5, 'exit_timeout_count': 0, 'unit': 'minutes'}.
2026-09-27 04:08:37,799 - freqtrade.resolvers.strategy_resolver - INFO - Override strategy 'max_open_trades' with value from the configuration: 15.
2026-09-27 04:08:37,799 - freqtrade.resolvers.strategy_resolver - INFO - Strategy using minimal_roi: {'0': 100.0}
2026-09-27 04:08:37,799 - freqtrade.resolvers.strategy_resolver - INFO - Strategy using timeframe: 1h
2026-09-27 04:08:37,800 - freqtrade.resolvers.strategy_resolver - INFO - Strategy using stoploss: -0.6
2026-09-27 04:08:37,800 - freqtrade.resolvers.strategy_resolver - INFO - Strategy using trailing_stop: False
2026-09-27 04:08:37,800 - freqtrade.resolvers.strategy_resolver - INFO - Strategy using trailing_stop_positive_offset: 0.0
2026-09-27 04:08:37,801 - freqtrade.resolvers.strategy_resolver - INFO - Strategy using trailing_only_offset_is_reached: False
2026-09-27 04:08:37,801 - freqtrade.resolvers.strategy_resolver - INFO - Strategy using use_custom_stoploss: True
2026-09-27 04:08:37,801 - freqtrade.resolvers.strategy_resolver - INFO - Strategy using process_only_new_candles: True
2026-09-27 04:08:37,801 - freqtrade.resolvers.strategy_resolver - INFO - Strategy using order_types: {'entry': 'limit', 'exit': 'limit', 'stoploss': 'limit', 'stoploss_on_exchange': False}
2026-09-27 04:08:37,802 - freqtrade.resolvers.strategy_resolver - INFO - Strategy using order_time_in_force: {'entry': 'GTC', 'exit': 'GTC'}
2026-09-27 04:08:37,802 - freqtrade.resolvers.strategy_resolver - INFO - Strategy using stake_currency: USDT
2026-09-27 04:08:37,802 - freqtrade.resolvers.strategy_resolver - INFO - Strategy using stake_amount: unlimited
2026-09-27 04:08:37,803 - freqtrade.resolvers.strategy_resolver - INFO - Strategy using startup_candle_count: 800
2026-09-27 04:08:37,803 - freqtrade.resolvers.strategy_resolver - INFO - Strategy using unfilledtimeout: {'entry': 5, 'exit': 5, 'exit_timeout_count': 0, 'unit': 'minutes'}
2026-09-27 04:08:37,803 - freqtrade.resolvers.strategy_resolver - INFO - Strategy using use_exit_signal: False
2026-09-27 04:08:37,803 - freqtrade.resolvers.strategy_resolver - INFO - Strategy using exit_profit_only: False
2026-09-27 04:08:37,804 - freqtrade.resolvers.strategy_resolver - INFO - Strategy using ignore_roi_if_entry_signal: False
2026-09-27 04:08:37,804 - freqtrade.resolvers.strategy_resolver - INFO - Strategy using exit_profit_offset: 0.0
2026-09-27 04:08:37,804 - freqtrade.resolvers.strategy_resolver - INFO - Strategy using disable_dataframe_checks: False
2026-09-27 04:08:37,804 - freqtrade.resolvers.strategy_resolver - INFO - Strategy using ignore_buying_expired_candle_after: 0
2026-09-27 04:08:37,805 - freqtrade.resolvers.strategy_resolver - INFO - Strategy using position_adjustment_enable: False
2026-09-27 04:08:37,805 - freqtrade.resolvers.strategy_resolver - INFO - Strategy using max_entry_position_adjustment: -1
2026-09-27 04:08:37,805 - freqtrade.resolvers.strategy_resolver - INFO - Strategy using max_open_trades: 15
2026-09-27 04:08:37,806 - freqtrade.configuration.config_validation - INFO - Validating configuration ...
2026-09-27 04:08:37,841 - freqtrade.wallets - INFO - Wallets synced.
2026-09-27 04:08:38,114 - freqtrade.rpc.rpc_manager - INFO - Enabling rpc.api_server
2026-09-27 04:08:38,262 - freqtrade.rpc.api_server.webserver - INFO - Starting HTTP Server at 127.0.0.1:8080
2026-09-27 04:08:38,263 - freqtrade.rpc.api_server.webserver - INFO - Starting Local Rest Server.
2026-09-27 04:08:38,280 - uvicorn.error - INFO - Started server process [2424]
2026-09-27 04:08:38,281 - uvicorn.error - INFO - Waiting for application startup.
2026-09-27 04:08:38,281 - uvicorn.error - INFO - Application startup complete.
2026-09-27 04:08:38,282 - uvicorn.error - INFO - Uvicorn running on http://127.0.0.1:8080 (Press CTRL+C to quit)
2026-09-27 04:08:38,286 - freqtrade.resolvers.iresolver - INFO - Using resolved pairlist StaticPairList from '/opt/hostedtoolcache/Python/3.12.14/x64/lib/python3.12/site-packages/freqtrade/plugins/pairlist/StaticPairList.py'...
2026-09-27 04:08:38,286 - freqtrade.freqtradebot - INFO - Starting initial pairlist refresh
2026-09-27 04:08:38,347 - freqtrade.plugins.pairlistmanager - INFO - Whitelist with 47 pairs: ['BTC/USDT:USDT', 'ETH/USDT:USDT', 'BNB/USDT:USDT', 'SOL/USDT:USDT', 'ADA/USDT:USDT', 'DOGE/USDT:USDT', 'AVAX/USDT:USDT', 'DOT/USDT:USDT', 'LINK/USDT:USDT', 'LTC/USDT:USDT', 'BCH/USDT:USDT', 'ATOM/USDT:USDT', 'UNI/USDT:USDT', 'ETC/USDT:USDT', 'NEAR/USDT:USDT', 'ALGO/USDT:USDT', 'FIL/USDT:USDT', 'ICP/USDT:USDT', 'HBAR/USDT:USDT', 'APE/USDT:USDT', 'SAND/USDT:USDT', 'MANA/USDT:USDT', 'AXS/USDT:USDT', 'THETA/USDT:USDT', 'AAVE/USDT:USDT', 'GRT/USDT:USDT', 'CHZ/USDT:USDT', 'ENJ/USDT:USDT', 'CRV/USDT:USDT', 'COMP/USDT:USDT', 'DASH/USDT:USDT', 'QTUM/USDT:USDT', 'IOTA/USDT:USDT', 'ONT/USDT:USDT', 'BAT/USDT:USDT', 'RVN/USDT:USDT', 'KSM/USDT:USDT', 'EGLD/USDT:USDT', 'GALA/USDT:USDT', 'CELO/USDT:USDT', 'SUSHI/USDT:USDT', 'SNX/USDT:USDT', 'LRC/USDT:USDT', 'STORJ/USDT:USDT', 'ANKR/USDT:USDT', 'SKL/USDT:USDT', 'BAND/USDT:USDT']
2026-09-27 04:08:38,347 - freqtrade.freqtradebot - INFO - Initial Pairlist refresh took 0.06s
2026-09-27 04:08:38,349 - freqtrade.strategy.hyper - INFO - No params for buy found, using default values.
2026-09-27 04:08:38,349 - freqtrade.strategy.hyper - INFO - Strategy Parameter(default): adx_floor = 20
2026-09-27 04:08:38,349 - freqtrade.strategy.hyper - INFO - Strategy Parameter(default): breakout_hours = 72
2026-09-27 04:08:38,350 - freqtrade.strategy.hyper - INFO - Strategy Parameter(default): ema_fast = 50
2026-09-27 04:08:38,350 - freqtrade.strategy.hyper - INFO - Strategy Parameter(default): ema_slow = 200
2026-09-27 04:08:38,350 - freqtrade.strategy.hyper - INFO - Strategy Parameter(default): rsi_long_max = 78
2026-09-27 04:08:38,351 - freqtrade.strategy.hyper - INFO - Strategy Parameter(default): rsi_short_min = 22
2026-09-27 04:08:38,351 - freqtrade.strategy.hyper - INFO - No params for sell found, using default values.
2026-09-27 04:08:38,351 - freqtrade.strategy.hyper - INFO - Strategy Parameter(default): initial_stop_atr = 2.0
2026-09-27 04:08:38,351 - freqtrade.strategy.hyper - INFO - Strategy Parameter(default): risk_per_trade = 0.01
2026-09-27 04:08:38,352 - freqtrade.strategy.hyper - INFO - Strategy Parameter(default): trail_atr = 6.0
2026-09-27 04:08:38,353 - freqtrade.resolvers.iresolver - INFO - Using resolved protection CooldownPeriod from '/opt/hostedtoolcache/Python/3.12.14/x64/lib/python3.12/site-packages/freqtrade/plugins/protections/cooldown_period.py'...
2026-09-27 04:08:38,354 - freqtrade.resolvers.iresolver - INFO - Using resolved protection MaxDrawdown from '/opt/hostedtoolcache/Python/3.12.14/x64/lib/python3.12/site-packages/freqtrade/plugins/protections/max_drawdown_protection.py'...
2026-09-27 04:08:38,356 - freqtrade.resolvers.iresolver - INFO - Using resolved protection StoplossGuard from '/opt/hostedtoolcache/Python/3.12.14/x64/lib/python3.12/site-packages/freqtrade/plugins/protections/stoploss_guard.py'...
2026-09-27 04:08:38,356 - freqtrade.rpc.rpc_manager - INFO - Sending rpc message: {'type': status, 'status': 'running'}
2026-09-27 04:08:38,356 - freqtrade.worker - INFO - Changing state to: RUNNING
2026-09-27 04:08:38,364 - freqtrade.rpc.rpc_manager - INFO - Sending rpc message: {'type': warning, 'status': 'Dry run is enabled. All trades are simulated.'}
2026-09-27 04:08:38,364 - freqtrade.rpc.rpc_manager - INFO - Sending rpc message: {'type': startup, 'status': "*Exchange:* `gate`\n*Stake per trade:* `unlimited USDT`\n*Minimum ROI:* `{'0': 100.0}`\n*Stoploss:* `-0.6`\n*Position adjustment:* `Off`\n*Timeframe:* `1h`\n*Strategy:* `HourlyTrend`"}
2026-09-27 04:08:38,365 - freqtrade.rpc.rpc_manager - INFO - Sending rpc message: {'type': startup, 'status': "Searching for USDT pairs to buy and sell based on [{'StaticPairList': 'StaticPairList'}]"}
2026-09-27 04:08:38,365 - freqtrade.rpc.rpc_manager - INFO - Sending rpc message: {'type': startup, 'status': 'Using Protections: \nCooldownPeriod - Cooldown period for 2 candles.\nMaxDrawdown - Max drawdown protection, stop trading if drawdown is > 0.15 within 168 candles.\nStoplossGuard - Frequent Stoploss Guard, 6 stoplosses with profit < 0.00% within 24 candles.'}
2026-09-27 04:08:38,368 - freqtrade.persistence.trade_model - INFO - Found open trade: Trade(id=51, pair=MANA/USDT:USDT, amount=79.7, is_short=False, leverage=10, open_rate=0.09099, open_since=2026-09-25 07:00:04)
2026-09-27 04:08:42,328 - freqtrade.freqtradebot - INFO - Global pairlock active until 2026-09-27 21:00:00. Not creating new trades, reason: 2.5574590656685197 passed 0.15 in 168 candles, locking for 24 candles..
2026-09-27 04:08:43,620 - freqtrade.worker - INFO - Bot heartbeat. PID=2424, version='2026.7', state='RUNNING'
2026-09-27 04:09:43,623 - freqtrade.worker - INFO - Bot heartbeat. PID=2424, version='2026.7', state='RUNNING'
2026-09-27 04:10:43,625 - freqtrade.worker - INFO - Bot heartbeat. PID=2424, version='2026.7', state='RUNNING'
2026-09-27 04:11:43,628 - freqtrade.worker - INFO - Bot heartbeat. PID=2424, version='2026.7', state='RUNNING'
2026-09-27 04:12:43,631 - freqtrade.worker - INFO - Bot heartbeat. PID=2424, version='2026.7', state='RUNNING'
2026-09-27 04:13:43,634 - freqtrade.worker - INFO - Bot heartbeat. PID=2424, version='2026.7', state='RUNNING'
2026-09-27 04:14:43,637 - freqtrade.worker - INFO - Bot heartbeat. PID=2424, version='2026.7', state='RUNNING'
2026-09-27 04:15:43,639 - freqtrade.worker - INFO - Bot heartbeat. PID=2424, version='2026.7', state='RUNNING'
2026-09-27 04:16:43,642 - freqtrade.worker - INFO - Bot heartbeat. PID=2424, version='2026.7', state='RUNNING'
2026-09-27 04:17:43,645 - freqtrade.worker - INFO - Bot heartbeat. PID=2424, version='2026.7', state='RUNNING'
2026-09-27 04:18:43,648 - freqtrade.worker - INFO - Bot heartbeat. PID=2424, version='2026.7', state='RUNNING'
2026-09-27 04:19:43,651 - freqtrade.worker - INFO - Bot heartbeat. PID=2424, version='2026.7', state='RUNNING'
2026-09-27 04:20:43,653 - freqtrade.worker - INFO - Bot heartbeat. PID=2424, version='2026.7', state='RUNNING'
2026-09-27 04:21:43,656 - freqtrade.worker - INFO - Bot heartbeat. PID=2424, version='2026.7', state='RUNNING'
2026-09-27 04:22:43,659 - freqtrade.worker - INFO - Bot heartbeat. PID=2424, version='2026.7', state='RUNNING'
2026-09-27 04:23:43,662 - freqtrade.worker - INFO - Bot heartbeat. PID=2424, version='2026.7', state='RUNNING'
2026-09-27 04:24:43,665 - freqtrade.worker - INFO - Bot heartbeat. PID=2424, version='2026.7', state='RUNNING'
2026-09-27 04:25:43,667 - freqtrade.worker - INFO - Bot heartbeat. PID=2424, version='2026.7', state='RUNNING'
2026-09-27 04:26:43,670 - freqtrade.worker - INFO - Bot heartbeat. PID=2424, version='2026.7', state='RUNNING'
2026-09-27 04:27:43,673 - freqtrade.worker - INFO - Bot heartbeat. PID=2424, version='2026.7', state='RUNNING'
2026-09-27 04:28:43,676 - freqtrade.worker - INFO - Bot heartbeat. PID=2424, version='2026.7', state='RUNNING'
2026-09-27 04:29:43,678 - freqtrade.worker - INFO - Bot heartbeat. PID=2424, version='2026.7', state='RUNNING'
2026-09-27 04:30:43,681 - freqtrade.worker - INFO - Bot heartbeat. PID=2424, version='2026.7', state='RUNNING'
2026-09-27 04:31:04,619 - freqtrade.wallets - INFO - Wallets synced.
2026-09-27 04:31:43,684 - freqtrade.worker - INFO - Bot heartbeat. PID=2424, version='2026.7', state='RUNNING'
2026-09-27 04:32:43,687 - freqtrade.worker - INFO - Bot heartbeat. PID=2424, version='2026.7', state='RUNNING'
2026-09-27 04:33:43,689 - freqtrade.worker - INFO - Bot heartbeat. PID=2424, version='2026.7', state='RUNNING'
2026-09-27 04:34:43,692 - freqtrade.worker - INFO - Bot heartbeat. PID=2424, version='2026.7', state='RUNNING'
2026-09-27 04:35:43,695 - freqtrade.worker - INFO - Bot heartbeat. PID=2424, version='2026.7', state='RUNNING'
2026-09-27 04:36:43,698 - freqtrade.worker - INFO - Bot heartbeat. PID=2424, version='2026.7', state='RUNNING'
2026-09-27 04:37:43,701 - freqtrade.worker - INFO - Bot heartbeat. PID=2424, version='2026.7', state='RUNNING'
2026-09-27 04:38:43,703 - freqtrade.worker - INFO - Bot heartbeat. PID=2424, version='2026.7', state='RUNNING'
2026-09-27 04:39:43,706 - freqtrade.worker - INFO - Bot heartbeat. PID=2424, version='2026.7', state='RUNNING'
2026-09-27 04:40:43,709 - freqtrade.worker - INFO - Bot heartbeat. PID=2424, version='2026.7', state='RUNNING'
2026-09-27 04:41:43,712 - freqtrade.worker - INFO - Bot heartbeat. PID=2424, version='2026.7', state='RUNNING'
2026-09-27 04:42:43,714 - freqtrade.worker - INFO - Bot heartbeat. PID=2424, version='2026.7', state='RUNNING'
2026-09-27 04:43:43,717 - freqtrade.worker - INFO - Bot heartbeat. PID=2424, version='2026.7', state='RUNNING'
2026-09-27 04:44:43,720 - freqtrade.worker - INFO - Bot heartbeat. PID=2424, version='2026.7', state='RUNNING'
2026-09-27 04:45:43,723 - freqtrade.worker - INFO - Bot heartbeat. PID=2424, version='2026.7', state='RUNNING'
2026-09-27 04:46:43,726 - freqtrade.worker - INFO - Bot heartbeat. PID=2424, version='2026.7', state='RUNNING'
2026-09-27 04:47:43,729 - freqtrade.worker - INFO - Bot heartbeat. PID=2424, version='2026.7', state='RUNNING'
2026-09-27 04:48:43,731 - freqtrade.worker - INFO - Bot heartbeat. PID=2424, version='2026.7', state='RUNNING'
2026-09-27 04:49:43,734 - freqtrade.worker - INFO - Bot heartbeat. PID=2424, version='2026.7', state='RUNNING'
2026-09-27 04:50:43,737 - freqtrade.worker - INFO - Bot heartbeat. PID=2424, version='2026.7', state='RUNNING'
2026-09-27 04:51:43,740 - freqtrade.worker - INFO - Bot heartbeat. PID=2424, version='2026.7', state='RUNNING'
2026-09-27 04:52:43,742 - freqtrade.worker - INFO - Bot heartbeat. PID=2424, version='2026.7', state='RUNNING'
2026-09-27 04:53:43,745 - freqtrade.worker - INFO - Bot heartbeat. PID=2424, version='2026.7', state='RUNNING'
2026-09-27 04:54:43,748 - freqtrade.worker - INFO - Bot heartbeat. PID=2424, version='2026.7', state='RUNNING'
2026-09-27 04:55:43,750 - freqtrade.worker - INFO - Bot heartbeat. PID=2424, version='2026.7', state='RUNNING'
2026-09-27 04:56:43,753 - freqtrade.worker - INFO - Bot heartbeat. PID=2424, version='2026.7', state='RUNNING'
2026-09-27 04:57:43,756 - freqtrade.worker - INFO - Bot heartbeat. PID=2424, version='2026.7', state='RUNNING'
2026-09-27 04:58:43,759 - freqtrade.worker - INFO - Bot heartbeat. PID=2424, version='2026.7', state='RUNNING'
2026-09-27 04:59:43,761 - freqtrade.worker - INFO - Bot heartbeat. PID=2424, version='2026.7', state='RUNNING'
2026-09-27 05:00:46,001 - freqtrade.worker - INFO - Bot heartbeat. PID=2424, version='2026.7', state='RUNNING'
2026-09-27 05:01:06,935 - freqtrade.wallets - INFO - Wallets synced.
2026-09-27 05:01:46,004 - freqtrade.worker - INFO - Bot heartbeat. PID=2424, version='2026.7', state='RUNNING'
2026-09-27 05:02:46,007 - freqtrade.worker - INFO - Bot heartbeat. PID=2424, version='2026.7', state='RUNNING'
2026-09-27 05:03:46,009 - freqtrade.worker - INFO - Bot heartbeat. PID=2424, version='2026.7', state='RUNNING'
2026-09-27 05:04:46,013 - freqtrade.worker - INFO - Bot heartbeat. PID=2424, version='2026.7', state='RUNNING'
2026-09-27 05:05:46,016 - freqtrade.worker - INFO - Bot heartbeat. PID=2424, version='2026.7', state='RUNNING'
2026-09-27 05:06:46,019 - freqtrade.worker - INFO - Bot heartbeat. PID=2424, version='2026.7', state='RUNNING'
2026-09-27 05:07:46,022 - freqtrade.worker - INFO - Bot heartbeat. PID=2424, version='2026.7', state='RUNNING'
2026-09-27 05:08:46,361 - freqtrade.plugins.pairlistmanager - INFO - Whitelist with 47 pairs: ['BTC/USDT:USDT', 'ETH/USDT:USDT', 'BNB/USDT:USDT', 'SOL/USDT:USDT', 'ADA/USDT:USDT', 'DOGE/USDT:USDT', 'AVAX/USDT:USDT', 'DOT/USDT:USDT', 'LINK/USDT:USDT', 'LTC/USDT:USDT', 'BCH/USDT:USDT', 'ATOM/USDT:USDT', 'UNI/USDT:USDT', 'ETC/USDT:USDT', 'NEAR/USDT:USDT', 'ALGO/USDT:USDT', 'FIL/USDT:USDT', 'ICP/USDT:USDT', 'HBAR/USDT:USDT', 'APE/USDT:USDT', 'SAND/USDT:USDT', 'MANA/USDT:USDT', 'AXS/USDT:USDT', 'THETA/USDT:USDT', 'AAVE/USDT:USDT', 'GRT/USDT:USDT', 'CHZ/USDT:USDT', 'ENJ/USDT:USDT', 'CRV/USDT:USDT', 'COMP/USDT:USDT', 'DASH/USDT:USDT', 'QTUM/USDT:USDT', 'IOTA/USDT:USDT', 'ONT/USDT:USDT', 'BAT/USDT:USDT', 'RVN/USDT:USDT', 'KSM/USDT:USDT', 'EGLD/USDT:USDT', 'GALA/USDT:USDT', 'CELO/USDT:USDT', 'SUSHI/USDT:USDT', 'SNX/USDT:USDT', 'LRC/USDT:USDT', 'STORJ/USDT:USDT', 'ANKR/USDT:USDT', 'SKL/USDT:USDT', 'BAND/USDT:USDT']
2026-09-27 05:08:46,976 - freqtrade.freqtradebot - INFO - Global pairlock active until 2026-09-27 21:00:00. Not creating new trades, reason: 2.5574590656685197 passed 0.15 in 168 candles, locking for 24 candles..
2026-09-27 05:08:46,977 - freqtrade.worker - INFO - Bot heartbeat. PID=2424, version='2026.7', state='RUNNING'
2026-09-27 05:09:46,979 - freqtrade.worker - INFO - Bot heartbeat. PID=2424, version='2026.7', state='RUNNING'
2026-09-27 05:10:46,982 - freqtrade.worker - INFO - Bot heartbeat. PID=2424, version='2026.7', state='RUNNING'
2026-09-27 05:11:46,984 - freqtrade.worker - INFO - Bot heartbeat. PID=2424, version='2026.7', state='RUNNING'
2026-09-27 05:12:46,987 - freqtrade.worker - INFO - Bot heartbeat. PID=2424, version='2026.7', state='RUNNING'
2026-09-27 05:13:46,991 - freqtrade.worker - INFO - Bot heartbeat. PID=2424, version='2026.7', state='RUNNING'
2026-09-27 05:14:46,994 - freqtrade.worker - INFO - Bot heartbeat. PID=2424, version='2026.7', state='RUNNING'
2026-09-27 05:15:46,996 - freqtrade.worker - INFO - Bot heartbeat. PID=2424, version='2026.7', state='RUNNING'
2026-09-27 05:16:46,999 - freqtrade.worker - INFO - Bot heartbeat. PID=2424, version='2026.7', state='RUNNING'
2026-09-27 05:17:47,002 - freqtrade.worker - INFO - Bot heartbeat. PID=2424, version='2026.7', state='RUNNING'
2026-09-27 05:18:47,004 - freqtrade.worker - INFO - Bot heartbeat. PID=2424, version='2026.7', state='RUNNING'
2026-09-27 05:19:47,007 - freqtrade.worker - INFO - Bot heartbeat. PID=2424, version='2026.7', state='RUNNING'
2026-09-27 05:20:47,010 - freqtrade.worker - INFO - Bot heartbeat. PID=2424, version='2026.7', state='RUNNING'
2026-09-27 05:21:47,012 - freqtrade.worker - INFO - Bot heartbeat. PID=2424, version='2026.7', state='RUNNING'
2026-09-27 05:22:47,015 - freqtrade.worker - INFO - Bot heartbeat. PID=2424, version='2026.7', state='RUNNING'
2026-09-27 05:23:47,018 - freqtrade.worker - INFO - Bot heartbeat. PID=2424, version='2026.7', state='RUNNING'
2026-09-27 05:24:47,021 - freqtrade.worker - INFO - Bot heartbeat. PID=2424, version='2026.7', state='RUNNING'
2026-09-27 05:25:47,024 - freqtrade.worker - INFO - Bot heartbeat. PID=2424, version='2026.7', state='RUNNING'
2026-09-27 05:26:47,027 - freqtrade.worker - INFO - Bot heartbeat. PID=2424, version='2026.7', state='RUNNING'
2026-09-27 05:27:47,030 - freqtrade.worker - INFO - Bot heartbeat. PID=2424, version='2026.7', state='RUNNING'
2026-09-27 05:28:47,032 - freqtrade.worker - INFO - Bot heartbeat. PID=2424, version='2026.7', state='RUNNING'
2026-09-27 05:29:47,035 - freqtrade.worker - INFO - Bot heartbeat. PID=2424, version='2026.7', state='RUNNING'
2026-09-27 05:30:47,038 - freqtrade.worker - INFO - Bot heartbeat. PID=2424, version='2026.7', state='RUNNING'
2026-09-27 05:31:02,990 - freqtrade.wallets - INFO - Wallets synced.
2026-09-27 05:31:47,040 - freqtrade.worker - INFO - Bot heartbeat. PID=2424, version='2026.7', state='RUNNING'
2026-09-27 05:32:47,043 - freqtrade.worker - INFO - Bot heartbeat. PID=2424, version='2026.7', state='RUNNING'
2026-09-27 05:33:47,046 - freqtrade.worker - INFO - Bot heartbeat. PID=2424, version='2026.7', state='RUNNING'
2026-09-27 05:34:47,049 - freqtrade.worker - INFO - Bot heartbeat. PID=2424, version='2026.7', state='RUNNING'
2026-09-27 05:35:47,052 - freqtrade.worker - INFO - Bot heartbeat. PID=2424, version='2026.7', state='RUNNING'
2026-09-27 05:36:47,054 - freqtrade.worker - INFO - Bot heartbeat. PID=2424, version='2026.7', state='RUNNING'
2026-09-27 05:37:47,057 - freqtrade.worker - INFO - Bot heartbeat. PID=2424, version='2026.7', state='RUNNING'
2026-09-27 05:38:47,061 - freqtrade.worker - INFO - Bot heartbeat. PID=2424, version='2026.7', state='RUNNING'
2026-09-27 05:39:47,064 - freqtrade.worker - INFO - Bot heartbeat. PID=2424, version='2026.7', state='RUNNING'
2026-09-27 05:40:47,066 - freqtrade.worker - INFO - Bot heartbeat. PID=2424, version='2026.7', state='RUNNING'
2026-09-27 05:41:47,069 - freqtrade.worker - INFO - Bot heartbeat. PID=2424, version='2026.7', state='RUNNING'
2026-09-27 05:42:47,072 - freqtrade.worker - INFO - Bot heartbeat. PID=2424, version='2026.7', state='RUNNING'
2026-09-27 05:43:47,075 - freqtrade.worker - INFO - Bot heartbeat. PID=2424, version='2026.7', state='RUNNING'
2026-09-27 05:44:47,077 - freqtrade.worker - INFO - Bot heartbeat. PID=2424, version='2026.7', state='RUNNING'
2026-09-27 05:45:47,080 - freqtrade.worker - INFO - Bot heartbeat. PID=2424, version='2026.7', state='RUNNING'
2026-09-27 05:46:47,083 - freqtrade.worker - INFO - Bot heartbeat. PID=2424, version='2026.7', state='RUNNING'
2026-09-27 05:47:47,086 - freqtrade.worker - INFO - Bot heartbeat. PID=2424, version='2026.7', state='RUNNING'
2026-09-27 05:48:47,089 - freqtrade.worker - INFO - Bot heartbeat. PID=2424, version='2026.7', state='RUNNING'
2026-09-27 05:49:47,092 - freqtrade.worker - INFO - Bot heartbeat. PID=2424, version='2026.7', state='RUNNING'
2026-09-27 05:50:47,094 - freqtrade.worker - INFO - Bot heartbeat. PID=2424, version='2026.7', state='RUNNING'
2026-09-27 05:51:47,097 - freqtrade.worker - INFO - Bot heartbeat. PID=2424, version='2026.7', state='RUNNING'
2026-09-27 05:52:47,100 - freqtrade.worker - INFO - Bot heartbeat. PID=2424, version='2026.7', state='RUNNING'
2026-09-27 05:53:47,103 - freqtrade.worker - INFO - Bot heartbeat. PID=2424, version='2026.7', state='RUNNING'
2026-09-27 05:54:47,105 - freqtrade.worker - INFO - Bot heartbeat. PID=2424, version='2026.7', state='RUNNING'
2026-09-27 05:55:47,108 - freqtrade.worker - INFO - Bot heartbeat. PID=2424, version='2026.7', state='RUNNING'
2026-09-27 05:56:47,111 - freqtrade.worker - INFO - Bot heartbeat. PID=2424, version='2026.7', state='RUNNING'
2026-09-27 05:57:47,114 - freqtrade.worker - INFO - Bot heartbeat. PID=2424, version='2026.7', state='RUNNING'
2026-09-27 05:58:47,117 - freqtrade.worker - INFO - Bot heartbeat. PID=2424, version='2026.7', state='RUNNING'
2026-09-27 05:59:47,120 - freqtrade.worker - INFO - Bot heartbeat. PID=2424, version='2026.7', state='RUNNING'
2026-09-27 06:00:51,001 - freqtrade.worker - INFO - Bot heartbeat. PID=2424, version='2026.7', state='RUNNING'
2026-09-27 06:01:07,056 - freqtrade.wallets - INFO - Wallets synced.
2026-09-27 06:01:51,004 - freqtrade.worker - INFO - Bot heartbeat. PID=2424, version='2026.7', state='RUNNING'
2026-09-27 06:02:51,007 - freqtrade.worker - INFO - Bot heartbeat. PID=2424, version='2026.7', state='RUNNING'
2026-09-27 06:03:51,010 - freqtrade.worker - INFO - Bot heartbeat. PID=2424, version='2026.7', state='RUNNING'
2026-09-27 06:04:51,013 - freqtrade.worker - INFO - Bot heartbeat. PID=2424, version='2026.7', state='RUNNING'
2026-09-27 06:05:51,016 - freqtrade.worker - INFO - Bot heartbeat. PID=2424, version='2026.7', state='RUNNING'
2026-09-27 06:06:51,018 - freqtrade.worker - INFO - Bot heartbeat. PID=2424, version='2026.7', state='RUNNING'
2026-09-27 06:07:51,022 - freqtrade.worker - INFO - Bot heartbeat. PID=2424, version='2026.7', state='RUNNING'
2026-09-27 06:08:52,519 - freqtrade.plugins.pairlistmanager - INFO - Whitelist with 47 pairs: ['BTC/USDT:USDT', 'ETH/USDT:USDT', 'BNB/USDT:USDT', 'SOL/USDT:USDT', 'ADA/USDT:USDT', 'DOGE/USDT:USDT', 'AVAX/USDT:USDT', 'DOT/USDT:USDT', 'LINK/USDT:USDT', 'LTC/USDT:USDT', 'BCH/USDT:USDT', 'ATOM/USDT:USDT', 'UNI/USDT:USDT', 'ETC/USDT:USDT', 'NEAR/USDT:USDT', 'ALGO/USDT:USDT', 'FIL/USDT:USDT', 'ICP/USDT:USDT', 'HBAR/USDT:USDT', 'APE/USDT:USDT', 'SAND/USDT:USDT', 'MANA/USDT:USDT', 'AXS/USDT:USDT', 'THETA/USDT:USDT', 'AAVE/USDT:USDT', 'GRT/USDT:USDT', 'CHZ/USDT:USDT', 'ENJ/USDT:USDT', 'CRV/USDT:USDT', 'COMP/USDT:USDT', 'DASH/USDT:USDT', 'QTUM/USDT:USDT', 'IOTA/USDT:USDT', 'ONT/USDT:USDT', 'BAT/USDT:USDT', 'RVN/USDT:USDT', 'KSM/USDT:USDT', 'EGLD/USDT:USDT', 'GALA/USDT:USDT', 'CELO/USDT:USDT', 'SUSHI/USDT:USDT', 'SNX/USDT:USDT', 'LRC/USDT:USDT', 'STORJ/USDT:USDT', 'ANKR/USDT:USDT', 'SKL/USDT:USDT', 'BAND/USDT:USDT']
2026-09-27 06:08:53,196 - freqtrade.freqtradebot - INFO - Global pairlock active until 2026-09-27 21:00:00. Not creating new trades, reason: 2.5574590656685197 passed 0.15 in 168 candles, locking for 24 candles..
2026-09-27 06:08:53,197 - freqtrade.worker - INFO - Bot heartbeat. PID=2424, version='2026.7', state='RUNNING'
2026-09-27 06:09:53,199 - freqtrade.worker - INFO - Bot heartbeat. PID=2424, version='2026.7', state='RUNNING'
2026-09-27 06:10:53,202 - freqtrade.worker - INFO - Bot heartbeat. PID=2424, version='2026.7', state='RUNNING'
2026-09-27 06:11:53,205 - freqtrade.worker - INFO - Bot heartbeat. PID=2424, version='2026.7', state='RUNNING'
2026-09-27 06:12:53,208 - freqtrade.worker - INFO - Bot heartbeat. PID=2424, version='2026.7', state='RUNNING'
2026-09-27 06:13:53,211 - freqtrade.worker - INFO - Bot heartbeat. PID=2424, version='2026.7', state='RUNNING'
2026-09-27 06:14:53,214 - freqtrade.worker - INFO - Bot heartbeat. PID=2424, version='2026.7', state='RUNNING'
2026-09-27 06:15:53,217 - freqtrade.worker - INFO - Bot heartbeat. PID=2424, version='2026.7', state='RUNNING'
2026-09-27 06:16:53,220 - freqtrade.worker - INFO - Bot heartbeat. PID=2424, version='2026.7', state='RUNNING'
2026-09-27 06:17:53,223 - freqtrade.worker - INFO - Bot heartbeat. PID=2424, version='2026.7', state='RUNNING'
2026-09-27 06:18:53,225 - freqtrade.worker - INFO - Bot heartbeat. PID=2424, version='2026.7', state='RUNNING'
2026-09-27 06:19:53,228 - freqtrade.worker - INFO - Bot heartbeat. PID=2424, version='2026.7', state='RUNNING'
2026-09-27 06:20:53,231 - freqtrade.worker - INFO - Bot heartbeat. PID=2424, version='2026.7', state='RUNNING'
2026-09-27 06:21:53,234 - freqtrade.worker - INFO - Bot heartbeat. PID=2424, version='2026.7', state='RUNNING'
2026-09-27 06:22:53,237 - freqtrade.worker - INFO - Bot heartbeat. PID=2424, version='2026.7', state='RUNNING'
2026-09-27 06:23:53,240 - freqtrade.worker - INFO - Bot heartbeat. PID=2424, version='2026.7', state='RUNNING'
2026-09-27 06:24:53,242 - freqtrade.worker - INFO - Bot heartbeat. PID=2424, version='2026.7', state='RUNNING'
2026-09-27 06:25:53,245 - freqtrade.worker - INFO - Bot heartbeat. PID=2424, version='2026.7', state='RUNNING'
2026-09-27 06:26:53,248 - freqtrade.worker - INFO - Bot heartbeat. PID=2424, version='2026.7', state='RUNNING'
2026-09-27 06:27:53,251 - freqtrade.worker - INFO - Bot heartbeat. PID=2424, version='2026.7', state='RUNNING'
2026-09-27 06:28:53,254 - freqtrade.worker - INFO - Bot heartbeat. PID=2424, version='2026.7', state='RUNNING'
2026-09-27 06:29:53,256 - freqtrade.worker - INFO - Bot heartbeat. PID=2424, version='2026.7', state='RUNNING'
2026-09-27 06:30:53,259 - freqtrade.worker - INFO - Bot heartbeat. PID=2424, version='2026.7', state='RUNNING'
2026-09-27 06:31:04,172 - freqtrade.wallets - INFO - Wallets synced.
2026-09-27 06:31:53,262 - freqtrade.worker - INFO - Bot heartbeat. PID=2424, version='2026.7', state='RUNNING'
2026-09-27 06:32:53,265 - freqtrade.worker - INFO - Bot heartbeat. PID=2424, version='2026.7', state='RUNNING'
2026-09-27 06:33:53,268 - freqtrade.worker - INFO - Bot heartbeat. PID=2424, version='2026.7', state='RUNNING'
2026-09-27 06:34:53,271 - freqtrade.worker - INFO - Bot heartbeat. PID=2424, version='2026.7', state='RUNNING'
2026-09-27 06:35:53,274 - freqtrade.worker - INFO - Bot heartbeat. PID=2424, version='2026.7', state='RUNNING'
2026-09-27 06:36:53,276 - freqtrade.worker - INFO - Bot heartbeat. PID=2424, version='2026.7', state='RUNNING'
2026-09-27 06:37:53,279 - freqtrade.worker - INFO - Bot heartbeat. PID=2424, version='2026.7', state='RUNNING'
2026-09-27 06:38:53,282 - freqtrade.worker - INFO - Bot heartbeat. PID=2424, version='2026.7', state='RUNNING'
2026-09-27 06:39:53,285 - freqtrade.worker - INFO - Bot heartbeat. PID=2424, version='2026.7', state='RUNNING'
2026-09-27 06:40:53,287 - freqtrade.worker - INFO - Bot heartbeat. PID=2424, version='2026.7', state='RUNNING'
2026-09-27 06:41:53,291 - freqtrade.worker - INFO - Bot heartbeat. PID=2424, version='2026.7', state='RUNNING'
2026-09-27 06:42:53,294 - freqtrade.worker - INFO - Bot heartbeat. PID=2424, version='2026.7', state='RUNNING'
2026-09-27 06:43:53,296 - freqtrade.worker - INFO - Bot heartbeat. PID=2424, version='2026.7', state='RUNNING'
2026-09-27 06:44:53,299 - freqtrade.worker - INFO - Bot heartbeat. PID=2424, version='2026.7', state='RUNNING'
2026-09-27 06:45:53,302 - freqtrade.worker - INFO - Bot heartbeat. PID=2424, version='2026.7', state='RUNNING'
2026-09-27 06:46:53,305 - freqtrade.worker - INFO - Bot heartbeat. PID=2424, version='2026.7', state='RUNNING'
2026-09-27 06:47:53,308 - freqtrade.worker - INFO - Bot heartbeat. PID=2424, version='2026.7', state='RUNNING'
2026-09-27 06:48:53,311 - freqtrade.worker - INFO - Bot heartbeat. PID=2424, version='2026.7', state='RUNNING'
2026-09-27 06:49:53,314 - freqtrade.worker - INFO - Bot heartbeat. PID=2424, version='2026.7', state='RUNNING'
2026-09-27 06:50:53,316 - freqtrade.worker - INFO - Bot heartbeat. PID=2424, version='2026.7', state='RUNNING'
2026-09-27 06:51:53,319 - freqtrade.worker - INFO - Bot heartbeat. PID=2424, version='2026.7', state='RUNNING'
2026-09-27 06:52:53,322 - freqtrade.worker - INFO - Bot heartbeat. PID=2424, version='2026.7', state='RUNNING'
2026-09-27 06:53:53,325 - freqtrade.worker - INFO - Bot heartbeat. PID=2424, version='2026.7', state='RUNNING'
2026-09-27 06:54:53,328 - freqtrade.worker - INFO - Bot heartbeat. PID=2424, version='2026.7', state='RUNNING'
2026-09-27 06:55:53,331 - freqtrade.worker - INFO - Bot heartbeat. PID=2424, version='2026.7', state='RUNNING'
2026-09-27 06:56:53,334 - freqtrade.worker - INFO - Bot heartbeat. PID=2424, version='2026.7', state='RUNNING'
2026-09-27 06:57:53,336 - freqtrade.worker - INFO - Bot heartbeat. PID=2424, version='2026.7', state='RUNNING'
2026-09-27 06:58:53,339 - freqtrade.worker - INFO - Bot heartbeat. PID=2424, version='2026.7', state='RUNNING'
2026-09-27 06:59:53,341 - freqtrade.worker - INFO - Bot heartbeat. PID=2424, version='2026.7', state='RUNNING'
2026-09-27 07:00:56,002 - freqtrade.worker - INFO - Bot heartbeat. PID=2424, version='2026.7', state='RUNNING'
2026-09-27 07:01:06,920 - freqtrade.wallets - INFO - Wallets synced.
2026-09-27 07:01:56,005 - freqtrade.worker - INFO - Bot heartbeat. PID=2424, version='2026.7', state='RUNNING'
2026-09-27 07:02:56,008 - freqtrade.worker - INFO - Bot heartbeat. PID=2424, version='2026.7', state='RUNNING'
2026-09-27 07:03:56,011 - freqtrade.worker - INFO - Bot heartbeat. PID=2424, version='2026.7', state='RUNNING'
2026-09-27 07:04:56,014 - freqtrade.worker - INFO - Bot heartbeat. PID=2424, version='2026.7', state='RUNNING'
2026-09-27 07:05:56,017 - freqtrade.worker - INFO - Bot heartbeat. PID=2424, version='2026.7', state='RUNNING'
2026-09-27 07:06:56,020 - freqtrade.worker - INFO - Bot heartbeat. PID=2424, version='2026.7', state='RUNNING'
2026-09-27 07:07:56,023 - freqtrade.worker - INFO - Bot heartbeat. PID=2424, version='2026.7', state='RUNNING'
2026-09-27 07:08:56,026 - freqtrade.worker - INFO - Bot heartbeat. PID=2424, version='2026.7', state='RUNNING'
2026-09-27 07:09:04,441 - freqtrade.plugins.pairlistmanager - INFO - Whitelist with 47 pairs: ['BTC/USDT:USDT', 'ETH/USDT:USDT', 'BNB/USDT:USDT', 'SOL/USDT:USDT', 'ADA/USDT:USDT', 'DOGE/USDT:USDT', 'AVAX/USDT:USDT', 'DOT/USDT:USDT', 'LINK/USDT:USDT', 'LTC/USDT:USDT', 'BCH/USDT:USDT', 'ATOM/USDT:USDT', 'UNI/USDT:USDT', 'ETC/USDT:USDT', 'NEAR/USDT:USDT', 'ALGO/USDT:USDT', 'FIL/USDT:USDT', 'ICP/USDT:USDT', 'HBAR/USDT:USDT', 'APE/USDT:USDT', 'SAND/USDT:USDT', 'MANA/USDT:USDT', 'AXS/USDT:USDT', 'THETA/USDT:USDT', 'AAVE/USDT:USDT', 'GRT/USDT:USDT', 'CHZ/USDT:USDT', 'ENJ/USDT:USDT', 'CRV/USDT:USDT', 'COMP/USDT:USDT', 'DASH/USDT:USDT', 'QTUM/USDT:USDT', 'IOTA/USDT:USDT', 'ONT/USDT:USDT', 'BAT/USDT:USDT', 'RVN/USDT:USDT', 'KSM/USDT:USDT', 'EGLD/USDT:USDT', 'GALA/USDT:USDT', 'CELO/USDT:USDT', 'SUSHI/USDT:USDT', 'SNX/USDT:USDT', 'LRC/USDT:USDT', 'STORJ/USDT:USDT', 'ANKR/USDT:USDT', 'SKL/USDT:USDT', 'BAND/USDT:USDT']
2026-09-27 07:09:05,062 - freqtrade.freqtradebot - INFO - Global pairlock active until 2026-09-27 21:00:00. Not creating new trades, reason: 2.5574590656685197 passed 0.15 in 168 candles, locking for 24 candles..
2026-09-27 07:10:00,065 - freqtrade.worker - INFO - Bot heartbeat. PID=2424, version='2026.7', state='RUNNING'
2026-09-27 07:11:00,068 - freqtrade.worker - INFO - Bot heartbeat. PID=2424, version='2026.7', state='RUNNING'
2026-09-27 07:12:00,071 - freqtrade.worker - INFO - Bot heartbeat. PID=2424, version='2026.7', state='RUNNING'
2026-09-27 07:13:00,074 - freqtrade.worker - INFO - Bot heartbeat. PID=2424, version='2026.7', state='RUNNING'
2026-09-27 07:14:00,077 - freqtrade.worker - INFO - Bot heartbeat. PID=2424, version='2026.7', state='RUNNING'
2026-09-27 07:15:00,080 - freqtrade.worker - INFO - Bot heartbeat. PID=2424, version='2026.7', state='RUNNING'
2026-09-27 07:16:00,083 - freqtrade.worker - INFO - Bot heartbeat. PID=2424, version='2026.7', state='RUNNING'
2026-09-27 07:17:00,086 - freqtrade.worker - INFO - Bot heartbeat. PID=2424, version='2026.7', state='RUNNING'
2026-09-27 07:18:00,089 - freqtrade.worker - INFO - Bot heartbeat. PID=2424, version='2026.7', state='RUNNING'
2026-09-27 07:19:00,091 - freqtrade.worker - INFO - Bot heartbeat. PID=2424, version='2026.7', state='RUNNING'
2026-09-27 07:20:00,094 - freqtrade.worker - INFO - Bot heartbeat. PID=2424, version='2026.7', state='RUNNING'
2026-09-27 07:21:00,097 - freqtrade.worker - INFO - Bot heartbeat. PID=2424, version='2026.7', state='RUNNING'
2026-09-27 07:22:00,100 - freqtrade.worker - INFO - Bot heartbeat. PID=2424, version='2026.7', state='RUNNING'
2026-09-27 07:23:00,102 - freqtrade.worker - INFO - Bot heartbeat. PID=2424, version='2026.7', state='RUNNING'
2026-09-27 07:24:00,105 - freqtrade.worker - INFO - Bot heartbeat. PID=2424, version='2026.7', state='RUNNING'
2026-09-27 07:25:00,108 - freqtrade.worker - INFO - Bot heartbeat. PID=2424, version='2026.7', state='RUNNING'
2026-09-27 07:26:00,111 - freqtrade.worker - INFO - Bot heartbeat. PID=2424, version='2026.7', state='RUNNING'
2026-09-27 07:27:00,113 - freqtrade.worker - INFO - Bot heartbeat. PID=2424, version='2026.7', state='RUNNING'
2026-09-27 07:28:00,117 - freqtrade.worker - INFO - Bot heartbeat. PID=2424, version='2026.7', state='RUNNING'
2026-09-27 07:29:00,119 - freqtrade.worker - INFO - Bot heartbeat. PID=2424, version='2026.7', state='RUNNING'
2026-09-27 07:30:00,122 - freqtrade.worker - INFO - Bot heartbeat. PID=2424, version='2026.7', state='RUNNING'
2026-09-27 07:31:00,124 - freqtrade.worker - INFO - Bot heartbeat. PID=2424, version='2026.7', state='RUNNING'
2026-09-27 07:31:06,099 - freqtrade.wallets - INFO - Wallets synced.
2026-09-27 07:32:00,127 - freqtrade.worker - INFO - Bot heartbeat. PID=2424, version='2026.7', state='RUNNING'
2026-09-27 07:33:00,129 - freqtrade.worker - INFO - Bot heartbeat. PID=2424, version='2026.7', state='RUNNING'
2026-09-27 07:34:00,132 - freqtrade.worker - INFO - Bot heartbeat. PID=2424, version='2026.7', state='RUNNING'
2026-09-27 07:35:00,135 - freqtrade.worker - INFO - Bot heartbeat. PID=2424, version='2026.7', state='RUNNING'
2026-09-27 07:36:00,137 - freqtrade.worker - INFO - Bot heartbeat. PID=2424, version='2026.7', state='RUNNING'
2026-09-27 07:37:00,140 - freqtrade.worker - INFO - Bot heartbeat. PID=2424, version='2026.7', state='RUNNING'
2026-09-27 07:38:00,143 - freqtrade.worker - INFO - Bot heartbeat. PID=2424, version='2026.7', state='RUNNING'
2026-09-27 07:39:00,146 - freqtrade.worker - INFO - Bot heartbeat. PID=2424, version='2026.7', state='RUNNING'
2026-09-27 07:40:00,148 - freqtrade.worker - INFO - Bot heartbeat. PID=2424, version='2026.7', state='RUNNING'
2026-09-27 07:41:00,151 - freqtrade.worker - INFO - Bot heartbeat. PID=2424, version='2026.7', state='RUNNING'
2026-09-27 07:42:00,154 - freqtrade.worker - INFO - Bot heartbeat. PID=2424, version='2026.7', state='RUNNING'
2026-09-27 07:43:00,157 - freqtrade.worker - INFO - Bot heartbeat. PID=2424, version='2026.7', state='RUNNING'
2026-09-27 07:44:00,159 - freqtrade.worker - INFO - Bot heartbeat. PID=2424, version='2026.7', state='RUNNING'
2026-09-27 07:45:00,162 - freqtrade.worker - INFO - Bot heartbeat. PID=2424, version='2026.7', state='RUNNING'
2026-09-27 07:46:00,165 - freqtrade.worker - INFO - Bot heartbeat. PID=2424, version='2026.7', state='RUNNING'
2026-09-27 07:47:00,168 - freqtrade.worker - INFO - Bot heartbeat. PID=2424, version='2026.7', state='RUNNING'
2026-09-27 07:48:00,171 - freqtrade.worker - INFO - Bot heartbeat. PID=2424, version='2026.7', state='RUNNING'
2026-09-27 07:49:00,174 - freqtrade.worker - INFO - Bot heartbeat. PID=2424, version='2026.7', state='RUNNING'
2026-09-27 07:50:00,177 - freqtrade.worker - INFO - Bot heartbeat. PID=2424, version='2026.7', state='RUNNING'
2026-09-27 07:51:00,179 - freqtrade.worker - INFO - Bot heartbeat. PID=2424, version='2026.7', state='RUNNING'
2026-09-27 07:52:00,182 - freqtrade.worker - INFO - Bot heartbeat. PID=2424, version='2026.7', state='RUNNING'
2026-09-27 07:53:00,185 - freqtrade.worker - INFO - Bot heartbeat. PID=2424, version='2026.7', state='RUNNING'
2026-09-27 07:54:00,188 - freqtrade.worker - INFO - Bot heartbeat. PID=2424, version='2026.7', state='RUNNING'
2026-09-27 07:55:00,191 - freqtrade.worker - INFO - Bot heartbeat. PID=2424, version='2026.7', state='RUNNING'
2026-09-27 07:56:00,194 - freqtrade.worker - INFO - Bot heartbeat. PID=2424, version='2026.7', state='RUNNING'
2026-09-27 07:57:00,196 - freqtrade.worker - INFO - Bot heartbeat. PID=2424, version='2026.7', state='RUNNING'
2026-09-27 07:58:00,199 - freqtrade.worker - INFO - Bot heartbeat. PID=2424, version='2026.7', state='RUNNING'
2026-09-27 07:59:00,202 - freqtrade.worker - INFO - Bot heartbeat. PID=2424, version='2026.7', state='RUNNING'
2026-09-27 08:00:01,000 - freqtrade.worker - INFO - Bot heartbeat. PID=2424, version='2026.7', state='RUNNING'
2026-09-27 08:01:01,002 - freqtrade.worker - INFO - Bot heartbeat. PID=2424, version='2026.7', state='RUNNING'
2026-09-27 08:01:06,913 - freqtrade.wallets - INFO - Wallets synced.
2026-09-27 08:02:01,005 - freqtrade.worker - INFO - Bot heartbeat. PID=2424, version='2026.7', state='RUNNING'
2026-09-27 08:03:01,008 - freqtrade.worker - INFO - Bot heartbeat. PID=2424, version='2026.7', state='RUNNING'
2026-09-27 08:04:01,011 - freqtrade.worker - INFO - Bot heartbeat. PID=2424, version='2026.7', state='RUNNING'
2026-09-27 08:05:01,014 - freqtrade.worker - INFO - Bot heartbeat. PID=2424, version='2026.7', state='RUNNING'
2026-09-27 08:06:01,017 - freqtrade.worker - INFO - Bot heartbeat. PID=2424, version='2026.7', state='RUNNING'
2026-09-27 08:07:01,020 - freqtrade.worker - INFO - Bot heartbeat. PID=2424, version='2026.7', state='RUNNING'
2026-09-27 08:08:01,022 - freqtrade.worker - INFO - Bot heartbeat. PID=2424, version='2026.7', state='RUNNING'
2026-09-27 08:09:01,025 - freqtrade.worker - INFO - Bot heartbeat. PID=2424, version='2026.7', state='RUNNING'
2026-09-27 08:09:12,284 - freqtrade.plugins.pairlistmanager - INFO - Whitelist with 47 pairs: ['BTC/USDT:USDT', 'ETH/USDT:USDT', 'BNB/USDT:USDT', 'SOL/USDT:USDT', 'ADA/USDT:USDT', 'DOGE/USDT:USDT', 'AVAX/USDT:USDT', 'DOT/USDT:USDT', 'LINK/USDT:USDT', 'LTC/USDT:USDT', 'BCH/USDT:USDT', 'ATOM/USDT:USDT', 'UNI/USDT:USDT', 'ETC/USDT:USDT', 'NEAR/USDT:USDT', 'ALGO/USDT:USDT', 'FIL/USDT:USDT', 'ICP/USDT:USDT', 'HBAR/USDT:USDT', 'APE/USDT:USDT', 'SAND/USDT:USDT', 'MANA/USDT:USDT', 'AXS/USDT:USDT', 'THETA/USDT:USDT', 'AAVE/USDT:USDT', 'GRT/USDT:USDT', 'CHZ/USDT:USDT', 'ENJ/USDT:USDT', 'CRV/USDT:USDT', 'COMP/USDT:USDT', 'DASH/USDT:USDT', 'QTUM/USDT:USDT', 'IOTA/USDT:USDT', 'ONT/USDT:USDT', 'BAT/USDT:USDT', 'RVN/USDT:USDT', 'KSM/USDT:USDT', 'EGLD/USDT:USDT', 'GALA/USDT:USDT', 'CELO/USDT:USDT', 'SUSHI/USDT:USDT', 'SNX/USDT:USDT', 'LRC/USDT:USDT', 'STORJ/USDT:USDT', 'ANKR/USDT:USDT', 'SKL/USDT:USDT', 'BAND/USDT:USDT']
2026-09-27 08:09:12,874 - freqtrade.freqtradebot - INFO - Global pairlock active until 2026-09-27 21:00:00. Not creating new trades, reason: 2.5574590656685197 passed 0.15 in 168 candles, locking for 24 candles..
2026-09-27 08:10:02,877 - freqtrade.worker - INFO - Bot heartbeat. PID=2424, version='2026.7', state='RUNNING'
2026-09-27 08:11:02,880 - freqtrade.worker - INFO - Bot heartbeat. PID=2424, version='2026.7', state='RUNNING'
2026-09-27 08:12:02,882 - freqtrade.worker - INFO - Bot heartbeat. PID=2424, version='2026.7', state='RUNNING'
2026-09-27 08:13:02,885 - freqtrade.worker - INFO - Bot heartbeat. PID=2424, version='2026.7', state='RUNNING'
2026-09-27 08:14:02,888 - freqtrade.worker - INFO - Bot heartbeat. PID=2424, version='2026.7', state='RUNNING'
2026-09-27 08:15:02,891 - freqtrade.worker - INFO - Bot heartbeat. PID=2424, version='2026.7', state='RUNNING'
2026-09-27 08:16:02,894 - freqtrade.worker - INFO - Bot heartbeat. PID=2424, version='2026.7', state='RUNNING'
2026-09-27 08:17:02,897 - freqtrade.worker - INFO - Bot heartbeat. PID=2424, version='2026.7', state='RUNNING'
2026-09-27 08:18:02,899 - freqtrade.worker - INFO - Bot heartbeat. PID=2424, version='2026.7', state='RUNNING'
2026-09-27 08:19:02,902 - freqtrade.worker - INFO - Bot heartbeat. PID=2424, version='2026.7', state='RUNNING'
2026-09-27 08:20:02,905 - freqtrade.worker - INFO - Bot heartbeat. PID=2424, version='2026.7', state='RUNNING'
2026-09-27 08:21:02,908 - freqtrade.worker - INFO - Bot heartbeat. PID=2424, version='2026.7', state='RUNNING'
2026-09-27 08:22:02,911 - freqtrade.worker - INFO - Bot heartbeat. PID=2424, version='2026.7', state='RUNNING'
2026-09-27 08:23:02,914 - freqtrade.worker - INFO - Bot heartbeat. PID=2424, version='2026.7', state='RUNNING'
2026-09-27 08:24:02,917 - freqtrade.worker - INFO - Bot heartbeat. PID=2424, version='2026.7', state='RUNNING'
2026-09-27 08:25:02,919 - freqtrade.worker - INFO - Bot heartbeat. PID=2424, version='2026.7', state='RUNNING'
2026-09-27 08:26:02,922 - freqtrade.worker - INFO - Bot heartbeat. PID=2424, version='2026.7', state='RUNNING'
2026-09-27 08:27:02,925 - freqtrade.worker - INFO - Bot heartbeat. PID=2424, version='2026.7', state='RUNNING'
2026-09-27 08:28:02,928 - freqtrade.worker - INFO - Bot heartbeat. PID=2424, version='2026.7', state='RUNNING'
2026-09-27 08:29:02,930 - freqtrade.worker - INFO - Bot heartbeat. PID=2424, version='2026.7', state='RUNNING'
2026-09-27 08:30:02,933 - freqtrade.worker - INFO - Bot heartbeat. PID=2424, version='2026.7', state='RUNNING'
2026-09-27 08:31:02,936 - freqtrade.worker - INFO - Bot heartbeat. PID=2424, version='2026.7', state='RUNNING'
2026-09-27 08:31:03,875 - freqtrade.wallets - INFO - Wallets synced.
2026-09-27 08:32:02,938 - freqtrade.worker - INFO - Bot heartbeat. PID=2424, version='2026.7', state='RUNNING'
2026-09-27 08:33:02,941 - freqtrade.worker - INFO - Bot heartbeat. PID=2424, version='2026.7', state='RUNNING'
2026-09-27 08:34:02,944 - freqtrade.worker - INFO - Bot heartbeat. PID=2424, version='2026.7', state='RUNNING'
2026-09-27 08:35:02,947 - freqtrade.worker - INFO - Bot heartbeat. PID=2424, version='2026.7', state='RUNNING'
2026-09-27 08:36:02,950 - freqtrade.worker - INFO - Bot heartbeat. PID=2424, version='2026.7', state='RUNNING'
2026-09-27 08:37:02,953 - freqtrade.worker - INFO - Bot heartbeat. PID=2424, version='2026.7', state='RUNNING'
2026-09-27 08:38:02,956 - freqtrade.worker - INFO - Bot heartbeat. PID=2424, version='2026.7', state='RUNNING'
2026-09-27 08:39:02,958 - freqtrade.worker - INFO - Bot heartbeat. PID=2424, version='2026.7', state='RUNNING'
2026-09-27 08:40:02,961 - freqtrade.worker - INFO - Bot heartbeat. PID=2424, version='2026.7', state='RUNNING'
2026-09-27 08:41:02,964 - freqtrade.worker - INFO - Bot heartbeat. PID=2424, version='2026.7', state='RUNNING'
2026-09-27 08:42:02,967 - freqtrade.worker - INFO - Bot heartbeat. PID=2424, version='2026.7', state='RUNNING'
2026-09-27 08:43:02,970 - freqtrade.worker - INFO - Bot heartbeat. PID=2424, version='2026.7', state='RUNNING'
2026-09-27 08:44:02,972 - freqtrade.worker - INFO - Bot heartbeat. PID=2424, version='2026.7', state='RUNNING'
2026-09-27 08:45:02,975 - freqtrade.worker - INFO - Bot heartbeat. PID=2424, version='2026.7', state='RUNNING'
2026-09-27 08:46:02,978 - freqtrade.worker - INFO - Bot heartbeat. PID=2424, version='2026.7', state='RUNNING'
2026-09-27 08:47:02,981 - freqtrade.worker - INFO - Bot heartbeat. PID=2424, version='2026.7', state='RUNNING'
2026-09-27 08:48:02,984 - freqtrade.worker - INFO - Bot heartbeat. PID=2424, version='2026.7', state='RUNNING'
2026-09-27 08:49:02,987 - freqtrade.worker - INFO - Bot heartbeat. PID=2424, version='2026.7', state='RUNNING'
2026-09-27 08:50:02,990 - freqtrade.worker - INFO - Bot heartbeat. PID=2424, version='2026.7', state='RUNNING'
2026-09-27 08:51:02,992 - freqtrade.worker - INFO - Bot heartbeat. PID=2424, version='2026.7', state='RUNNING'
2026-09-27 08:52:02,995 - freqtrade.worker - INFO - Bot heartbeat. PID=2424, version='2026.7', state='RUNNING'
2026-09-27 08:53:02,998 - freqtrade.worker - INFO - Bot heartbeat. PID=2424, version='2026.7', state='RUNNING'
2026-09-27 08:54:03,000 - freqtrade.worker - INFO - Bot heartbeat. PID=2424, version='2026.7', state='RUNNING'
2026-09-27 08:55:03,003 - freqtrade.worker - INFO - Bot heartbeat. PID=2424, version='2026.7', state='RUNNING'
2026-09-27 08:56:03,006 - freqtrade.worker - INFO - Bot heartbeat. PID=2424, version='2026.7', state='RUNNING'
2026-09-27 08:57:03,009 - freqtrade.worker - INFO - Bot heartbeat. PID=2424, version='2026.7', state='RUNNING'
2026-09-27 08:58:03,012 - freqtrade.worker - INFO - Bot heartbeat. PID=2424, version='2026.7', state='RUNNING'
2026-09-27 08:59:03,014 - freqtrade.worker - INFO - Bot heartbeat. PID=2424, version='2026.7', state='RUNNING'
2026-09-27 09:00:06,000 - freqtrade.worker - INFO - Bot heartbeat. PID=2424, version='2026.7', state='RUNNING'
2026-09-27 09:01:06,003 - freqtrade.worker - INFO - Bot heartbeat. PID=2424, version='2026.7', state='RUNNING'
2026-09-27 09:01:07,093 - freqtrade.wallets - INFO - Wallets synced.
2026-09-27 09:02:06,006 - freqtrade.worker - INFO - Bot heartbeat. PID=2424, version='2026.7', state='RUNNING'
2026-09-27 09:03:06,009 - freqtrade.worker - INFO - Bot heartbeat. PID=2424, version='2026.7', state='RUNNING'
2026-09-27 09:04:06,012 - freqtrade.worker - INFO - Bot heartbeat. PID=2424, version='2026.7', state='RUNNING'
2026-09-27 09:05:06,014 - freqtrade.worker - INFO - Bot heartbeat. PID=2424, version='2026.7', state='RUNNING'
2026-09-27 09:06:06,017 - freqtrade.worker - INFO - Bot heartbeat. PID=2424, version='2026.7', state='RUNNING'
2026-09-27 09:07:06,020 - freqtrade.worker - INFO - Bot heartbeat. PID=2424, version='2026.7', state='RUNNING'
2026-09-27 09:08:18,318 - freqtrade.loggers - INFO - Enabling colorized output.
2026-09-27 09:08:18,319 - freqtrade.loggers - INFO - Logfile configured
2026-09-27 09:08:18,319 - freqtrade.loggers - INFO - Verbosity set to 0
2026-09-27 09:08:18,320 - freqtrade.configuration.configuration - INFO - Runmode set to dry_run.
2026-09-27 09:08:18,320 - freqtrade.configuration.configuration - INFO - Parameter --db-url detected ...
2026-09-27 09:08:18,320 - freqtrade.configuration.configuration - INFO - Dry run is enabled
2026-09-27 09:08:18,320 - freqtrade.configuration.configuration - INFO - Using DB: "sqlite:////home/runner/work/_temp/live_cloud.sqlite"
2026-09-27 09:08:18,321 - freqtrade.configuration.configuration - INFO - Using max_open_trades: 15 ...
2026-09-27 09:08:18,321 - freqtrade.configuration.configuration - INFO - Using user-data directory: user_data ...
2026-09-27 09:08:18,322 - freqtrade.configuration.directory_operations - INFO - Created data directory: None
2026-09-27 09:08:18,322 - freqtrade.configuration.configuration - INFO - Using data directory: user_data/data/gate ...
2026-09-27 09:08:18,323 - freqtrade.exchange.check_exchange - INFO - Checking exchange...
2026-09-27 09:08:18,328 - freqtrade.exchange.check_exchange - INFO - Exchange "gate" is officially supported by the Freqtrade development team.
2026-09-27 09:08:18,329 - freqtrade.configuration.configuration - INFO - Using pairlist from configuration.
2026-09-27 09:08:18,330 - freqtrade.exchange.exchange - INFO - Instance is running with dry_run enabled
2026-09-27 09:08:18,330 - freqtrade.exchange.exchange - INFO - Using CCXT 4.5.84
2026-09-27 09:08:18,330 - freqtrade.exchange.exchange - INFO - Applying additional ccxt config: {'options': {'defaultType': 'swap'}}
2026-09-27 09:08:18,333 - freqtrade.exchange.exchange - INFO - Applying additional ccxt config: {'options': {'defaultType': 'swap'}}
2026-09-27 09:08:18,335 - freqtrade.exchange.exchange - INFO - Using Exchange "Gate"
2026-09-27 09:08:25,200 - freqtrade.resolvers.exchange_resolver - INFO - Using resolved exchange class 'Gate' ...
2026-09-27 09:08:25,212 - freqtrade.resolvers.iresolver - INFO - Using resolved strategy HourlyTrend from '/home/runner/work/hourly-bot/hourly-bot/user_data/strategies/HourlyTrend.py'...
2026-09-27 09:08:25,212 - freqtrade.strategy.hyper - INFO - Found no parameter file.
2026-09-27 09:08:25,213 - freqtrade.resolvers.strategy_resolver - INFO - Override strategy 'timeframe' with value from the configuration: 1h.
2026-09-27 09:08:25,213 - freqtrade.resolvers.strategy_resolver - INFO - Override strategy 'order_types' with value from the configuration: {'entry': 'limit', 'exit': 'limit', 'stoploss': 'limit', 'stoploss_on_exchange': False}.
2026-09-27 09:08:25,213 - freqtrade.resolvers.strategy_resolver - INFO - Override strategy 'stake_currency' with value from the configuration: USDT.
2026-09-27 09:08:25,214 - freqtrade.resolvers.strategy_resolver - INFO - Override strategy 'stake_amount' with value from the configuration: unlimited.
2026-09-27 09:08:25,214 - freqtrade.resolvers.strategy_resolver - INFO - Override strategy 'unfilledtimeout' with value from the configuration: {'entry': 5, 'exit': 5, 'exit_timeout_count': 0, 'unit': 'minutes'}.
2026-09-27 09:08:25,214 - freqtrade.resolvers.strategy_resolver - INFO - Override strategy 'max_open_trades' with value from the configuration: 15.
2026-09-27 09:08:25,215 - freqtrade.resolvers.strategy_resolver - INFO - Strategy using minimal_roi: {'0': 100.0}
2026-09-27 09:08:25,215 - freqtrade.resolvers.strategy_resolver - INFO - Strategy using timeframe: 1h
2026-09-27 09:08:25,215 - freqtrade.resolvers.strategy_resolver - INFO - Strategy using stoploss: -0.6
2026-09-27 09:08:25,215 - freqtrade.resolvers.strategy_resolver - INFO - Strategy using trailing_stop: False
2026-09-27 09:08:25,216 - freqtrade.resolvers.strategy_resolver - INFO - Strategy using trailing_stop_positive_offset: 0.0
2026-09-27 09:08:25,216 - freqtrade.resolvers.strategy_resolver - INFO - Strategy using trailing_only_offset_is_reached: False
2026-09-27 09:08:25,216 - freqtrade.resolvers.strategy_resolver - INFO - Strategy using use_custom_stoploss: True
2026-09-27 09:08:25,216 - freqtrade.resolvers.strategy_resolver - INFO - Strategy using process_only_new_candles: True
2026-09-27 09:08:25,217 - freqtrade.resolvers.strategy_resolver - INFO - Strategy using order_types: {'entry': 'limit', 'exit': 'limit', 'stoploss': 'limit', 'stoploss_on_exchange': False}
2026-09-27 09:08:25,217 - freqtrade.resolvers.strategy_resolver - INFO - Strategy using order_time_in_force: {'entry': 'GTC', 'exit': 'GTC'}
2026-09-27 09:08:25,217 - freqtrade.resolvers.strategy_resolver - INFO - Strategy using stake_currency: USDT
2026-09-27 09:08:25,217 - freqtrade.resolvers.strategy_resolver - INFO - Strategy using stake_amount: unlimited
2026-09-27 09:08:25,218 - freqtrade.resolvers.strategy_resolver - INFO - Strategy using startup_candle_count: 800
2026-09-27 09:08:25,218 - freqtrade.resolvers.strategy_resolver - INFO - Strategy using unfilledtimeout: {'entry': 5, 'exit': 5, 'exit_timeout_count': 0, 'unit': 'minutes'}
2026-09-27 09:08:25,218 - freqtrade.resolvers.strategy_resolver - INFO - Strategy using use_exit_signal: False
2026-09-27 09:08:25,218 - freqtrade.resolvers.strategy_resolver - INFO - Strategy using exit_profit_only: False
2026-09-27 09:08:25,219 - freqtrade.resolvers.strategy_resolver - INFO - Strategy using ignore_roi_if_entry_signal: False
2026-09-27 09:08:25,219 - freqtrade.resolvers.strategy_resolver - INFO - Strategy using exit_profit_offset: 0.0
2026-09-27 09:08:25,219 - freqtrade.resolvers.strategy_resolver - INFO - Strategy using disable_dataframe_checks: False
2026-09-27 09:08:25,219 - freqtrade.resolvers.strategy_resolver - INFO - Strategy using ignore_buying_expired_candle_after: 0
2026-09-27 09:08:25,220 - freqtrade.resolvers.strategy_resolver - INFO - Strategy using position_adjustment_enable: False
2026-09-27 09:08:25,220 - freqtrade.resolvers.strategy_resolver - INFO - Strategy using max_entry_position_adjustment: -1
2026-09-27 09:08:25,220 - freqtrade.resolvers.strategy_resolver - INFO - Strategy using max_open_trades: 15
2026-09-27 09:08:25,221 - freqtrade.configuration.config_validation - INFO - Validating configuration ...
2026-09-27 09:08:25,255 - freqtrade.wallets - INFO - Wallets synced.
2026-09-27 09:08:25,419 - freqtrade.rpc.rpc_manager - INFO - Enabling rpc.api_server
2026-09-27 09:08:25,561 - freqtrade.rpc.api_server.webserver - INFO - Starting HTTP Server at 127.0.0.1:8080
2026-09-27 09:08:25,562 - freqtrade.rpc.api_server.webserver - INFO - Starting Local Rest Server.
2026-09-27 09:08:25,577 - uvicorn.error - INFO - Started server process [2390]
2026-09-27 09:08:25,578 - uvicorn.error - INFO - Waiting for application startup.
2026-09-27 09:08:25,578 - uvicorn.error - INFO - Application startup complete.
2026-09-27 09:08:25,579 - uvicorn.error - INFO - Uvicorn running on http://127.0.0.1:8080 (Press CTRL+C to quit)
2026-09-27 09:08:25,581 - freqtrade.resolvers.iresolver - INFO - Using resolved pairlist StaticPairList from '/opt/hostedtoolcache/Python/3.12.14/x64/lib/python3.12/site-packages/freqtrade/plugins/pairlist/StaticPairList.py'...
2026-09-27 09:08:25,582 - freqtrade.freqtradebot - INFO - Starting initial pairlist refresh
2026-09-27 09:08:25,633 - freqtrade.plugins.pairlistmanager - INFO - Whitelist with 47 pairs: ['BTC/USDT:USDT', 'ETH/USDT:USDT', 'BNB/USDT:USDT', 'SOL/USDT:USDT', 'ADA/USDT:USDT', 'DOGE/USDT:USDT', 'AVAX/USDT:USDT', 'DOT/USDT:USDT', 'LINK/USDT:USDT', 'LTC/USDT:USDT', 'BCH/USDT:USDT', 'ATOM/USDT:USDT', 'UNI/USDT:USDT', 'ETC/USDT:USDT', 'NEAR/USDT:USDT', 'ALGO/USDT:USDT', 'FIL/USDT:USDT', 'ICP/USDT:USDT', 'HBAR/USDT:USDT', 'APE/USDT:USDT', 'SAND/USDT:USDT', 'MANA/USDT:USDT', 'AXS/USDT:USDT', 'THETA/USDT:USDT', 'AAVE/USDT:USDT', 'GRT/USDT:USDT', 'CHZ/USDT:USDT', 'ENJ/USDT:USDT', 'CRV/USDT:USDT', 'COMP/USDT:USDT', 'DASH/USDT:USDT', 'QTUM/USDT:USDT', 'IOTA/USDT:USDT', 'ONT/USDT:USDT', 'BAT/USDT:USDT', 'RVN/USDT:USDT', 'KSM/USDT:USDT', 'EGLD/USDT:USDT', 'GALA/USDT:USDT', 'CELO/USDT:USDT', 'SUSHI/USDT:USDT', 'SNX/USDT:USDT', 'LRC/USDT:USDT', 'STORJ/USDT:USDT', 'ANKR/USDT:USDT', 'SKL/USDT:USDT', 'BAND/USDT:USDT']
2026-09-27 09:08:25,634 - freqtrade.freqtradebot - INFO - Initial Pairlist refresh took 0.05s
2026-09-27 09:08:25,635 - freqtrade.strategy.hyper - INFO - No params for buy found, using default values.
2026-09-27 09:08:25,635 - freqtrade.strategy.hyper - INFO - Strategy Parameter(default): adx_floor = 20
2026-09-27 09:08:25,635 - freqtrade.strategy.hyper - INFO - Strategy Parameter(default): breakout_hours = 72
2026-09-27 09:08:25,636 - freqtrade.strategy.hyper - INFO - Strategy Parameter(default): ema_fast = 50
2026-09-27 09:08:25,636 - freqtrade.strategy.hyper - INFO - Strategy Parameter(default): ema_slow = 200
2026-09-27 09:08:25,636 - freqtrade.strategy.hyper - INFO - Strategy Parameter(default): rsi_long_max = 78
2026-09-27 09:08:25,636 - freqtrade.strategy.hyper - INFO - Strategy Parameter(default): rsi_short_min = 22
2026-09-27 09:08:25,637 - freqtrade.strategy.hyper - INFO - No params for sell found, using default values.
2026-09-27 09:08:25,637 - freqtrade.strategy.hyper - INFO - Strategy Parameter(default): initial_stop_atr = 2.0
2026-09-27 09:08:25,637 - freqtrade.strategy.hyper - INFO - Strategy Parameter(default): risk_per_trade = 0.01
2026-09-27 09:08:25,637 - freqtrade.strategy.hyper - INFO - Strategy Parameter(default): trail_atr = 6.0
2026-09-27 09:08:25,638 - freqtrade.resolvers.iresolver - INFO - Using resolved protection CooldownPeriod from '/opt/hostedtoolcache/Python/3.12.14/x64/lib/python3.12/site-packages/freqtrade/plugins/protections/cooldown_period.py'...
2026-09-27 09:08:25,639 - freqtrade.resolvers.iresolver - INFO - Using resolved protection MaxDrawdown from '/opt/hostedtoolcache/Python/3.12.14/x64/lib/python3.12/site-packages/freqtrade/plugins/protections/max_drawdown_protection.py'...
2026-09-27 09:08:25,640 - freqtrade.resolvers.iresolver - INFO - Using resolved protection StoplossGuard from '/opt/hostedtoolcache/Python/3.12.14/x64/lib/python3.12/site-packages/freqtrade/plugins/protections/stoploss_guard.py'...
2026-09-27 09:08:25,641 - freqtrade.rpc.rpc_manager - INFO - Sending rpc message: {'type': status, 'status': 'running'}
2026-09-27 09:08:25,641 - freqtrade.worker - INFO - Changing state to: RUNNING
2026-09-27 09:08:25,649 - freqtrade.rpc.rpc_manager - INFO - Sending rpc message: {'type': warning, 'status': 'Dry run is enabled. All trades are simulated.'}
2026-09-27 09:08:25,650 - freqtrade.rpc.rpc_manager - INFO - Sending rpc message: {'type': startup, 'status': "*Exchange:* `gate`\n*Stake per trade:* `unlimited USDT`\n*Minimum ROI:* `{'0': 100.0}`\n*Stoploss:* `-0.6`\n*Position adjustment:* `Off`\n*Timeframe:* `1h`\n*Strategy:* `HourlyTrend`"}
2026-09-27 09:08:25,650 - freqtrade.rpc.rpc_manager - INFO - Sending rpc message: {'type': startup, 'status': "Searching for USDT pairs to buy and sell based on [{'StaticPairList': 'StaticPairList'}]"}
2026-09-27 09:08:25,651 - freqtrade.rpc.rpc_manager - INFO - Sending rpc message: {'type': startup, 'status': 'Using Protections: \nCooldownPeriod - Cooldown period for 2 candles.\nMaxDrawdown - Max drawdown protection, stop trading if drawdown is > 0.15 within 168 candles.\nStoplossGuard - Frequent Stoploss Guard, 6 stoplosses with profit < 0.00% within 24 candles.'}
2026-09-27 09:08:25,654 - freqtrade.persistence.trade_model - INFO - Found open trade: Trade(id=51, pair=MANA/USDT:USDT, amount=79.7, is_short=False, leverage=10, open_rate=0.09099, open_since=2026-09-25 07:00:04)
2026-09-27 09:08:29,693 - freqtrade.freqtradebot - INFO - Global pairlock active until 2026-09-27 21:00:00. Not creating new trades, reason: 2.5574590656685197 passed 0.15 in 168 candles, locking for 24 candles..
2026-09-27 09:08:30,912 - freqtrade.worker - INFO - Bot heartbeat. PID=2390, version='2026.7', state='RUNNING'
2026-09-27 09:09:30,915 - freqtrade.worker - INFO - Bot heartbeat. PID=2390, version='2026.7', state='RUNNING'
2026-09-27 09:10:30,917 - freqtrade.worker - INFO - Bot heartbeat. PID=2390, version='2026.7', state='RUNNING'
2026-09-27 09:11:30,920 - freqtrade.worker - INFO - Bot heartbeat. PID=2390, version='2026.7', state='RUNNING'
2026-09-27 09:12:30,923 - freqtrade.worker - INFO - Bot heartbeat. PID=2390, version='2026.7', state='RUNNING'
2026-09-27 09:13:30,926 - freqtrade.worker - INFO - Bot heartbeat. PID=2390, version='2026.7', state='RUNNING'
2026-09-27 09:14:30,929 - freqtrade.worker - INFO - Bot heartbeat. PID=2390, version='2026.7', state='RUNNING'
2026-09-27 09:15:30,932 - freqtrade.worker - INFO - Bot heartbeat. PID=2390, version='2026.7', state='RUNNING'
2026-09-27 09:16:30,936 - freqtrade.worker - INFO - Bot heartbeat. PID=2390, version='2026.7', state='RUNNING'
2026-09-27 09:17:30,939 - freqtrade.worker - INFO - Bot heartbeat. PID=2390, version='2026.7', state='RUNNING'
2026-09-27 09:18:30,942 - freqtrade.worker - INFO - Bot heartbeat. PID=2390, version='2026.7', state='RUNNING'
2026-09-27 09:19:30,945 - freqtrade.worker - INFO - Bot heartbeat. PID=2390, version='2026.7', state='RUNNING'
2026-09-27 09:20:30,948 - freqtrade.worker - INFO - Bot heartbeat. PID=2390, version='2026.7', state='RUNNING'
2026-09-27 09:21:30,950 - freqtrade.worker - INFO - Bot heartbeat. PID=2390, version='2026.7', state='RUNNING'
2026-09-27 09:22:30,954 - freqtrade.worker - INFO - Bot heartbeat. PID=2390, version='2026.7', state='RUNNING'
2026-09-27 09:23:30,957 - freqtrade.worker - INFO - Bot heartbeat. PID=2390, version='2026.7', state='RUNNING'
2026-09-27 09:24:30,960 - freqtrade.worker - INFO - Bot heartbeat. PID=2390, version='2026.7', state='RUNNING'
2026-09-27 09:25:30,962 - freqtrade.worker - INFO - Bot heartbeat. PID=2390, version='2026.7', state='RUNNING'
2026-09-27 09:26:30,965 - freqtrade.worker - INFO - Bot heartbeat. PID=2390, version='2026.7', state='RUNNING'
2026-09-27 09:27:30,969 - freqtrade.worker - INFO - Bot heartbeat. PID=2390, version='2026.7', state='RUNNING'
2026-09-27 09:28:30,972 - freqtrade.worker - INFO - Bot heartbeat. PID=2390, version='2026.7', state='RUNNING'
2026-09-27 09:29:30,975 - freqtrade.worker - INFO - Bot heartbeat. PID=2390, version='2026.7', state='RUNNING'
2026-09-27 09:30:30,978 - freqtrade.worker - INFO - Bot heartbeat. PID=2390, version='2026.7', state='RUNNING'
2026-09-27 09:31:07,077 - freqtrade.wallets - INFO - Wallets synced.
2026-09-27 09:31:30,980 - freqtrade.worker - INFO - Bot heartbeat. PID=2390, version='2026.7', state='RUNNING'
2026-09-27 09:32:30,983 - freqtrade.worker - INFO - Bot heartbeat. PID=2390, version='2026.7', state='RUNNING'
2026-09-27 09:33:30,986 - freqtrade.worker - INFO - Bot heartbeat. PID=2390, version='2026.7', state='RUNNING'
2026-09-27 09:34:30,988 - freqtrade.worker - INFO - Bot heartbeat. PID=2390, version='2026.7', state='RUNNING'
2026-09-27 09:35:30,991 - freqtrade.worker - INFO - Bot heartbeat. PID=2390, version='2026.7', state='RUNNING'
2026-09-27 09:36:30,994 - freqtrade.worker - INFO - Bot heartbeat. PID=2390, version='2026.7', state='RUNNING'
2026-09-27 09:37:30,996 - freqtrade.worker - INFO - Bot heartbeat. PID=2390, version='2026.7', state='RUNNING'
2026-09-27 09:38:30,999 - freqtrade.worker - INFO - Bot heartbeat. PID=2390, version='2026.7', state='RUNNING'
2026-09-27 09:39:31,002 - freqtrade.worker - INFO - Bot heartbeat. PID=2390, version='2026.7', state='RUNNING'
2026-09-27 09:40:31,005 - freqtrade.worker - INFO - Bot heartbeat. PID=2390, version='2026.7', state='RUNNING'
2026-09-27 09:41:31,008 - freqtrade.worker - INFO - Bot heartbeat. PID=2390, version='2026.7', state='RUNNING'
2026-09-27 09:42:31,011 - freqtrade.worker - INFO - Bot heartbeat. PID=2390, version='2026.7', state='RUNNING'
2026-09-27 09:43:31,013 - freqtrade.worker - INFO - Bot heartbeat. PID=2390, version='2026.7', state='RUNNING'
2026-09-27 09:44:31,016 - freqtrade.worker - INFO - Bot heartbeat. PID=2390, version='2026.7', state='RUNNING'
2026-09-27 09:45:31,018 - freqtrade.worker - INFO - Bot heartbeat. PID=2390, version='2026.7', state='RUNNING'
2026-09-27 09:46:31,021 - freqtrade.worker - INFO - Bot heartbeat. PID=2390, version='2026.7', state='RUNNING'
2026-09-27 09:47:31,024 - freqtrade.worker - INFO - Bot heartbeat. PID=2390, version='2026.7', state='RUNNING'
2026-09-27 09:48:31,027 - freqtrade.worker - INFO - Bot heartbeat. PID=2390, version='2026.7', state='RUNNING'
2026-09-27 09:49:31,029 - freqtrade.worker - INFO - Bot heartbeat. PID=2390, version='2026.7', state='RUNNING'
2026-09-27 09:50:31,032 - freqtrade.worker - INFO - Bot heartbeat. PID=2390, version='2026.7', state='RUNNING'
2026-09-27 09:51:31,035 - freqtrade.worker - INFO - Bot heartbeat. PID=2390, version='2026.7', state='RUNNING'
2026-09-27 09:52:31,037 - freqtrade.worker - INFO - Bot heartbeat. PID=2390, version='2026.7', state='RUNNING'
2026-09-27 09:53:31,040 - freqtrade.worker - INFO - Bot heartbeat. PID=2390, version='2026.7', state='RUNNING'
2026-09-27 09:54:31,043 - freqtrade.worker - INFO - Bot heartbeat. PID=2390, version='2026.7', state='RUNNING'
2026-09-27 09:55:31,045 - freqtrade.worker - INFO - Bot heartbeat. PID=2390, version='2026.7', state='RUNNING'
2026-09-27 09:56:31,048 - freqtrade.worker - INFO - Bot heartbeat. PID=2390, version='2026.7', state='RUNNING'
2026-09-27 09:57:31,051 - freqtrade.worker - INFO - Bot heartbeat. PID=2390, version='2026.7', state='RUNNING'
2026-09-27 09:58:31,053 - freqtrade.worker - INFO - Bot heartbeat. PID=2390, version='2026.7', state='RUNNING'
2026-09-27 09:59:31,056 - freqtrade.worker - INFO - Bot heartbeat. PID=2390, version='2026.7', state='RUNNING'
2026-09-27 10:00:36,001 - freqtrade.worker - INFO - Bot heartbeat. PID=2390, version='2026.7', state='RUNNING'
2026-09-27 10:01:06,943 - freqtrade.wallets - INFO - Wallets synced.
2026-09-27 10:01:36,004 - freqtrade.worker - INFO - Bot heartbeat. PID=2390, version='2026.7', state='RUNNING'
2026-09-27 10:02:36,006 - freqtrade.worker - INFO - Bot heartbeat. PID=2390, version='2026.7', state='RUNNING'
2026-09-27 10:03:36,009 - freqtrade.worker - INFO - Bot heartbeat. PID=2390, version='2026.7', state='RUNNING'
2026-09-27 10:04:36,013 - freqtrade.worker - INFO - Bot heartbeat. PID=2390, version='2026.7', state='RUNNING'
2026-09-27 10:05:36,015 - freqtrade.worker - INFO - Bot heartbeat. PID=2390, version='2026.7', state='RUNNING'
2026-09-27 10:06:36,018 - freqtrade.worker - INFO - Bot heartbeat. PID=2390, version='2026.7', state='RUNNING'
2026-09-27 10:07:36,021 - freqtrade.worker - INFO - Bot heartbeat. PID=2390, version='2026.7', state='RUNNING'
2026-09-27 10:08:31,627 - freqtrade.plugins.pairlistmanager - INFO - Whitelist with 47 pairs: ['BTC/USDT:USDT', 'ETH/USDT:USDT', 'BNB/USDT:USDT', 'SOL/USDT:USDT', 'ADA/USDT:USDT', 'DOGE/USDT:USDT', 'AVAX/USDT:USDT', 'DOT/USDT:USDT', 'LINK/USDT:USDT', 'LTC/USDT:USDT', 'BCH/USDT:USDT', 'ATOM/USDT:USDT', 'UNI/USDT:USDT', 'ETC/USDT:USDT', 'NEAR/USDT:USDT', 'ALGO/USDT:USDT', 'FIL/USDT:USDT', 'ICP/USDT:USDT', 'HBAR/USDT:USDT', 'APE/USDT:USDT', 'SAND/USDT:USDT', 'MANA/USDT:USDT', 'AXS/USDT:USDT', 'THETA/USDT:USDT', 'AAVE/USDT:USDT', 'GRT/USDT:USDT', 'CHZ/USDT:USDT', 'ENJ/USDT:USDT', 'CRV/USDT:USDT', 'COMP/USDT:USDT', 'DASH/USDT:USDT', 'QTUM/USDT:USDT', 'IOTA/USDT:USDT', 'ONT/USDT:USDT', 'BAT/USDT:USDT', 'RVN/USDT:USDT', 'KSM/USDT:USDT', 'EGLD/USDT:USDT', 'GALA/USDT:USDT', 'CELO/USDT:USDT', 'SUSHI/USDT:USDT', 'SNX/USDT:USDT', 'LRC/USDT:USDT', 'STORJ/USDT:USDT', 'ANKR/USDT:USDT', 'SKL/USDT:USDT', 'BAND/USDT:USDT']
2026-09-27 10:08:32,247 - freqtrade.freqtradebot - INFO - Global pairlock active until 2026-09-27 21:00:00. Not creating new trades, reason: 2.5574590656685197 passed 0.15 in 168 candles, locking for 24 candles..
2026-09-27 10:08:37,248 - freqtrade.worker - INFO - Bot heartbeat. PID=2390, version='2026.7', state='RUNNING'
2026-09-27 10:09:37,251 - freqtrade.worker - INFO - Bot heartbeat. PID=2390, version='2026.7', state='RUNNING'
2026-09-27 10:10:37,254 - freqtrade.worker - INFO - Bot heartbeat. PID=2390, version='2026.7', state='RUNNING'
2026-09-27 10:11:37,256 - freqtrade.worker - INFO - Bot heartbeat. PID=2390, version='2026.7', state='RUNNING'
2026-09-27 10:12:37,260 - freqtrade.worker - INFO - Bot heartbeat. PID=2390, version='2026.7', state='RUNNING'
2026-09-27 10:13:37,262 - freqtrade.worker - INFO - Bot heartbeat. PID=2390, version='2026.7', state='RUNNING'
2026-09-27 10:14:37,266 - freqtrade.worker - INFO - Bot heartbeat. PID=2390, version='2026.7', state='RUNNING'
2026-09-27 10:15:37,269 - freqtrade.worker - INFO - Bot heartbeat. PID=2390, version='2026.7', state='RUNNING'
2026-09-27 10:16:37,272 - freqtrade.worker - INFO - Bot heartbeat. PID=2390, version='2026.7', state='RUNNING'
2026-09-27 10:17:37,275 - freqtrade.worker - INFO - Bot heartbeat. PID=2390, version='2026.7', state='RUNNING'
2026-09-27 10:18:37,278 - freqtrade.worker - INFO - Bot heartbeat. PID=2390, version='2026.7', state='RUNNING'
2026-09-27 10:19:37,281 - freqtrade.worker - INFO - Bot heartbeat. PID=2390, version='2026.7', state='RUNNING'
2026-09-27 10:20:37,284 - freqtrade.worker - INFO - Bot heartbeat. PID=2390, version='2026.7', state='RUNNING'
2026-09-27 10:21:37,287 - freqtrade.worker - INFO - Bot heartbeat. PID=2390, version='2026.7', state='RUNNING'
2026-09-27 10:22:37,290 - freqtrade.worker - INFO - Bot heartbeat. PID=2390, version='2026.7', state='RUNNING'
2026-09-27 10:23:37,293 - freqtrade.worker - INFO - Bot heartbeat. PID=2390, version='2026.7', state='RUNNING'
2026-09-27 10:24:37,296 - freqtrade.worker - INFO - Bot heartbeat. PID=2390, version='2026.7', state='RUNNING'
2026-09-27 10:25:37,298 - freqtrade.worker - INFO - Bot heartbeat. PID=2390, version='2026.7', state='RUNNING'
2026-09-27 10:26:37,301 - freqtrade.worker - INFO - Bot heartbeat. PID=2390, version='2026.7', state='RUNNING'
2026-09-27 10:27:37,304 - freqtrade.worker - INFO - Bot heartbeat. PID=2390, version='2026.7', state='RUNNING'
2026-09-27 10:28:37,306 - freqtrade.worker - INFO - Bot heartbeat. PID=2390, version='2026.7', state='RUNNING'
2026-09-27 10:29:37,309 - freqtrade.worker - INFO - Bot heartbeat. PID=2390, version='2026.7', state='RUNNING'
2026-09-27 10:30:37,312 - freqtrade.worker - INFO - Bot heartbeat. PID=2390, version='2026.7', state='RUNNING'
2026-09-27 10:31:03,286 - freqtrade.wallets - INFO - Wallets synced.
2026-09-27 10:31:37,314 - freqtrade.worker - INFO - Bot heartbeat. PID=2390, version='2026.7', state='RUNNING'
2026-09-27 10:32:37,317 - freqtrade.worker - INFO - Bot heartbeat. PID=2390, version='2026.7', state='RUNNING'
2026-09-27 10:33:37,320 - freqtrade.worker - INFO - Bot heartbeat. PID=2390, version='2026.7', state='RUNNING'
2026-09-27 10:34:37,323 - freqtrade.worker - INFO - Bot heartbeat. PID=2390, version='2026.7', state='RUNNING'
2026-09-27 10:35:37,325 - freqtrade.worker - INFO - Bot heartbeat. PID=2390, version='2026.7', state='RUNNING'
2026-09-27 10:36:37,328 - freqtrade.worker - INFO - Bot heartbeat. PID=2390, version='2026.7', state='RUNNING'
2026-09-27 10:37:37,331 - freqtrade.worker - INFO - Bot heartbeat. PID=2390, version='2026.7', state='RUNNING'
2026-09-27 10:38:37,333 - freqtrade.worker - INFO - Bot heartbeat. PID=2390, version='2026.7', state='RUNNING'
2026-09-27 10:39:37,336 - freqtrade.worker - INFO - Bot heartbeat. PID=2390, version='2026.7', state='RUNNING'
2026-09-27 10:40:37,339 - freqtrade.worker - INFO - Bot heartbeat. PID=2390, version='2026.7', state='RUNNING'
2026-09-27 10:41:37,342 - freqtrade.worker - INFO - Bot heartbeat. PID=2390, version='2026.7', state='RUNNING'
2026-09-27 10:42:37,345 - freqtrade.worker - INFO - Bot heartbeat. PID=2390, version='2026.7', state='RUNNING'
2026-09-27 10:43:37,348 - freqtrade.worker - INFO - Bot heartbeat. PID=2390, version='2026.7', state='RUNNING'
2026-09-27 10:44:37,350 - freqtrade.worker - INFO - Bot heartbeat. PID=2390, version='2026.7', state='RUNNING'
2026-09-27 10:45:37,353 - freqtrade.worker - INFO - Bot heartbeat. PID=2390, version='2026.7', state='RUNNING'
2026-09-27 10:46:37,356 - freqtrade.worker - INFO - Bot heartbeat. PID=2390, version='2026.7', state='RUNNING'
2026-09-27 10:47:37,359 - freqtrade.worker - INFO - Bot heartbeat. PID=2390, version='2026.7', state='RUNNING'
2026-09-27 10:48:37,362 - freqtrade.worker - INFO - Bot heartbeat. PID=2390, version='2026.7', state='RUNNING'
2026-09-27 10:49:37,365 - freqtrade.worker - INFO - Bot heartbeat. PID=2390, version='2026.7', state='RUNNING'
2026-09-27 10:50:37,368 - freqtrade.worker - INFO - Bot heartbeat. PID=2390, version='2026.7', state='RUNNING'
2026-09-27 10:51:37,371 - freqtrade.worker - INFO - Bot heartbeat. PID=2390, version='2026.7', state='RUNNING'
2026-09-27 10:52:37,374 - freqtrade.worker - INFO - Bot heartbeat. PID=2390, version='2026.7', state='RUNNING'
2026-09-27 10:53:37,376 - freqtrade.worker - INFO - Bot heartbeat. PID=2390, version='2026.7', state='RUNNING'
2026-09-27 10:54:37,379 - freqtrade.worker - INFO - Bot heartbeat. PID=2390, version='2026.7', state='RUNNING'
2026-09-27 10:55:37,382 - freqtrade.worker - INFO - Bot heartbeat. PID=2390, version='2026.7', state='RUNNING'
2026-09-27 10:56:37,385 - freqtrade.worker - INFO - Bot heartbeat. PID=2390, version='2026.7', state='RUNNING'
2026-09-27 10:57:37,387 - freqtrade.worker - INFO - Bot heartbeat. PID=2390, version='2026.7', state='RUNNING'
2026-09-27 10:58:37,391 - freqtrade.worker - INFO - Bot heartbeat. PID=2390, version='2026.7', state='RUNNING'
2026-09-27 10:59:37,393 - freqtrade.worker - INFO - Bot heartbeat. PID=2390, version='2026.7', state='RUNNING'
2026-09-27 11:00:41,001 - freqtrade.worker - INFO - Bot heartbeat. PID=2390, version='2026.7', state='RUNNING'
2026-09-27 11:01:07,395 - freqtrade.wallets - INFO - Wallets synced.
2026-09-27 11:01:41,004 - freqtrade.worker - INFO - Bot heartbeat. PID=2390, version='2026.7', state='RUNNING'
2026-09-27 11:02:41,007 - freqtrade.worker - INFO - Bot heartbeat. PID=2390, version='2026.7', state='RUNNING'
2026-09-27 11:03:41,009 - freqtrade.worker - INFO - Bot heartbeat. PID=2390, version='2026.7', state='RUNNING'
2026-09-27 11:04:41,012 - freqtrade.worker - INFO - Bot heartbeat. PID=2390, version='2026.7', state='RUNNING'
2026-09-27 11:05:41,015 - freqtrade.worker - INFO - Bot heartbeat. PID=2390, version='2026.7', state='RUNNING'
2026-09-27 11:06:41,018 - freqtrade.worker - INFO - Bot heartbeat. PID=2390, version='2026.7', state='RUNNING'
2026-09-27 11:07:41,021 - freqtrade.worker - INFO - Bot heartbeat. PID=2390, version='2026.7', state='RUNNING'
2026-09-27 11:08:42,355 - freqtrade.plugins.pairlistmanager - INFO - Whitelist with 47 pairs: ['BTC/USDT:USDT', 'ETH/USDT:USDT', 'BNB/USDT:USDT', 'SOL/USDT:USDT', 'ADA/USDT:USDT', 'DOGE/USDT:USDT', 'AVAX/USDT:USDT', 'DOT/USDT:USDT', 'LINK/USDT:USDT', 'LTC/USDT:USDT', 'BCH/USDT:USDT', 'ATOM/USDT:USDT', 'UNI/USDT:USDT', 'ETC/USDT:USDT', 'NEAR/USDT:USDT', 'ALGO/USDT:USDT', 'FIL/USDT:USDT', 'ICP/USDT:USDT', 'HBAR/USDT:USDT', 'APE/USDT:USDT', 'SAND/USDT:USDT', 'MANA/USDT:USDT', 'AXS/USDT:USDT', 'THETA/USDT:USDT', 'AAVE/USDT:USDT', 'GRT/USDT:USDT', 'CHZ/USDT:USDT', 'ENJ/USDT:USDT', 'CRV/USDT:USDT', 'COMP/USDT:USDT', 'DASH/USDT:USDT', 'QTUM/USDT:USDT', 'IOTA/USDT:USDT', 'ONT/USDT:USDT', 'BAT/USDT:USDT', 'RVN/USDT:USDT', 'KSM/USDT:USDT', 'EGLD/USDT:USDT', 'GALA/USDT:USDT', 'CELO/USDT:USDT', 'SUSHI/USDT:USDT', 'SNX/USDT:USDT', 'LRC/USDT:USDT', 'STORJ/USDT:USDT', 'ANKR/USDT:USDT', 'SKL/USDT:USDT', 'BAND/USDT:USDT']
2026-09-27 11:08:43,009 - freqtrade.freqtradebot - INFO - Global pairlock active until 2026-09-27 21:00:00. Not creating new trades, reason: 2.5574590656685197 passed 0.15 in 168 candles, locking for 24 candles..
2026-09-27 11:08:43,010 - freqtrade.worker - INFO - Bot heartbeat. PID=2390, version='2026.7', state='RUNNING'
2026-09-27 11:09:43,013 - freqtrade.worker - INFO - Bot heartbeat. PID=2390, version='2026.7', state='RUNNING'
2026-09-27 11:10:43,016 - freqtrade.worker - INFO - Bot heartbeat. PID=2390, version='2026.7', state='RUNNING'
2026-09-27 11:11:43,019 - freqtrade.worker - INFO - Bot heartbeat. PID=2390, version='2026.7', state='RUNNING'
2026-09-27 11:12:43,021 - freqtrade.worker - INFO - Bot heartbeat. PID=2390, version='2026.7', state='RUNNING'
2026-09-27 11:13:43,025 - freqtrade.worker - INFO - Bot heartbeat. PID=2390, version='2026.7', state='RUNNING'
2026-09-27 11:14:43,028 - freqtrade.worker - INFO - Bot heartbeat. PID=2390, version='2026.7', state='RUNNING'
2026-09-27 11:15:43,031 - freqtrade.worker - INFO - Bot heartbeat. PID=2390, version='2026.7', state='RUNNING'
2026-09-27 11:16:43,033 - freqtrade.worker - INFO - Bot heartbeat. PID=2390, version='2026.7', state='RUNNING'
2026-09-27 11:17:43,036 - freqtrade.worker - INFO - Bot heartbeat. PID=2390, version='2026.7', state='RUNNING'
2026-09-27 11:18:43,039 - freqtrade.worker - INFO - Bot heartbeat. PID=2390, version='2026.7', state='RUNNING'
2026-09-27 11:19:43,042 - freqtrade.worker - INFO - Bot heartbeat. PID=2390, version='2026.7', state='RUNNING'
2026-09-27 11:20:43,044 - freqtrade.worker - INFO - Bot heartbeat. PID=2390, version='2026.7', state='RUNNING'
2026-09-27 11:21:43,047 - freqtrade.worker - INFO - Bot heartbeat. PID=2390, version='2026.7', state='RUNNING'
2026-09-27 11:22:43,050 - freqtrade.worker - INFO - Bot heartbeat. PID=2390, version='2026.7', state='RUNNING'
2026-09-27 11:23:43,052 - freqtrade.worker - INFO - Bot heartbeat. PID=2390, version='2026.7', state='RUNNING'
2026-09-27 11:24:43,055 - freqtrade.worker - INFO - Bot heartbeat. PID=2390, version='2026.7', state='RUNNING'
2026-09-27 11:25:43,057 - freqtrade.worker - INFO - Bot heartbeat. PID=2390, version='2026.7', state='RUNNING'
2026-09-27 11:26:43,060 - freqtrade.worker - INFO - Bot heartbeat. PID=2390, version='2026.7', state='RUNNING'
2026-09-27 11:27:43,062 - freqtrade.worker - INFO - Bot heartbeat. PID=2390, version='2026.7', state='RUNNING'
2026-09-27 11:28:43,065 - freqtrade.worker - INFO - Bot heartbeat. PID=2390, version='2026.7', state='RUNNING'
2026-09-27 11:29:43,068 - freqtrade.worker - INFO - Bot heartbeat. PID=2390, version='2026.7', state='RUNNING'
2026-09-27 11:30:43,070 - freqtrade.worker - INFO - Bot heartbeat. PID=2390, version='2026.7', state='RUNNING'
2026-09-27 11:31:04,023 - freqtrade.wallets - INFO - Wallets synced.
2026-09-27 11:31:43,073 - freqtrade.worker - INFO - Bot heartbeat. PID=2390, version='2026.7', state='RUNNING'
2026-09-27 11:32:43,076 - freqtrade.worker - INFO - Bot heartbeat. PID=2390, version='2026.7', state='RUNNING'
2026-09-27 11:33:43,078 - freqtrade.worker - INFO - Bot heartbeat. PID=2390, version='2026.7', state='RUNNING'
2026-09-27 11:34:43,081 - freqtrade.worker - INFO - Bot heartbeat. PID=2390, version='2026.7', state='RUNNING'
2026-09-27 11:35:43,084 - freqtrade.worker - INFO - Bot heartbeat. PID=2390, version='2026.7', state='RUNNING'
2026-09-27 11:36:43,086 - freqtrade.worker - INFO - Bot heartbeat. PID=2390, version='2026.7', state='RUNNING'
2026-09-27 11:37:43,089 - freqtrade.worker - INFO - Bot heartbeat. PID=2390, version='2026.7', state='RUNNING'
2026-09-27 11:38:43,092 - freqtrade.worker - INFO - Bot heartbeat. PID=2390, version='2026.7', state='RUNNING'
2026-09-27 11:39:43,094 - freqtrade.worker - INFO - Bot heartbeat. PID=2390, version='2026.7', state='RUNNING'
2026-09-27 11:40:43,097 - freqtrade.worker - INFO - Bot heartbeat. PID=2390, version='2026.7', state='RUNNING'
2026-09-27 11:41:43,100 - freqtrade.worker - INFO - Bot heartbeat. PID=2390, version='2026.7', state='RUNNING'
2026-09-27 11:42:43,103 - freqtrade.worker - INFO - Bot heartbeat. PID=2390, version='2026.7', state='RUNNING'
2026-09-27 11:43:43,105 - freqtrade.worker - INFO - Bot heartbeat. PID=2390, version='2026.7', state='RUNNING'
2026-09-27 11:44:43,109 - freqtrade.worker - INFO - Bot heartbeat. PID=2390, version='2026.7', state='RUNNING'
2026-09-27 11:45:43,111 - freqtrade.worker - INFO - Bot heartbeat. PID=2390, version='2026.7', state='RUNNING'
2026-09-27 11:46:43,114 - freqtrade.worker - INFO - Bot heartbeat. PID=2390, version='2026.7', state='RUNNING'
2026-09-27 11:47:43,117 - freqtrade.worker - INFO - Bot heartbeat. PID=2390, version='2026.7', state='RUNNING'
2026-09-27 11:48:43,119 - freqtrade.worker - INFO - Bot heartbeat. PID=2390, version='2026.7', state='RUNNING'
2026-09-27 11:49:43,122 - freqtrade.worker - INFO - Bot heartbeat. PID=2390, version='2026.7', state='RUNNING'
2026-09-27 11:50:43,125 - freqtrade.worker - INFO - Bot heartbeat. PID=2390, version='2026.7', state='RUNNING'
2026-09-27 11:51:43,127 - freqtrade.worker - INFO - Bot heartbeat. PID=2390, version='2026.7', state='RUNNING'
2026-09-27 11:52:43,130 - freqtrade.worker - INFO - Bot heartbeat. PID=2390, version='2026.7', state='RUNNING'
2026-09-27 11:53:43,132 - freqtrade.worker - INFO - Bot heartbeat. PID=2390, version='2026.7', state='RUNNING'
2026-09-27 11:54:43,135 - freqtrade.worker - INFO - Bot heartbeat. PID=2390, version='2026.7', state='RUNNING'
2026-09-27 11:55:43,137 - freqtrade.worker - INFO - Bot heartbeat. PID=2390, version='2026.7', state='RUNNING'
2026-09-27 11:56:43,140 - freqtrade.worker - INFO - Bot heartbeat. PID=2390, version='2026.7', state='RUNNING'
2026-09-27 11:57:43,143 - freqtrade.worker - INFO - Bot heartbeat. PID=2390, version='2026.7', state='RUNNING'
2026-09-27 11:58:43,145 - freqtrade.worker - INFO - Bot heartbeat. PID=2390, version='2026.7', state='RUNNING'
2026-09-27 11:59:43,148 - freqtrade.worker - INFO - Bot heartbeat. PID=2390, version='2026.7', state='RUNNING'
2026-09-27 12:00:46,001 - freqtrade.worker - INFO - Bot heartbeat. PID=2390, version='2026.7', state='RUNNING'
2026-09-27 12:01:06,966 - freqtrade.wallets - INFO - Wallets synced.
2026-09-27 12:01:46,004 - freqtrade.worker - INFO - Bot heartbeat. PID=2390, version='2026.7', state='RUNNING'
2026-09-27 12:02:46,007 - freqtrade.worker - INFO - Bot heartbeat. PID=2390, version='2026.7', state='RUNNING'
2026-09-27 12:03:46,010 - freqtrade.worker - INFO - Bot heartbeat. PID=2390, version='2026.7', state='RUNNING'
2026-09-27 12:04:46,012 - freqtrade.worker - INFO - Bot heartbeat. PID=2390, version='2026.7', state='RUNNING'
2026-09-27 12:05:46,015 - freqtrade.worker - INFO - Bot heartbeat. PID=2390, version='2026.7', state='RUNNING'
2026-09-27 12:06:46,018 - freqtrade.worker - INFO - Bot heartbeat. PID=2390, version='2026.7', state='RUNNING'
2026-09-27 12:07:46,021 - freqtrade.worker - INFO - Bot heartbeat. PID=2390, version='2026.7', state='RUNNING'
2026-09-27 12:08:46,024 - freqtrade.worker - INFO - Bot heartbeat. PID=2390, version='2026.7', state='RUNNING'
2026-09-27 12:08:52,573 - freqtrade.plugins.pairlistmanager - INFO - Whitelist with 47 pairs: ['BTC/USDT:USDT', 'ETH/USDT:USDT', 'BNB/USDT:USDT', 'SOL/USDT:USDT', 'ADA/USDT:USDT', 'DOGE/USDT:USDT', 'AVAX/USDT:USDT', 'DOT/USDT:USDT', 'LINK/USDT:USDT', 'LTC/USDT:USDT', 'BCH/USDT:USDT', 'ATOM/USDT:USDT', 'UNI/USDT:USDT', 'ETC/USDT:USDT', 'NEAR/USDT:USDT', 'ALGO/USDT:USDT', 'FIL/USDT:USDT', 'ICP/USDT:USDT', 'HBAR/USDT:USDT', 'APE/USDT:USDT', 'SAND/USDT:USDT', 'MANA/USDT:USDT', 'AXS/USDT:USDT', 'THETA/USDT:USDT', 'AAVE/USDT:USDT', 'GRT/USDT:USDT', 'CHZ/USDT:USDT', 'ENJ/USDT:USDT', 'CRV/USDT:USDT', 'COMP/USDT:USDT', 'DASH/USDT:USDT', 'QTUM/USDT:USDT', 'IOTA/USDT:USDT', 'ONT/USDT:USDT', 'BAT/USDT:USDT', 'RVN/USDT:USDT', 'KSM/USDT:USDT', 'EGLD/USDT:USDT', 'GALA/USDT:USDT', 'CELO/USDT:USDT', 'SUSHI/USDT:USDT', 'SNX/USDT:USDT', 'LRC/USDT:USDT', 'STORJ/USDT:USDT', 'ANKR/USDT:USDT', 'SKL/USDT:USDT', 'BAND/USDT:USDT']
2026-09-27 12:08:53,196 - freqtrade.freqtradebot - INFO - Global pairlock active until 2026-09-27 21:00:00. Not creating new trades, reason: 2.5574590656685197 passed 0.15 in 168 candles, locking for 24 candles..
2026-09-27 12:09:48,199 - freqtrade.worker - INFO - Bot heartbeat. PID=2390, version='2026.7', state='RUNNING'
2026-09-27 12:10:48,202 - freqtrade.worker - INFO - Bot heartbeat. PID=2390, version='2026.7', state='RUNNING'
2026-09-27 12:11:48,204 - freqtrade.worker - INFO - Bot heartbeat. PID=2390, version='2026.7', state='RUNNING'
2026-09-27 12:12:48,207 - freqtrade.worker - INFO - Bot heartbeat. PID=2390, version='2026.7', state='RUNNING'
2026-09-27 12:13:48,210 - freqtrade.worker - INFO - Bot heartbeat. PID=2390, version='2026.7', state='RUNNING'
2026-09-27 12:14:48,213 - freqtrade.worker - INFO - Bot heartbeat. PID=2390, version='2026.7', state='RUNNING'
2026-09-27 12:15:48,215 - freqtrade.worker - INFO - Bot heartbeat. PID=2390, version='2026.7', state='RUNNING'
2026-09-27 12:16:48,218 - freqtrade.worker - INFO - Bot heartbeat. PID=2390, version='2026.7', state='RUNNING'
2026-09-27 12:17:48,221 - freqtrade.worker - INFO - Bot heartbeat. PID=2390, version='2026.7', state='RUNNING'
2026-09-27 12:18:48,223 - freqtrade.worker - INFO - Bot heartbeat. PID=2390, version='2026.7', state='RUNNING'
2026-09-27 12:19:48,226 - freqtrade.worker - INFO - Bot heartbeat. PID=2390, version='2026.7', state='RUNNING'
2026-09-27 12:20:48,229 - freqtrade.worker - INFO - Bot heartbeat. PID=2390, version='2026.7', state='RUNNING'
2026-09-27 12:21:48,232 - freqtrade.worker - INFO - Bot heartbeat. PID=2390, version='2026.7', state='RUNNING'
2026-09-27 12:22:48,234 - freqtrade.worker - INFO - Bot heartbeat. PID=2390, version='2026.7', state='RUNNING'
2026-09-27 12:23:48,237 - freqtrade.worker - INFO - Bot heartbeat. PID=2390, version='2026.7', state='RUNNING'
2026-09-27 12:24:48,240 - freqtrade.worker - INFO - Bot heartbeat. PID=2390, version='2026.7', state='RUNNING'
2026-09-27 12:25:48,243 - freqtrade.worker - INFO - Bot heartbeat. PID=2390, version='2026.7', state='RUNNING'
2026-09-27 12:26:48,246 - freqtrade.worker - INFO - Bot heartbeat. PID=2390, version='2026.7', state='RUNNING'
2026-09-27 12:27:48,249 - freqtrade.worker - INFO - Bot heartbeat. PID=2390, version='2026.7', state='RUNNING'
2026-09-27 12:28:48,252 - freqtrade.worker - INFO - Bot heartbeat. PID=2390, version='2026.7', state='RUNNING'
2026-09-27 12:29:48,255 - freqtrade.worker - INFO - Bot heartbeat. PID=2390, version='2026.7', state='RUNNING'
2026-09-27 12:30:48,257 - freqtrade.worker - INFO - Bot heartbeat. PID=2390, version='2026.7', state='RUNNING'
2026-09-27 12:31:04,542 - freqtrade.wallets - INFO - Wallets synced.
2026-09-27 12:31:48,260 - freqtrade.worker - INFO - Bot heartbeat. PID=2390, version='2026.7', state='RUNNING'
2026-09-27 12:32:48,263 - freqtrade.worker - INFO - Bot heartbeat. PID=2390, version='2026.7', state='RUNNING'
2026-09-27 12:33:48,266 - freqtrade.worker - INFO - Bot heartbeat. PID=2390, version='2026.7', state='RUNNING'
2026-09-27 12:34:48,268 - freqtrade.worker - INFO - Bot heartbeat. PID=2390, version='2026.7', state='RUNNING'
2026-09-27 12:35:48,271 - freqtrade.worker - INFO - Bot heartbeat. PID=2390, version='2026.7', state='RUNNING'
2026-09-27 12:36:48,274 - freqtrade.worker - INFO - Bot heartbeat. PID=2390, version='2026.7', state='RUNNING'
2026-09-27 12:37:48,277 - freqtrade.worker - INFO - Bot heartbeat. PID=2390, version='2026.7', state='RUNNING'
2026-09-27 12:38:48,280 - freqtrade.worker - INFO - Bot heartbeat. PID=2390, version='2026.7', state='RUNNING'
2026-09-27 12:39:48,283 - freqtrade.worker - INFO - Bot heartbeat. PID=2390, version='2026.7', state='RUNNING'
2026-09-27 12:40:48,286 - freqtrade.worker - INFO - Bot heartbeat. PID=2390, version='2026.7', state='RUNNING'
2026-09-27 12:41:48,289 - freqtrade.worker - INFO - Bot heartbeat. PID=2390, version='2026.7', state='RUNNING'
2026-09-27 12:42:48,292 - freqtrade.worker - INFO - Bot heartbeat. PID=2390, version='2026.7', state='RUNNING'
2026-09-27 12:43:48,294 - freqtrade.worker - INFO - Bot heartbeat. PID=2390, version='2026.7', state='RUNNING'
2026-09-27 12:44:48,297 - freqtrade.worker - INFO - Bot heartbeat. PID=2390, version='2026.7', state='RUNNING'
2026-09-27 12:45:48,300 - freqtrade.worker - INFO - Bot heartbeat. PID=2390, version='2026.7', state='RUNNING'
2026-09-27 12:46:48,303 - freqtrade.worker - INFO - Bot heartbeat. PID=2390, version='2026.7', state='RUNNING'
2026-09-27 12:47:48,305 - freqtrade.worker - INFO - Bot heartbeat. PID=2390, version='2026.7', state='RUNNING'
2026-09-27 12:48:48,308 - freqtrade.worker - INFO - Bot heartbeat. PID=2390, version='2026.7', state='RUNNING'
2026-09-27 12:49:48,311 - freqtrade.worker - INFO - Bot heartbeat. PID=2390, version='2026.7', state='RUNNING'
2026-09-27 12:50:48,314 - freqtrade.worker - INFO - Bot heartbeat. PID=2390, version='2026.7', state='RUNNING'
2026-09-27 12:51:48,316 - freqtrade.worker - INFO - Bot heartbeat. PID=2390, version='2026.7', state='RUNNING'
2026-09-27 12:52:48,319 - freqtrade.worker - INFO - Bot heartbeat. PID=2390, version='2026.7', state='RUNNING'
2026-09-27 12:53:48,322 - freqtrade.worker - INFO - Bot heartbeat. PID=2390, version='2026.7', state='RUNNING'
2026-09-27 12:54:48,325 - freqtrade.worker - INFO - Bot heartbeat. PID=2390, version='2026.7', state='RUNNING'
2026-09-27 12:55:48,328 - freqtrade.worker - INFO - Bot heartbeat. PID=2390, version='2026.7', state='RUNNING'
2026-09-27 12:56:48,331 - freqtrade.worker - INFO - Bot heartbeat. PID=2390, version='2026.7', state='RUNNING'
2026-09-27 12:57:48,334 - freqtrade.worker - INFO - Bot heartbeat. PID=2390, version='2026.7', state='RUNNING'
2026-09-27 12:58:48,337 - freqtrade.worker - INFO - Bot heartbeat. PID=2390, version='2026.7', state='RUNNING'
2026-09-27 12:59:48,340 - freqtrade.worker - INFO - Bot heartbeat. PID=2390, version='2026.7', state='RUNNING'
2026-09-27 13:00:51,002 - freqtrade.worker - INFO - Bot heartbeat. PID=2390, version='2026.7', state='RUNNING'
2026-09-27 13:01:06,975 - freqtrade.wallets - INFO - Wallets synced.
2026-09-27 13:01:51,005 - freqtrade.worker - INFO - Bot heartbeat. PID=2390, version='2026.7', state='RUNNING'
2026-09-27 13:02:51,007 - freqtrade.worker - INFO - Bot heartbeat. PID=2390, version='2026.7', state='RUNNING'
2026-09-27 13:03:51,011 - freqtrade.worker - INFO - Bot heartbeat. PID=2390, version='2026.7', state='RUNNING'
2026-09-27 13:04:51,014 - freqtrade.worker - INFO - Bot heartbeat. PID=2390, version='2026.7', state='RUNNING'
2026-09-27 13:05:51,016 - freqtrade.worker - INFO - Bot heartbeat. PID=2390, version='2026.7', state='RUNNING'
2026-09-27 13:06:51,019 - freqtrade.worker - INFO - Bot heartbeat. PID=2390, version='2026.7', state='RUNNING'
2026-09-27 13:07:51,022 - freqtrade.worker - INFO - Bot heartbeat. PID=2390, version='2026.7', state='RUNNING'
2026-09-27 13:08:51,025 - freqtrade.worker - INFO - Bot heartbeat. PID=2390, version='2026.7', state='RUNNING'
2026-09-27 13:09:02,713 - freqtrade.plugins.pairlistmanager - INFO - Whitelist with 47 pairs: ['BTC/USDT:USDT', 'ETH/USDT:USDT', 'BNB/USDT:USDT', 'SOL/USDT:USDT', 'ADA/USDT:USDT', 'DOGE/USDT:USDT', 'AVAX/USDT:USDT', 'DOT/USDT:USDT', 'LINK/USDT:USDT', 'LTC/USDT:USDT', 'BCH/USDT:USDT', 'ATOM/USDT:USDT', 'UNI/USDT:USDT', 'ETC/USDT:USDT', 'NEAR/USDT:USDT', 'ALGO/USDT:USDT', 'FIL/USDT:USDT', 'ICP/USDT:USDT', 'HBAR/USDT:USDT', 'APE/USDT:USDT', 'SAND/USDT:USDT', 'MANA/USDT:USDT', 'AXS/USDT:USDT', 'THETA/USDT:USDT', 'AAVE/USDT:USDT', 'GRT/USDT:USDT', 'CHZ/USDT:USDT', 'ENJ/USDT:USDT', 'CRV/USDT:USDT', 'COMP/USDT:USDT', 'DASH/USDT:USDT', 'QTUM/USDT:USDT', 'IOTA/USDT:USDT', 'ONT/USDT:USDT', 'BAT/USDT:USDT', 'RVN/USDT:USDT', 'KSM/USDT:USDT', 'EGLD/USDT:USDT', 'GALA/USDT:USDT', 'CELO/USDT:USDT', 'SUSHI/USDT:USDT', 'SNX/USDT:USDT', 'LRC/USDT:USDT', 'STORJ/USDT:USDT', 'ANKR/USDT:USDT', 'SKL/USDT:USDT', 'BAND/USDT:USDT']
2026-09-27 13:09:03,348 - freqtrade.freqtradebot - INFO - Global pairlock active until 2026-09-27 21:00:00. Not creating new trades, reason: 2.5574590656685197 passed 0.15 in 168 candles, locking for 24 candles..
2026-09-27 13:09:53,350 - freqtrade.worker - INFO - Bot heartbeat. PID=2390, version='2026.7', state='RUNNING'
2026-09-27 13:10:53,353 - freqtrade.worker - INFO - Bot heartbeat. PID=2390, version='2026.7', state='RUNNING'
2026-09-27 13:11:53,356 - freqtrade.worker - INFO - Bot heartbeat. PID=2390, version='2026.7', state='RUNNING'
2026-09-27 13:12:53,358 - freqtrade.worker - INFO - Bot heartbeat. PID=2390, version='2026.7', state='RUNNING'
2026-09-27 13:13:53,361 - freqtrade.worker - INFO - Bot heartbeat. PID=2390, version='2026.7', state='RUNNING'
2026-09-27 13:14:53,364 - freqtrade.worker - INFO - Bot heartbeat. PID=2390, version='2026.7', state='RUNNING'
2026-09-27 13:15:53,366 - freqtrade.worker - INFO - Bot heartbeat. PID=2390, version='2026.7', state='RUNNING'
2026-09-27 13:16:53,369 - freqtrade.worker - INFO - Bot heartbeat. PID=2390, version='2026.7', state='RUNNING'
2026-09-27 13:17:53,372 - freqtrade.worker - INFO - Bot heartbeat. PID=2390, version='2026.7', state='RUNNING'
2026-09-27 13:18:53,375 - freqtrade.worker - INFO - Bot heartbeat. PID=2390, version='2026.7', state='RUNNING'
2026-09-27 13:19:53,378 - freqtrade.worker - INFO - Bot heartbeat. PID=2390, version='2026.7', state='RUNNING'
2026-09-27 13:20:53,381 - freqtrade.worker - INFO - Bot heartbeat. PID=2390, version='2026.7', state='RUNNING'
2026-09-27 13:21:53,383 - freqtrade.worker - INFO - Bot heartbeat. PID=2390, version='2026.7', state='RUNNING'
2026-09-27 13:22:53,386 - freqtrade.worker - INFO - Bot heartbeat. PID=2390, version='2026.7', state='RUNNING'
2026-09-27 13:23:53,389 - freqtrade.worker - INFO - Bot heartbeat. PID=2390, version='2026.7', state='RUNNING'
2026-09-27 13:24:53,392 - freqtrade.worker - INFO - Bot heartbeat. PID=2390, version='2026.7', state='RUNNING'
2026-09-27 13:25:53,395 - freqtrade.worker - INFO - Bot heartbeat. PID=2390, version='2026.7', state='RUNNING'
2026-09-27 13:26:53,398 - freqtrade.worker - INFO - Bot heartbeat. PID=2390, version='2026.7', state='RUNNING'
2026-09-27 13:27:53,400 - freqtrade.worker - INFO - Bot heartbeat. PID=2390, version='2026.7', state='RUNNING'
2026-09-27 13:28:53,403 - freqtrade.worker - INFO - Bot heartbeat. PID=2390, version='2026.7', state='RUNNING'
2026-09-27 13:29:53,405 - freqtrade.worker - INFO - Bot heartbeat. PID=2390, version='2026.7', state='RUNNING'
2026-09-27 13:30:53,408 - freqtrade.worker - INFO - Bot heartbeat. PID=2390, version='2026.7', state='RUNNING'
2026-09-27 13:31:04,420 - freqtrade.wallets - INFO - Wallets synced.
2026-09-27 13:31:53,411 - freqtrade.worker - INFO - Bot heartbeat. PID=2390, version='2026.7', state='RUNNING'
2026-09-27 13:32:53,414 - freqtrade.worker - INFO - Bot heartbeat. PID=2390, version='2026.7', state='RUNNING'
2026-09-27 13:33:53,417 - freqtrade.worker - INFO - Bot heartbeat. PID=2390, version='2026.7', state='RUNNING'
2026-09-27 13:34:53,420 - freqtrade.worker - INFO - Bot heartbeat. PID=2390, version='2026.7', state='RUNNING'
2026-09-27 13:35:53,422 - freqtrade.worker - INFO - Bot heartbeat. PID=2390, version='2026.7', state='RUNNING'
2026-09-27 13:36:53,425 - freqtrade.worker - INFO - Bot heartbeat. PID=2390, version='2026.7', state='RUNNING'
2026-09-27 13:37:53,427 - freqtrade.worker - INFO - Bot heartbeat. PID=2390, version='2026.7', state='RUNNING'
2026-09-27 13:38:53,430 - freqtrade.worker - INFO - Bot heartbeat. PID=2390, version='2026.7', state='RUNNING'
2026-09-27 13:39:53,432 - freqtrade.worker - INFO - Bot heartbeat. PID=2390, version='2026.7', state='RUNNING'
2026-09-27 13:40:53,435 - freqtrade.worker - INFO - Bot heartbeat. PID=2390, version='2026.7', state='RUNNING'
2026-09-27 13:41:53,438 - freqtrade.worker - INFO - Bot heartbeat. PID=2390, version='2026.7', state='RUNNING'
2026-09-27 13:42:53,441 - freqtrade.worker - INFO - Bot heartbeat. PID=2390, version='2026.7', state='RUNNING'
2026-09-27 13:43:53,443 - freqtrade.worker - INFO - Bot heartbeat. PID=2390, version='2026.7', state='RUNNING'
2026-09-27 13:44:53,446 - freqtrade.worker - INFO - Bot heartbeat. PID=2390, version='2026.7', state='RUNNING'
2026-09-27 13:45:53,448 - freqtrade.worker - INFO - Bot heartbeat. PID=2390, version='2026.7', state='RUNNING'
2026-09-27 13:46:53,451 - freqtrade.worker - INFO - Bot heartbeat. PID=2390, version='2026.7', state='RUNNING'
2026-09-27 13:47:53,454 - freqtrade.worker - INFO - Bot heartbeat. PID=2390, version='2026.7', state='RUNNING'
2026-09-27 13:48:53,457 - freqtrade.worker - INFO - Bot heartbeat. PID=2390, version='2026.7', state='RUNNING'
2026-09-27 13:49:53,459 - freqtrade.worker - INFO - Bot heartbeat. PID=2390, version='2026.7', state='RUNNING'
2026-09-27 13:50:53,462 - freqtrade.worker - INFO - Bot heartbeat. PID=2390, version='2026.7', state='RUNNING'
2026-09-27 13:51:53,465 - freqtrade.worker - INFO - Bot heartbeat. PID=2390, version='2026.7', state='RUNNING'
2026-09-27 13:52:53,467 - freqtrade.worker - INFO - Bot heartbeat. PID=2390, version='2026.7', state='RUNNING'
2026-09-27 13:53:53,470 - freqtrade.worker - INFO - Bot heartbeat. PID=2390, version='2026.7', state='RUNNING'
2026-09-27 13:54:53,473 - freqtrade.worker - INFO - Bot heartbeat. PID=2390, version='2026.7', state='RUNNING'
2026-09-27 13:55:53,475 - freqtrade.worker - INFO - Bot heartbeat. PID=2390, version='2026.7', state='RUNNING'
2026-09-27 13:56:53,478 - freqtrade.worker - INFO - Bot heartbeat. PID=2390, version='2026.7', state='RUNNING'
2026-09-27 13:57:53,481 - freqtrade.worker - INFO - Bot heartbeat. PID=2390, version='2026.7', state='RUNNING'
2026-09-27 13:58:53,483 - freqtrade.worker - INFO - Bot heartbeat. PID=2390, version='2026.7', state='RUNNING'
2026-09-27 13:59:53,486 - freqtrade.worker - INFO - Bot heartbeat. PID=2390, version='2026.7', state='RUNNING'
2026-09-27 14:00:56,001 - freqtrade.worker - INFO - Bot heartbeat. PID=2390, version='2026.7', state='RUNNING'
2026-09-27 14:01:06,972 - freqtrade.wallets - INFO - Wallets synced.
2026-09-27 14:01:56,004 - freqtrade.worker - INFO - Bot heartbeat. PID=2390, version='2026.7', state='RUNNING'
2026-09-27 14:02:56,007 - freqtrade.worker - INFO - Bot heartbeat. PID=2390, version='2026.7', state='RUNNING'
2026-09-27 14:03:56,010 - freqtrade.worker - INFO - Bot heartbeat. PID=2390, version='2026.7', state='RUNNING'
2026-09-27 14:04:56,013 - freqtrade.worker - INFO - Bot heartbeat. PID=2390, version='2026.7', state='RUNNING'
2026-09-27 14:05:56,015 - freqtrade.worker - INFO - Bot heartbeat. PID=2390, version='2026.7', state='RUNNING'
2026-09-27 14:06:56,018 - freqtrade.worker - INFO - Bot heartbeat. PID=2390, version='2026.7', state='RUNNING'
2026-09-27 14:08:20,405 - freqtrade.loggers - INFO - Enabling colorized output.
2026-09-27 14:08:20,405 - freqtrade.loggers - INFO - Logfile configured
2026-09-27 14:08:20,406 - freqtrade.loggers - INFO - Verbosity set to 0
2026-09-27 14:08:20,406 - freqtrade.configuration.configuration - INFO - Runmode set to dry_run.
2026-09-27 14:08:20,407 - freqtrade.configuration.configuration - INFO - Parameter --db-url detected ...
2026-09-27 14:08:20,407 - freqtrade.configuration.configuration - INFO - Dry run is enabled
2026-09-27 14:08:20,407 - freqtrade.configuration.configuration - INFO - Using DB: "sqlite:////home/runner/work/_temp/live_cloud.sqlite"
2026-09-27 14:08:20,408 - freqtrade.configuration.configuration - INFO - Using max_open_trades: 15 ...
2026-09-27 14:08:20,409 - freqtrade.configuration.configuration - INFO - Using user-data directory: user_data ...
2026-09-27 14:08:20,409 - freqtrade.configuration.directory_operations - INFO - Created data directory: None
2026-09-27 14:08:20,410 - freqtrade.configuration.configuration - INFO - Using data directory: user_data/data/gate ...
2026-09-27 14:08:20,410 - freqtrade.exchange.check_exchange - INFO - Checking exchange...
2026-09-27 14:08:20,417 - freqtrade.exchange.check_exchange - INFO - Exchange "gate" is officially supported by the Freqtrade development team.
2026-09-27 14:08:20,417 - freqtrade.configuration.configuration - INFO - Using pairlist from configuration.
2026-09-27 14:08:20,418 - freqtrade.exchange.exchange - INFO - Instance is running with dry_run enabled
2026-09-27 14:08:20,418 - freqtrade.exchange.exchange - INFO - Using CCXT 4.5.84
2026-09-27 14:08:20,419 - freqtrade.exchange.exchange - INFO - Applying additional ccxt config: {'options': {'defaultType': 'swap'}}
2026-09-27 14:08:20,421 - freqtrade.exchange.exchange - INFO - Applying additional ccxt config: {'options': {'defaultType': 'swap'}}
2026-09-27 14:08:20,424 - freqtrade.exchange.exchange - INFO - Using Exchange "Gate"
2026-09-27 14:08:29,410 - freqtrade.resolvers.exchange_resolver - INFO - Using resolved exchange class 'Gate' ...
2026-09-27 14:08:29,423 - freqtrade.resolvers.iresolver - INFO - Using resolved strategy HourlyTrend from '/home/runner/work/hourly-bot/hourly-bot/user_data/strategies/HourlyTrend.py'...
2026-09-27 14:08:29,424 - freqtrade.strategy.hyper - INFO - Found no parameter file.
2026-09-27 14:08:29,425 - freqtrade.resolvers.strategy_resolver - INFO - Override strategy 'timeframe' with value from the configuration: 1h.
2026-09-27 14:08:29,425 - freqtrade.resolvers.strategy_resolver - INFO - Override strategy 'order_types' with value from the configuration: {'entry': 'limit', 'exit': 'limit', 'stoploss': 'limit', 'stoploss_on_exchange': False}.
2026-09-27 14:08:29,425 - freqtrade.resolvers.strategy_resolver - INFO - Override strategy 'stake_currency' with value from the configuration: USDT.
2026-09-27 14:08:29,426 - freqtrade.resolvers.strategy_resolver - INFO - Override strategy 'stake_amount' with value from the configuration: unlimited.
2026-09-27 14:08:29,426 - freqtrade.resolvers.strategy_resolver - INFO - Override strategy 'unfilledtimeout' with value from the configuration: {'entry': 5, 'exit': 5, 'exit_timeout_count': 0, 'unit': 'minutes'}.
2026-09-27 14:08:29,427 - freqtrade.resolvers.strategy_resolver - INFO - Override strategy 'max_open_trades' with value from the configuration: 15.
2026-09-27 14:08:29,427 - freqtrade.resolvers.strategy_resolver - INFO - Strategy using minimal_roi: {'0': 100.0}
2026-09-27 14:08:29,427 - freqtrade.resolvers.strategy_resolver - INFO - Strategy using timeframe: 1h
2026-09-27 14:08:29,428 - freqtrade.resolvers.strategy_resolver - INFO - Strategy using stoploss: -0.6
2026-09-27 14:08:29,428 - freqtrade.resolvers.strategy_resolver - INFO - Strategy using trailing_stop: False
2026-09-27 14:08:29,428 - freqtrade.resolvers.strategy_resolver - INFO - Strategy using trailing_stop_positive_offset: 0.0
2026-09-27 14:08:29,429 - freqtrade.resolvers.strategy_resolver - INFO - Strategy using trailing_only_offset_is_reached: False
2026-09-27 14:08:29,429 - freqtrade.resolvers.strategy_resolver - INFO - Strategy using use_custom_stoploss: True
2026-09-27 14:08:29,429 - freqtrade.resolvers.strategy_resolver - INFO - Strategy using process_only_new_candles: True
2026-09-27 14:08:29,430 - freqtrade.resolvers.strategy_resolver - INFO - Strategy using order_types: {'entry': 'limit', 'exit': 'limit', 'stoploss': 'limit', 'stoploss_on_exchange': False}
2026-09-27 14:08:29,430 - freqtrade.resolvers.strategy_resolver - INFO - Strategy using order_time_in_force: {'entry': 'GTC', 'exit': 'GTC'}
2026-09-27 14:08:29,430 - freqtrade.resolvers.strategy_resolver - INFO - Strategy using stake_currency: USDT
2026-09-27 14:08:29,431 - freqtrade.resolvers.strategy_resolver - INFO - Strategy using stake_amount: unlimited
2026-09-27 14:08:29,431 - freqtrade.resolvers.strategy_resolver - INFO - Strategy using startup_candle_count: 800
2026-09-27 14:08:29,431 - freqtrade.resolvers.strategy_resolver - INFO - Strategy using unfilledtimeout: {'entry': 5, 'exit': 5, 'exit_timeout_count': 0, 'unit': 'minutes'}
2026-09-27 14:08:29,432 - freqtrade.resolvers.strategy_resolver - INFO - Strategy using use_exit_signal: False
2026-09-27 14:08:29,432 - freqtrade.resolvers.strategy_resolver - INFO - Strategy using exit_profit_only: False
2026-09-27 14:08:29,432 - freqtrade.resolvers.strategy_resolver - INFO - Strategy using ignore_roi_if_entry_signal: False
2026-09-27 14:08:29,433 - freqtrade.resolvers.strategy_resolver - INFO - Strategy using exit_profit_offset: 0.0
2026-09-27 14:08:29,433 - freqtrade.resolvers.strategy_resolver - INFO - Strategy using disable_dataframe_checks: False
2026-09-27 14:08:29,433 - freqtrade.resolvers.strategy_resolver - INFO - Strategy using ignore_buying_expired_candle_after: 0
2026-09-27 14:08:29,434 - freqtrade.resolvers.strategy_resolver - INFO - Strategy using position_adjustment_enable: False
2026-09-27 14:08:29,434 - freqtrade.resolvers.strategy_resolver - INFO - Strategy using max_entry_position_adjustment: -1
2026-09-27 14:08:29,434 - freqtrade.resolvers.strategy_resolver - INFO - Strategy using max_open_trades: 15
2026-09-27 14:08:29,435 - freqtrade.configuration.config_validation - INFO - Validating configuration ...
2026-09-27 14:08:29,474 - freqtrade.wallets - INFO - Wallets synced.
2026-09-27 14:08:29,551 - freqtrade.rpc.rpc_manager - INFO - Enabling rpc.api_server
2026-09-27 14:08:29,713 - freqtrade.rpc.api_server.webserver - INFO - Starting HTTP Server at 127.0.0.1:8080
2026-09-27 14:08:29,714 - freqtrade.rpc.api_server.webserver - INFO - Starting Local Rest Server.
2026-09-27 14:08:29,733 - uvicorn.error - INFO - Started server process [2363]
2026-09-27 14:08:29,733 - uvicorn.error - INFO - Waiting for application startup.
2026-09-27 14:08:29,734 - uvicorn.error - INFO - Application startup complete.
2026-09-27 14:08:29,734 - uvicorn.error - INFO - Uvicorn running on http://127.0.0.1:8080 (Press CTRL+C to quit)
2026-09-27 14:08:29,737 - freqtrade.resolvers.iresolver - INFO - Using resolved pairlist StaticPairList from '/opt/hostedtoolcache/Python/3.12.14/x64/lib/python3.12/site-packages/freqtrade/plugins/pairlist/StaticPairList.py'...
2026-09-27 14:08:29,738 - freqtrade.freqtradebot - INFO - Starting initial pairlist refresh
2026-09-27 14:08:29,801 - freqtrade.plugins.pairlistmanager - INFO - Whitelist with 47 pairs: ['BTC/USDT:USDT', 'ETH/USDT:USDT', 'BNB/USDT:USDT', 'SOL/USDT:USDT', 'ADA/USDT:USDT', 'DOGE/USDT:USDT', 'AVAX/USDT:USDT', 'DOT/USDT:USDT', 'LINK/USDT:USDT', 'LTC/USDT:USDT', 'BCH/USDT:USDT', 'ATOM/USDT:USDT', 'UNI/USDT:USDT', 'ETC/USDT:USDT', 'NEAR/USDT:USDT', 'ALGO/USDT:USDT', 'FIL/USDT:USDT', 'ICP/USDT:USDT', 'HBAR/USDT:USDT', 'APE/USDT:USDT', 'SAND/USDT:USDT', 'MANA/USDT:USDT', 'AXS/USDT:USDT', 'THETA/USDT:USDT', 'AAVE/USDT:USDT', 'GRT/USDT:USDT', 'CHZ/USDT:USDT', 'ENJ/USDT:USDT', 'CRV/USDT:USDT', 'COMP/USDT:USDT', 'DASH/USDT:USDT', 'QTUM/USDT:USDT', 'IOTA/USDT:USDT', 'ONT/USDT:USDT', 'BAT/USDT:USDT', 'RVN/USDT:USDT', 'KSM/USDT:USDT', 'EGLD/USDT:USDT', 'GALA/USDT:USDT', 'CELO/USDT:USDT', 'SUSHI/USDT:USDT', 'SNX/USDT:USDT', 'LRC/USDT:USDT', 'STORJ/USDT:USDT', 'ANKR/USDT:USDT', 'SKL/USDT:USDT', 'BAND/USDT:USDT']
2026-09-27 14:08:29,802 - freqtrade.freqtradebot - INFO - Initial Pairlist refresh took 0.06s
2026-09-27 14:08:29,803 - freqtrade.strategy.hyper - INFO - No params for buy found, using default values.
2026-09-27 14:08:29,804 - freqtrade.strategy.hyper - INFO - Strategy Parameter(default): adx_floor = 20
2026-09-27 14:08:29,804 - freqtrade.strategy.hyper - INFO - Strategy Parameter(default): breakout_hours = 72
2026-09-27 14:08:29,804 - freqtrade.strategy.hyper - INFO - Strategy Parameter(default): ema_fast = 50
2026-09-27 14:08:29,805 - freqtrade.strategy.hyper - INFO - Strategy Parameter(default): ema_slow = 200
2026-09-27 14:08:29,805 - freqtrade.strategy.hyper - INFO - Strategy Parameter(default): rsi_long_max = 78
2026-09-27 14:08:29,805 - freqtrade.strategy.hyper - INFO - Strategy Parameter(default): rsi_short_min = 22
2026-09-27 14:08:29,806 - freqtrade.strategy.hyper - INFO - No params for sell found, using default values.
2026-09-27 14:08:29,806 - freqtrade.strategy.hyper - INFO - Strategy Parameter(default): initial_stop_atr = 2.0
2026-09-27 14:08:29,806 - freqtrade.strategy.hyper - INFO - Strategy Parameter(default): risk_per_trade = 0.01
2026-09-27 14:08:29,807 - freqtrade.strategy.hyper - INFO - Strategy Parameter(default): trail_atr = 6.0
2026-09-27 14:08:29,808 - freqtrade.resolvers.iresolver - INFO - Using resolved protection CooldownPeriod from '/opt/hostedtoolcache/Python/3.12.14/x64/lib/python3.12/site-packages/freqtrade/plugins/protections/cooldown_period.py'...
2026-09-27 14:08:29,809 - freqtrade.resolvers.iresolver - INFO - Using resolved protection MaxDrawdown from '/opt/hostedtoolcache/Python/3.12.14/x64/lib/python3.12/site-packages/freqtrade/plugins/protections/max_drawdown_protection.py'...
2026-09-27 14:08:29,811 - freqtrade.resolvers.iresolver - INFO - Using resolved protection StoplossGuard from '/opt/hostedtoolcache/Python/3.12.14/x64/lib/python3.12/site-packages/freqtrade/plugins/protections/stoploss_guard.py'...
2026-09-27 14:08:29,811 - freqtrade.rpc.rpc_manager - INFO - Sending rpc message: {'type': status, 'status': 'running'}
2026-09-27 14:08:29,812 - freqtrade.worker - INFO - Changing state to: RUNNING
2026-09-27 14:08:29,819 - freqtrade.rpc.rpc_manager - INFO - Sending rpc message: {'type': warning, 'status': 'Dry run is enabled. All trades are simulated.'}
2026-09-27 14:08:29,820 - freqtrade.rpc.rpc_manager - INFO - Sending rpc message: {'type': startup, 'status': "*Exchange:* `gate`\n*Stake per trade:* `unlimited USDT`\n*Minimum ROI:* `{'0': 100.0}`\n*Stoploss:* `-0.6`\n*Position adjustment:* `Off`\n*Timeframe:* `1h`\n*Strategy:* `HourlyTrend`"}
2026-09-27 14:08:29,820 - freqtrade.rpc.rpc_manager - INFO - Sending rpc message: {'type': startup, 'status': "Searching for USDT pairs to buy and sell based on [{'StaticPairList': 'StaticPairList'}]"}
2026-09-27 14:08:29,821 - freqtrade.rpc.rpc_manager - INFO - Sending rpc message: {'type': startup, 'status': 'Using Protections: \nCooldownPeriod - Cooldown period for 2 candles.\nMaxDrawdown - Max drawdown protection, stop trading if drawdown is > 0.15 within 168 candles.\nStoplossGuard - Frequent Stoploss Guard, 6 stoplosses with profit < 0.00% within 24 candles.'}
2026-09-27 14:08:29,824 - freqtrade.persistence.trade_model - INFO - Found open trade: Trade(id=51, pair=MANA/USDT:USDT, amount=79.7, is_short=False, leverage=10, open_rate=0.09099, open_since=2026-09-25 07:00:04)
2026-09-27 14:08:34,084 - freqtrade.freqtradebot - INFO - Global pairlock active until 2026-09-27 21:00:00. Not creating new trades, reason: 2.5574590656685197 passed 0.15 in 168 candles, locking for 24 candles..
2026-09-27 14:08:35,118 - freqtrade.worker - INFO - Bot heartbeat. PID=2363, version='2026.7', state='RUNNING'
2026-09-27 14:09:35,121 - freqtrade.worker - INFO - Bot heartbeat. PID=2363, version='2026.7', state='RUNNING'
2026-09-27 14:10:35,124 - freqtrade.worker - INFO - Bot heartbeat. PID=2363, version='2026.7', state='RUNNING'
2026-09-27 14:11:35,127 - freqtrade.worker - INFO - Bot heartbeat. PID=2363, version='2026.7', state='RUNNING'
2026-09-27 14:12:35,130 - freqtrade.worker - INFO - Bot heartbeat. PID=2363, version='2026.7', state='RUNNING'
2026-09-27 14:13:35,133 - freqtrade.worker - INFO - Bot heartbeat. PID=2363, version='2026.7', state='RUNNING'
2026-09-27 14:14:35,136 - freqtrade.worker - INFO - Bot heartbeat. PID=2363, version='2026.7', state='RUNNING'
2026-09-27 14:15:35,139 - freqtrade.worker - INFO - Bot heartbeat. PID=2363, version='2026.7', state='RUNNING'
2026-09-27 14:16:35,142 - freqtrade.worker - INFO - Bot heartbeat. PID=2363, version='2026.7', state='RUNNING'
2026-09-27 14:17:35,145 - freqtrade.worker - INFO - Bot heartbeat. PID=2363, version='2026.7', state='RUNNING'
2026-09-27 14:18:35,148 - freqtrade.worker - INFO - Bot heartbeat. PID=2363, version='2026.7', state='RUNNING'
2026-09-27 14:19:35,150 - freqtrade.worker - INFO - Bot heartbeat. PID=2363, version='2026.7', state='RUNNING'
2026-09-27 14:20:35,153 - freqtrade.worker - INFO - Bot heartbeat. PID=2363, version='2026.7', state='RUNNING'
2026-09-27 14:21:35,156 - freqtrade.worker - INFO - Bot heartbeat. PID=2363, version='2026.7', state='RUNNING'
2026-09-27 14:22:35,159 - freqtrade.worker - INFO - Bot heartbeat. PID=2363, version='2026.7', state='RUNNING'
2026-09-27 14:23:35,162 - freqtrade.worker - INFO - Bot heartbeat. PID=2363, version='2026.7', state='RUNNING'
2026-09-27 14:24:35,164 - freqtrade.worker - INFO - Bot heartbeat. PID=2363, version='2026.7', state='RUNNING'
2026-09-27 14:25:35,167 - freqtrade.worker - INFO - Bot heartbeat. PID=2363, version='2026.7', state='RUNNING'
2026-09-27 14:26:35,170 - freqtrade.worker - INFO - Bot heartbeat. PID=2363, version='2026.7', state='RUNNING'
2026-09-27 14:27:35,173 - freqtrade.worker - INFO - Bot heartbeat. PID=2363, version='2026.7', state='RUNNING'
2026-09-27 14:28:35,175 - freqtrade.worker - INFO - Bot heartbeat. PID=2363, version='2026.7', state='RUNNING'
2026-09-27 14:29:35,178 - freqtrade.worker - INFO - Bot heartbeat. PID=2363, version='2026.7', state='RUNNING'
2026-09-27 14:30:35,181 - freqtrade.worker - INFO - Bot heartbeat. PID=2363, version='2026.7', state='RUNNING'
2026-09-27 14:31:06,319 - freqtrade.wallets - INFO - Wallets synced.
2026-09-27 14:31:35,184 - freqtrade.worker - INFO - Bot heartbeat. PID=2363, version='2026.7', state='RUNNING'
2026-09-27 14:32:35,187 - freqtrade.worker - INFO - Bot heartbeat. PID=2363, version='2026.7', state='RUNNING'
2026-09-27 14:33:35,190 - freqtrade.worker - INFO - Bot heartbeat. PID=2363, version='2026.7', state='RUNNING'
2026-09-27 14:34:35,193 - freqtrade.worker - INFO - Bot heartbeat. PID=2363, version='2026.7', state='RUNNING'
2026-09-27 14:35:35,195 - freqtrade.worker - INFO - Bot heartbeat. PID=2363, version='2026.7', state='RUNNING'
2026-09-27 14:36:35,198 - freqtrade.worker - INFO - Bot heartbeat. PID=2363, version='2026.7', state='RUNNING'
2026-09-27 14:37:35,201 - freqtrade.worker - INFO - Bot heartbeat. PID=2363, version='2026.7', state='RUNNING'
2026-09-27 14:38:35,204 - freqtrade.worker - INFO - Bot heartbeat. PID=2363, version='2026.7', state='RUNNING'
2026-09-27 14:39:35,207 - freqtrade.worker - INFO - Bot heartbeat. PID=2363, version='2026.7', state='RUNNING'
2026-09-27 14:40:35,209 - freqtrade.worker - INFO - Bot heartbeat. PID=2363, version='2026.7', state='RUNNING'
2026-09-27 14:41:35,212 - freqtrade.worker - INFO - Bot heartbeat. PID=2363, version='2026.7', state='RUNNING'
2026-09-27 14:42:35,215 - freqtrade.worker - INFO - Bot heartbeat. PID=2363, version='2026.7', state='RUNNING'
2026-09-27 14:43:35,218 - freqtrade.worker - INFO - Bot heartbeat. PID=2363, version='2026.7', state='RUNNING'
2026-09-27 14:44:35,220 - freqtrade.worker - INFO - Bot heartbeat. PID=2363, version='2026.7', state='RUNNING'
2026-09-27 14:45:35,223 - freqtrade.worker - INFO - Bot heartbeat. PID=2363, version='2026.7', state='RUNNING'
2026-09-27 14:46:35,226 - freqtrade.worker - INFO - Bot heartbeat. PID=2363, version='2026.7', state='RUNNING'
2026-09-27 14:47:35,229 - freqtrade.worker - INFO - Bot heartbeat. PID=2363, version='2026.7', state='RUNNING'
2026-09-27 14:48:35,232 - freqtrade.worker - INFO - Bot heartbeat. PID=2363, version='2026.7', state='RUNNING'
2026-09-27 14:49:35,235 - freqtrade.worker - INFO - Bot heartbeat. PID=2363, version='2026.7', state='RUNNING'
2026-09-27 14:50:35,238 - freqtrade.worker - INFO - Bot heartbeat. PID=2363, version='2026.7', state='RUNNING'
2026-09-27 14:51:35,241 - freqtrade.worker - INFO - Bot heartbeat. PID=2363, version='2026.7', state='RUNNING'
2026-09-27 14:52:35,244 - freqtrade.worker - INFO - Bot heartbeat. PID=2363, version='2026.7', state='RUNNING'
2026-09-27 14:53:35,247 - freqtrade.worker - INFO - Bot heartbeat. PID=2363, version='2026.7', state='RUNNING'
2026-09-27 14:54:35,250 - freqtrade.worker - INFO - Bot heartbeat. PID=2363, version='2026.7', state='RUNNING'
2026-09-27 14:55:35,253 - freqtrade.worker - INFO - Bot heartbeat. PID=2363, version='2026.7', state='RUNNING'
2026-09-27 14:56:35,256 - freqtrade.worker - INFO - Bot heartbeat. PID=2363, version='2026.7', state='RUNNING'
2026-09-27 14:57:35,259 - freqtrade.worker - INFO - Bot heartbeat. PID=2363, version='2026.7', state='RUNNING'
2026-09-27 14:58:35,262 - freqtrade.worker - INFO - Bot heartbeat. PID=2363, version='2026.7', state='RUNNING'
2026-09-27 14:59:35,265 - freqtrade.worker - INFO - Bot heartbeat. PID=2363, version='2026.7', state='RUNNING'
2026-09-27 15:00:36,001 - freqtrade.worker - INFO - Bot heartbeat. PID=2363, version='2026.7', state='RUNNING'
2026-09-27 15:01:07,176 - freqtrade.wallets - INFO - Wallets synced.
2026-09-27 15:01:36,004 - freqtrade.worker - INFO - Bot heartbeat. PID=2363, version='2026.7', state='RUNNING'
2026-09-27 15:02:36,007 - freqtrade.worker - INFO - Bot heartbeat. PID=2363, version='2026.7', state='RUNNING'
2026-09-27 15:03:36,010 - freqtrade.worker - INFO - Bot heartbeat. PID=2363, version='2026.7', state='RUNNING'
2026-09-27 15:04:36,013 - freqtrade.worker - INFO - Bot heartbeat. PID=2363, version='2026.7', state='RUNNING'
2026-09-27 15:05:36,016 - freqtrade.worker - INFO - Bot heartbeat. PID=2363, version='2026.7', state='RUNNING'
2026-09-27 15:06:36,019 - freqtrade.worker - INFO - Bot heartbeat. PID=2363, version='2026.7', state='RUNNING'
2026-09-27 15:07:36,022 - freqtrade.worker - INFO - Bot heartbeat. PID=2363, version='2026.7', state='RUNNING'
2026-09-27 15:08:37,648 - freqtrade.plugins.pairlistmanager - INFO - Whitelist with 47 pairs: ['BTC/USDT:USDT', 'ETH/USDT:USDT', 'BNB/USDT:USDT', 'SOL/USDT:USDT', 'ADA/USDT:USDT', 'DOGE/USDT:USDT', 'AVAX/USDT:USDT', 'DOT/USDT:USDT', 'LINK/USDT:USDT', 'LTC/USDT:USDT', 'BCH/USDT:USDT', 'ATOM/USDT:USDT', 'UNI/USDT:USDT', 'ETC/USDT:USDT', 'NEAR/USDT:USDT', 'ALGO/USDT:USDT', 'FIL/USDT:USDT', 'ICP/USDT:USDT', 'HBAR/USDT:USDT', 'APE/USDT:USDT', 'SAND/USDT:USDT', 'MANA/USDT:USDT', 'AXS/USDT:USDT', 'THETA/USDT:USDT', 'AAVE/USDT:USDT', 'GRT/USDT:USDT', 'CHZ/USDT:USDT', 'ENJ/USDT:USDT', 'CRV/USDT:USDT', 'COMP/USDT:USDT', 'DASH/USDT:USDT', 'QTUM/USDT:USDT', 'IOTA/USDT:USDT', 'ONT/USDT:USDT', 'BAT/USDT:USDT', 'RVN/USDT:USDT', 'KSM/USDT:USDT', 'EGLD/USDT:USDT', 'GALA/USDT:USDT', 'CELO/USDT:USDT', 'SUSHI/USDT:USDT', 'SNX/USDT:USDT', 'LRC/USDT:USDT', 'STORJ/USDT:USDT', 'ANKR/USDT:USDT', 'SKL/USDT:USDT', 'BAND/USDT:USDT']
2026-09-27 15:08:38,428 - freqtrade.freqtradebot - INFO - Global pairlock active until 2026-09-27 21:00:00. Not creating new trades, reason: 2.5574590656685197 passed 0.15 in 168 candles, locking for 24 candles..
2026-09-27 15:08:38,429 - freqtrade.worker - INFO - Bot heartbeat. PID=2363, version='2026.7', state='RUNNING'
2026-09-27 15:09:38,431 - freqtrade.worker - INFO - Bot heartbeat. PID=2363, version='2026.7', state='RUNNING'
2026-09-27 15:10:38,434 - freqtrade.worker - INFO - Bot heartbeat. PID=2363, version='2026.7', state='RUNNING'
2026-09-27 15:11:38,437 - freqtrade.worker - INFO - Bot heartbeat. PID=2363, version='2026.7', state='RUNNING'
2026-09-27 15:12:38,440 - freqtrade.worker - INFO - Bot heartbeat. PID=2363, version='2026.7', state='RUNNING'
2026-09-27 15:13:38,444 - freqtrade.worker - INFO - Bot heartbeat. PID=2363, version='2026.7', state='RUNNING'
2026-09-27 15:14:38,447 - freqtrade.worker - INFO - Bot heartbeat. PID=2363, version='2026.7', state='RUNNING'
2026-09-27 15:15:38,450 - freqtrade.worker - INFO - Bot heartbeat. PID=2363, version='2026.7', state='RUNNING'
2026-09-27 15:16:38,453 - freqtrade.worker - INFO - Bot heartbeat. PID=2363, version='2026.7', state='RUNNING'
2026-09-27 15:17:38,456 - freqtrade.worker - INFO - Bot heartbeat. PID=2363, version='2026.7', state='RUNNING'
2026-09-27 15:18:38,459 - freqtrade.worker - INFO - Bot heartbeat. PID=2363, version='2026.7', state='RUNNING'
2026-09-27 15:19:38,462 - freqtrade.worker - INFO - Bot heartbeat. PID=2363, version='2026.7', state='RUNNING'
2026-09-27 15:20:38,465 - freqtrade.worker - INFO - Bot heartbeat. PID=2363, version='2026.7', state='RUNNING'
2026-09-27 15:21:38,468 - freqtrade.worker - INFO - Bot heartbeat. PID=2363, version='2026.7', state='RUNNING'
2026-09-27 15:22:38,471 - freqtrade.worker - INFO - Bot heartbeat. PID=2363, version='2026.7', state='RUNNING'
2026-09-27 15:23:38,474 - freqtrade.worker - INFO - Bot heartbeat. PID=2363, version='2026.7', state='RUNNING'
2026-09-27 15:24:38,477 - freqtrade.worker - INFO - Bot heartbeat. PID=2363, version='2026.7', state='RUNNING'
2026-09-27 15:25:38,480 - freqtrade.worker - INFO - Bot heartbeat. PID=2363, version='2026.7', state='RUNNING'
2026-09-27 15:26:38,483 - freqtrade.worker - INFO - Bot heartbeat. PID=2363, version='2026.7', state='RUNNING'
2026-09-27 15:27:38,486 - freqtrade.worker - INFO - Bot heartbeat. PID=2363, version='2026.7', state='RUNNING'
2026-09-27 15:28:38,488 - freqtrade.worker - INFO - Bot heartbeat. PID=2363, version='2026.7', state='RUNNING'
2026-09-27 15:29:38,491 - freqtrade.worker - INFO - Bot heartbeat. PID=2363, version='2026.7', state='RUNNING'
2026-09-27 15:30:38,494 - freqtrade.worker - INFO - Bot heartbeat. PID=2363, version='2026.7', state='RUNNING'
2026-09-27 15:31:04,667 - freqtrade.wallets - INFO - Wallets synced.
2026-09-27 15:31:38,497 - freqtrade.worker - INFO - Bot heartbeat. PID=2363, version='2026.7', state='RUNNING'
2026-09-27 15:32:38,500 - freqtrade.worker - INFO - Bot heartbeat. PID=2363, version='2026.7', state='RUNNING'
2026-09-27 15:33:38,503 - freqtrade.worker - INFO - Bot heartbeat. PID=2363, version='2026.7', state='RUNNING'
2026-09-27 15:34:38,506 - freqtrade.worker - INFO - Bot heartbeat. PID=2363, version='2026.7', state='RUNNING'
2026-09-27 15:35:38,509 - freqtrade.worker - INFO - Bot heartbeat. PID=2363, version='2026.7', state='RUNNING'
2026-09-27 15:36:38,511 - freqtrade.worker - INFO - Bot heartbeat. PID=2363, version='2026.7', state='RUNNING'
2026-09-27 15:37:38,514 - freqtrade.worker - INFO - Bot heartbeat. PID=2363, version='2026.7', state='RUNNING'
2026-09-27 15:38:38,517 - freqtrade.worker - INFO - Bot heartbeat. PID=2363, version='2026.7', state='RUNNING'
2026-09-27 15:39:38,520 - freqtrade.worker - INFO - Bot heartbeat. PID=2363, version='2026.7', state='RUNNING'
2026-09-27 15:40:38,523 - freqtrade.worker - INFO - Bot heartbeat. PID=2363, version='2026.7', state='RUNNING'
2026-09-27 15:41:38,526 - freqtrade.worker - INFO - Bot heartbeat. PID=2363, version='2026.7', state='RUNNING'
2026-09-27 15:42:38,530 - freqtrade.worker - INFO - Bot heartbeat. PID=2363, version='2026.7', state='RUNNING'
2026-09-27 15:43:38,533 - freqtrade.worker - INFO - Bot heartbeat. PID=2363, version='2026.7', state='RUNNING'
2026-09-27 15:44:38,535 - freqtrade.worker - INFO - Bot heartbeat. PID=2363, version='2026.7', state='RUNNING'
2026-09-27 15:45:38,538 - freqtrade.worker - INFO - Bot heartbeat. PID=2363, version='2026.7', state='RUNNING'
2026-09-27 15:46:38,541 - freqtrade.worker - INFO - Bot heartbeat. PID=2363, version='2026.7', state='RUNNING'
2026-09-27 15:47:38,544 - freqtrade.worker - INFO - Bot heartbeat. PID=2363, version='2026.7', state='RUNNING'
2026-09-27 15:48:38,547 - freqtrade.worker - INFO - Bot heartbeat. PID=2363, version='2026.7', state='RUNNING'
2026-09-27 15:49:38,550 - freqtrade.worker - INFO - Bot heartbeat. PID=2363, version='2026.7', state='RUNNING'
2026-09-27 15:50:38,552 - freqtrade.worker - INFO - Bot heartbeat. PID=2363, version='2026.7', state='RUNNING'
2026-09-27 15:51:38,555 - freqtrade.worker - INFO - Bot heartbeat. PID=2363, version='2026.7', state='RUNNING'
2026-09-27 15:52:38,558 - freqtrade.worker - INFO - Bot heartbeat. PID=2363, version='2026.7', state='RUNNING'
2026-09-27 15:53:38,561 - freqtrade.worker - INFO - Bot heartbeat. PID=2363, version='2026.7', state='RUNNING'
2026-09-27 15:54:38,564 - freqtrade.worker - INFO - Bot heartbeat. PID=2363, version='2026.7', state='RUNNING'
2026-09-27 15:55:38,567 - freqtrade.worker - INFO - Bot heartbeat. PID=2363, version='2026.7', state='RUNNING'
2026-09-27 15:56:38,569 - freqtrade.worker - INFO - Bot heartbeat. PID=2363, version='2026.7', state='RUNNING'
2026-09-27 15:57:38,572 - freqtrade.worker - INFO - Bot heartbeat. PID=2363, version='2026.7', state='RUNNING'
2026-09-27 15:58:38,575 - freqtrade.worker - INFO - Bot heartbeat. PID=2363, version='2026.7', state='RUNNING'
2026-09-27 15:59:38,578 - freqtrade.worker - INFO - Bot heartbeat. PID=2363, version='2026.7', state='RUNNING'
2026-09-27 16:00:41,001 - freqtrade.worker - INFO - Bot heartbeat. PID=2363, version='2026.7', state='RUNNING'
2026-09-27 16:01:07,132 - freqtrade.wallets - INFO - Wallets synced.
2026-09-27 16:01:41,004 - freqtrade.worker - INFO - Bot heartbeat. PID=2363, version='2026.7', state='RUNNING'
2026-09-27 16:02:41,007 - freqtrade.worker - INFO - Bot heartbeat. PID=2363, version='2026.7', state='RUNNING'
2026-09-27 16:03:41,010 - freqtrade.worker - INFO - Bot heartbeat. PID=2363, version='2026.7', state='RUNNING'
2026-09-27 16:04:41,013 - freqtrade.worker - INFO - Bot heartbeat. PID=2363, version='2026.7', state='RUNNING'
2026-09-27 16:05:41,016 - freqtrade.worker - INFO - Bot heartbeat. PID=2363, version='2026.7', state='RUNNING'
2026-09-27 16:06:41,020 - freqtrade.worker - INFO - Bot heartbeat. PID=2363, version='2026.7', state='RUNNING'
2026-09-27 16:07:41,023 - freqtrade.worker - INFO - Bot heartbeat. PID=2363, version='2026.7', state='RUNNING'
2026-09-27 16:08:41,026 - freqtrade.worker - INFO - Bot heartbeat. PID=2363, version='2026.7', state='RUNNING'
2026-09-27 16:08:48,787 - freqtrade.plugins.pairlistmanager - INFO - Whitelist with 47 pairs: ['BTC/USDT:USDT', 'ETH/USDT:USDT', 'BNB/USDT:USDT', 'SOL/USDT:USDT', 'ADA/USDT:USDT', 'DOGE/USDT:USDT', 'AVAX/USDT:USDT', 'DOT/USDT:USDT', 'LINK/USDT:USDT', 'LTC/USDT:USDT', 'BCH/USDT:USDT', 'ATOM/USDT:USDT', 'UNI/USDT:USDT', 'ETC/USDT:USDT', 'NEAR/USDT:USDT', 'ALGO/USDT:USDT', 'FIL/USDT:USDT', 'ICP/USDT:USDT', 'HBAR/USDT:USDT', 'APE/USDT:USDT', 'SAND/USDT:USDT', 'MANA/USDT:USDT', 'AXS/USDT:USDT', 'THETA/USDT:USDT', 'AAVE/USDT:USDT', 'GRT/USDT:USDT', 'CHZ/USDT:USDT', 'ENJ/USDT:USDT', 'CRV/USDT:USDT', 'COMP/USDT:USDT', 'DASH/USDT:USDT', 'QTUM/USDT:USDT', 'IOTA/USDT:USDT', 'ONT/USDT:USDT', 'BAT/USDT:USDT', 'RVN/USDT:USDT', 'KSM/USDT:USDT', 'EGLD/USDT:USDT', 'GALA/USDT:USDT', 'CELO/USDT:USDT', 'SUSHI/USDT:USDT', 'SNX/USDT:USDT', 'LRC/USDT:USDT', 'STORJ/USDT:USDT', 'ANKR/USDT:USDT', 'SKL/USDT:USDT', 'BAND/USDT:USDT']
2026-09-27 16:08:49,548 - freqtrade.freqtradebot - INFO - Global pairlock active until 2026-09-27 21:00:00. Not creating new trades, reason: 2.5574590656685197 passed 0.15 in 168 candles, locking for 24 candles..
2026-09-27 16:09:44,551 - freqtrade.worker - INFO - Bot heartbeat. PID=2363, version='2026.7', state='RUNNING'
2026-09-27 16:10:44,555 - freqtrade.worker - INFO - Bot heartbeat. PID=2363, version='2026.7', state='RUNNING'
2026-09-27 16:11:44,558 - freqtrade.worker - INFO - Bot heartbeat. PID=2363, version='2026.7', state='RUNNING'
2026-09-27 16:12:44,561 - freqtrade.worker - INFO - Bot heartbeat. PID=2363, version='2026.7', state='RUNNING'
2026-09-27 16:13:44,564 - freqtrade.worker - INFO - Bot heartbeat. PID=2363, version='2026.7', state='RUNNING'
2026-09-27 16:14:44,568 - freqtrade.worker - INFO - Bot heartbeat. PID=2363, version='2026.7', state='RUNNING'
2026-09-27 16:15:44,571 - freqtrade.worker - INFO - Bot heartbeat. PID=2363, version='2026.7', state='RUNNING'
2026-09-27 16:16:44,574 - freqtrade.worker - INFO - Bot heartbeat. PID=2363, version='2026.7', state='RUNNING'
2026-09-27 16:17:44,576 - freqtrade.worker - INFO - Bot heartbeat. PID=2363, version='2026.7', state='RUNNING'
2026-09-27 16:18:44,579 - freqtrade.worker - INFO - Bot heartbeat. PID=2363, version='2026.7', state='RUNNING'
2026-09-27 16:19:44,582 - freqtrade.worker - INFO - Bot heartbeat. PID=2363, version='2026.7', state='RUNNING'
2026-09-27 16:20:44,585 - freqtrade.worker - INFO - Bot heartbeat. PID=2363, version='2026.7', state='RUNNING'
2026-09-27 16:21:44,588 - freqtrade.worker - INFO - Bot heartbeat. PID=2363, version='2026.7', state='RUNNING'
2026-09-27 16:22:44,591 - freqtrade.worker - INFO - Bot heartbeat. PID=2363, version='2026.7', state='RUNNING'
2026-09-27 16:23:44,593 - freqtrade.worker - INFO - Bot heartbeat. PID=2363, version='2026.7', state='RUNNING'
2026-09-27 16:24:44,596 - freqtrade.worker - INFO - Bot heartbeat. PID=2363, version='2026.7', state='RUNNING'
2026-09-27 16:25:44,599 - freqtrade.worker - INFO - Bot heartbeat. PID=2363, version='2026.7', state='RUNNING'
2026-09-27 16:26:44,601 - freqtrade.worker - INFO - Bot heartbeat. PID=2363, version='2026.7', state='RUNNING'
2026-09-27 16:27:44,604 - freqtrade.worker - INFO - Bot heartbeat. PID=2363, version='2026.7', state='RUNNING'
2026-09-27 16:28:44,607 - freqtrade.worker - INFO - Bot heartbeat. PID=2363, version='2026.7', state='RUNNING'
2026-09-27 16:29:44,610 - freqtrade.worker - INFO - Bot heartbeat. PID=2363, version='2026.7', state='RUNNING'
2026-09-27 16:30:44,613 - freqtrade.worker - INFO - Bot heartbeat. PID=2363, version='2026.7', state='RUNNING'
2026-09-27 16:31:05,970 - freqtrade.wallets - INFO - Wallets synced.
2026-09-27 16:31:44,616 - freqtrade.worker - INFO - Bot heartbeat. PID=2363, version='2026.7', state='RUNNING'
2026-09-27 16:32:44,620 - freqtrade.worker - INFO - Bot heartbeat. PID=2363, version='2026.7', state='RUNNING'
2026-09-27 16:33:44,623 - freqtrade.worker - INFO - Bot heartbeat. PID=2363, version='2026.7', state='RUNNING'
2026-09-27 16:34:44,626 - freqtrade.worker - INFO - Bot heartbeat. PID=2363, version='2026.7', state='RUNNING'
2026-09-27 16:35:44,628 - freqtrade.worker - INFO - Bot heartbeat. PID=2363, version='2026.7', state='RUNNING'
2026-09-27 16:36:44,631 - freqtrade.worker - INFO - Bot heartbeat. PID=2363, version='2026.7', state='RUNNING'
2026-09-27 16:37:44,634 - freqtrade.worker - INFO - Bot heartbeat. PID=2363, version='2026.7', state='RUNNING'
2026-09-27 16:38:44,637 - freqtrade.worker - INFO - Bot heartbeat. PID=2363, version='2026.7', state='RUNNING'
2026-09-27 16:39:44,640 - freqtrade.worker - INFO - Bot heartbeat. PID=2363, version='2026.7', state='RUNNING'
2026-09-27 16:40:44,643 - freqtrade.worker - INFO - Bot heartbeat. PID=2363, version='2026.7', state='RUNNING'
2026-09-27 16:41:44,646 - freqtrade.worker - INFO - Bot heartbeat. PID=2363, version='2026.7', state='RUNNING'
2026-09-27 16:42:44,649 - freqtrade.worker - INFO - Bot heartbeat. PID=2363, version='2026.7', state='RUNNING'
2026-09-27 16:43:44,652 - freqtrade.worker - INFO - Bot heartbeat. PID=2363, version='2026.7', state='RUNNING'
2026-09-27 16:44:44,654 - freqtrade.worker - INFO - Bot heartbeat. PID=2363, version='2026.7', state='RUNNING'
2026-09-27 16:45:44,657 - freqtrade.worker - INFO - Bot heartbeat. PID=2363, version='2026.7', state='RUNNING'
2026-09-27 16:46:44,660 - freqtrade.worker - INFO - Bot heartbeat. PID=2363, version='2026.7', state='RUNNING'
2026-09-27 16:47:44,663 - freqtrade.worker - INFO - Bot heartbeat. PID=2363, version='2026.7', state='RUNNING'
2026-09-27 16:48:44,666 - freqtrade.worker - INFO - Bot heartbeat. PID=2363, version='2026.7', state='RUNNING'
2026-09-27 16:49:44,668 - freqtrade.worker - INFO - Bot heartbeat. PID=2363, version='2026.7', state='RUNNING'
2026-09-27 16:50:44,671 - freqtrade.worker - INFO - Bot heartbeat. PID=2363, version='2026.7', state='RUNNING'
2026-09-27 16:51:44,674 - freqtrade.worker - INFO - Bot heartbeat. PID=2363, version='2026.7', state='RUNNING'
2026-09-27 16:52:44,677 - freqtrade.worker - INFO - Bot heartbeat. PID=2363, version='2026.7', state='RUNNING'
2026-09-27 16:53:44,679 - freqtrade.worker - INFO - Bot heartbeat. PID=2363, version='2026.7', state='RUNNING'
2026-09-27 16:54:44,682 - freqtrade.worker - INFO - Bot heartbeat. PID=2363, version='2026.7', state='RUNNING'
2026-09-27 16:55:44,686 - freqtrade.worker - INFO - Bot heartbeat. PID=2363, version='2026.7', state='RUNNING'
2026-09-27 16:56:44,688 - freqtrade.worker - INFO - Bot heartbeat. PID=2363, version='2026.7', state='RUNNING'
2026-09-27 16:57:44,691 - freqtrade.worker - INFO - Bot heartbeat. PID=2363, version='2026.7', state='RUNNING'
2026-09-27 16:58:44,694 - freqtrade.worker - INFO - Bot heartbeat. PID=2363, version='2026.7', state='RUNNING'
2026-09-27 16:59:44,697 - freqtrade.worker - INFO - Bot heartbeat. PID=2363, version='2026.7', state='RUNNING'
2026-09-27 17:00:44,700 - freqtrade.worker - INFO - Bot heartbeat. PID=2363, version='2026.7', state='RUNNING'
2026-09-27 17:01:05,823 - freqtrade.wallets - INFO - Wallets synced.
2026-09-27 17:01:44,703 - freqtrade.worker - INFO - Bot heartbeat. PID=2363, version='2026.7', state='RUNNING'
2026-09-27 17:02:44,706 - freqtrade.worker - INFO - Bot heartbeat. PID=2363, version='2026.7', state='RUNNING'
2026-09-27 17:03:44,709 - freqtrade.worker - INFO - Bot heartbeat. PID=2363, version='2026.7', state='RUNNING'
2026-09-27 17:04:44,712 - freqtrade.worker - INFO - Bot heartbeat. PID=2363, version='2026.7', state='RUNNING'
2026-09-27 17:05:44,715 - freqtrade.worker - INFO - Bot heartbeat. PID=2363, version='2026.7', state='RUNNING'
2026-09-27 17:06:44,718 - freqtrade.worker - INFO - Bot heartbeat. PID=2363, version='2026.7', state='RUNNING'
2026-09-27 17:07:44,721 - freqtrade.worker - INFO - Bot heartbeat. PID=2363, version='2026.7', state='RUNNING'
2026-09-27 17:08:44,724 - freqtrade.worker - INFO - Bot heartbeat. PID=2363, version='2026.7', state='RUNNING'
2026-09-27 17:08:57,544 - freqtrade.plugins.pairlistmanager - INFO - Whitelist with 47 pairs: ['BTC/USDT:USDT', 'ETH/USDT:USDT', 'BNB/USDT:USDT', 'SOL/USDT:USDT', 'ADA/USDT:USDT', 'DOGE/USDT:USDT', 'AVAX/USDT:USDT', 'DOT/USDT:USDT', 'LINK/USDT:USDT', 'LTC/USDT:USDT', 'BCH/USDT:USDT', 'ATOM/USDT:USDT', 'UNI/USDT:USDT', 'ETC/USDT:USDT', 'NEAR/USDT:USDT', 'ALGO/USDT:USDT', 'FIL/USDT:USDT', 'ICP/USDT:USDT', 'HBAR/USDT:USDT', 'APE/USDT:USDT', 'SAND/USDT:USDT', 'MANA/USDT:USDT', 'AXS/USDT:USDT', 'THETA/USDT:USDT', 'AAVE/USDT:USDT', 'GRT/USDT:USDT', 'CHZ/USDT:USDT', 'ENJ/USDT:USDT', 'CRV/USDT:USDT', 'COMP/USDT:USDT', 'DASH/USDT:USDT', 'QTUM/USDT:USDT', 'IOTA/USDT:USDT', 'ONT/USDT:USDT', 'BAT/USDT:USDT', 'RVN/USDT:USDT', 'KSM/USDT:USDT', 'EGLD/USDT:USDT', 'GALA/USDT:USDT', 'CELO/USDT:USDT', 'SUSHI/USDT:USDT', 'SNX/USDT:USDT', 'LRC/USDT:USDT', 'STORJ/USDT:USDT', 'ANKR/USDT:USDT', 'SKL/USDT:USDT', 'BAND/USDT:USDT']
2026-09-27 17:08:58,377 - freqtrade.freqtradebot - INFO - Global pairlock active until 2026-09-27 21:00:00. Not creating new trades, reason: 2.5574590656685197 passed 0.15 in 168 candles, locking for 24 candles..
2026-09-27 17:09:48,380 - freqtrade.worker - INFO - Bot heartbeat. PID=2363, version='2026.7', state='RUNNING'
2026-09-27 17:10:48,383 - freqtrade.worker - INFO - Bot heartbeat. PID=2363, version='2026.7', state='RUNNING'
2026-09-27 17:11:48,386 - freqtrade.worker - INFO - Bot heartbeat. PID=2363, version='2026.7', state='RUNNING'
2026-09-27 17:12:48,389 - freqtrade.worker - INFO - Bot heartbeat. PID=2363, version='2026.7', state='RUNNING'
2026-09-27 17:13:48,392 - freqtrade.worker - INFO - Bot heartbeat. PID=2363, version='2026.7', state='RUNNING'
2026-09-27 17:14:48,395 - freqtrade.worker - INFO - Bot heartbeat. PID=2363, version='2026.7', state='RUNNING'
2026-09-27 17:15:48,398 - freqtrade.worker - INFO - Bot heartbeat. PID=2363, version='2026.7', state='RUNNING'
2026-09-27 17:16:48,401 - freqtrade.worker - INFO - Bot heartbeat. PID=2363, version='2026.7', state='RUNNING'
2026-09-27 17:17:48,404 - freqtrade.worker - INFO - Bot heartbeat. PID=2363, version='2026.7', state='RUNNING'
2026-09-27 17:18:48,406 - freqtrade.worker - INFO - Bot heartbeat. PID=2363, version='2026.7', state='RUNNING'
2026-09-27 17:19:48,409 - freqtrade.worker - INFO - Bot heartbeat. PID=2363, version='2026.7', state='RUNNING'
2026-09-27 17:20:48,412 - freqtrade.worker - INFO - Bot heartbeat. PID=2363, version='2026.7', state='RUNNING'
2026-09-27 17:21:48,415 - freqtrade.worker - INFO - Bot heartbeat. PID=2363, version='2026.7', state='RUNNING'
2026-09-27 17:22:48,418 - freqtrade.worker - INFO - Bot heartbeat. PID=2363, version='2026.7', state='RUNNING'
2026-09-27 17:23:48,421 - freqtrade.worker - INFO - Bot heartbeat. PID=2363, version='2026.7', state='RUNNING'
2026-09-27 17:24:48,423 - freqtrade.worker - INFO - Bot heartbeat. PID=2363, version='2026.7', state='RUNNING'
2026-09-27 17:25:48,426 - freqtrade.worker - INFO - Bot heartbeat. PID=2363, version='2026.7', state='RUNNING'
2026-09-27 17:26:48,429 - freqtrade.worker - INFO - Bot heartbeat. PID=2363, version='2026.7', state='RUNNING'
2026-09-27 17:27:48,432 - freqtrade.worker - INFO - Bot heartbeat. PID=2363, version='2026.7', state='RUNNING'
2026-09-27 17:28:48,435 - freqtrade.worker - INFO - Bot heartbeat. PID=2363, version='2026.7', state='RUNNING'
2026-09-27 17:29:48,438 - freqtrade.worker - INFO - Bot heartbeat. PID=2363, version='2026.7', state='RUNNING'
2026-09-27 17:30:48,441 - freqtrade.worker - INFO - Bot heartbeat. PID=2363, version='2026.7', state='RUNNING'
2026-09-27 17:31:04,595 - freqtrade.wallets - INFO - Wallets synced.
2026-09-27 17:31:48,444 - freqtrade.worker - INFO - Bot heartbeat. PID=2363, version='2026.7', state='RUNNING'
2026-09-27 17:32:48,447 - freqtrade.worker - INFO - Bot heartbeat. PID=2363, version='2026.7', state='RUNNING'
2026-09-27 17:33:48,450 - freqtrade.worker - INFO - Bot heartbeat. PID=2363, version='2026.7', state='RUNNING'
2026-09-27 17:34:48,453 - freqtrade.worker - INFO - Bot heartbeat. PID=2363, version='2026.7', state='RUNNING'
2026-09-27 17:35:48,456 - freqtrade.worker - INFO - Bot heartbeat. PID=2363, version='2026.7', state='RUNNING'
2026-09-27 17:36:48,459 - freqtrade.worker - INFO - Bot heartbeat. PID=2363, version='2026.7', state='RUNNING'
2026-09-27 17:37:48,462 - freqtrade.worker - INFO - Bot heartbeat. PID=2363, version='2026.7', state='RUNNING'
2026-09-27 17:38:48,465 - freqtrade.worker - INFO - Bot heartbeat. PID=2363, version='2026.7', state='RUNNING'
2026-09-27 17:39:48,468 - freqtrade.worker - INFO - Bot heartbeat. PID=2363, version='2026.7', state='RUNNING'
2026-09-27 17:40:48,471 - freqtrade.worker - INFO - Bot heartbeat. PID=2363, version='2026.7', state='RUNNING'
2026-09-27 17:41:48,474 - freqtrade.worker - INFO - Bot heartbeat. PID=2363, version='2026.7', state='RUNNING'
2026-09-27 17:42:48,477 - freqtrade.worker - INFO - Bot heartbeat. PID=2363, version='2026.7', state='RUNNING'
2026-09-27 17:43:48,480 - freqtrade.worker - INFO - Bot heartbeat. PID=2363, version='2026.7', state='RUNNING'
2026-09-27 17:44:48,483 - freqtrade.worker - INFO - Bot heartbeat. PID=2363, version='2026.7', state='RUNNING'
2026-09-27 17:45:48,486 - freqtrade.worker - INFO - Bot heartbeat. PID=2363, version='2026.7', state='RUNNING'
2026-09-27 17:46:48,489 - freqtrade.worker - INFO - Bot heartbeat. PID=2363, version='2026.7', state='RUNNING'
2026-09-27 17:47:48,492 - freqtrade.worker - INFO - Bot heartbeat. PID=2363, version='2026.7', state='RUNNING'
2026-09-27 17:48:48,494 - freqtrade.worker - INFO - Bot heartbeat. PID=2363, version='2026.7', state='RUNNING'
2026-09-27 17:49:48,497 - freqtrade.worker - INFO - Bot heartbeat. PID=2363, version='2026.7', state='RUNNING'
2026-09-27 17:50:48,500 - freqtrade.worker - INFO - Bot heartbeat. PID=2363, version='2026.7', state='RUNNING'
2026-09-27 17:51:48,503 - freqtrade.worker - INFO - Bot heartbeat. PID=2363, version='2026.7', state='RUNNING'
2026-09-27 17:52:48,506 - freqtrade.worker - INFO - Bot heartbeat. PID=2363, version='2026.7', state='RUNNING'
2026-09-27 17:53:48,509 - freqtrade.worker - INFO - Bot heartbeat. PID=2363, version='2026.7', state='RUNNING'
2026-09-27 17:54:48,512 - freqtrade.worker - INFO - Bot heartbeat. PID=2363, version='2026.7', state='RUNNING'
2026-09-27 17:55:48,515 - freqtrade.worker - INFO - Bot heartbeat. PID=2363, version='2026.7', state='RUNNING'
2026-09-27 17:56:48,517 - freqtrade.worker - INFO - Bot heartbeat. PID=2363, version='2026.7', state='RUNNING'
2026-09-27 17:57:48,520 - freqtrade.worker - INFO - Bot heartbeat. PID=2363, version='2026.7', state='RUNNING'
2026-09-27 17:58:48,523 - freqtrade.worker - INFO - Bot heartbeat. PID=2363, version='2026.7', state='RUNNING'
2026-09-27 17:59:48,526 - freqtrade.worker - INFO - Bot heartbeat. PID=2363, version='2026.7', state='RUNNING'
2026-09-27 18:00:51,002 - freqtrade.worker - INFO - Bot heartbeat. PID=2363, version='2026.7', state='RUNNING'
2026-09-27 18:01:07,172 - freqtrade.wallets - INFO - Wallets synced.
2026-09-27 18:01:51,005 - freqtrade.worker - INFO - Bot heartbeat. PID=2363, version='2026.7', state='RUNNING'
2026-09-27 18:02:51,008 - freqtrade.worker - INFO - Bot heartbeat. PID=2363, version='2026.7', state='RUNNING'
2026-09-27 18:03:51,010 - freqtrade.worker - INFO - Bot heartbeat. PID=2363, version='2026.7', state='RUNNING'
2026-09-27 18:04:51,013 - freqtrade.worker - INFO - Bot heartbeat. PID=2363, version='2026.7', state='RUNNING'
2026-09-27 18:05:51,017 - freqtrade.worker - INFO - Bot heartbeat. PID=2363, version='2026.7', state='RUNNING'
2026-09-27 18:06:51,020 - freqtrade.worker - INFO - Bot heartbeat. PID=2363, version='2026.7', state='RUNNING'
2026-09-27 18:07:51,023 - freqtrade.worker - INFO - Bot heartbeat. PID=2363, version='2026.7', state='RUNNING'
2026-09-27 18:08:51,026 - freqtrade.worker - INFO - Bot heartbeat. PID=2363, version='2026.7', state='RUNNING'
2026-09-27 18:09:03,881 - freqtrade.plugins.pairlistmanager - INFO - Whitelist with 47 pairs: ['BTC/USDT:USDT', 'ETH/USDT:USDT', 'BNB/USDT:USDT', 'SOL/USDT:USDT', 'ADA/USDT:USDT', 'DOGE/USDT:USDT', 'AVAX/USDT:USDT', 'DOT/USDT:USDT', 'LINK/USDT:USDT', 'LTC/USDT:USDT', 'BCH/USDT:USDT', 'ATOM/USDT:USDT', 'UNI/USDT:USDT', 'ETC/USDT:USDT', 'NEAR/USDT:USDT', 'ALGO/USDT:USDT', 'FIL/USDT:USDT', 'ICP/USDT:USDT', 'HBAR/USDT:USDT', 'APE/USDT:USDT', 'SAND/USDT:USDT', 'MANA/USDT:USDT', 'AXS/USDT:USDT', 'THETA/USDT:USDT', 'AAVE/USDT:USDT', 'GRT/USDT:USDT', 'CHZ/USDT:USDT', 'ENJ/USDT:USDT', 'CRV/USDT:USDT', 'COMP/USDT:USDT', 'DASH/USDT:USDT', 'QTUM/USDT:USDT', 'IOTA/USDT:USDT', 'ONT/USDT:USDT', 'BAT/USDT:USDT', 'RVN/USDT:USDT', 'KSM/USDT:USDT', 'EGLD/USDT:USDT', 'GALA/USDT:USDT', 'CELO/USDT:USDT', 'SUSHI/USDT:USDT', 'SNX/USDT:USDT', 'LRC/USDT:USDT', 'STORJ/USDT:USDT', 'ANKR/USDT:USDT', 'SKL/USDT:USDT', 'BAND/USDT:USDT']
2026-09-27 18:09:04,631 - freqtrade.freqtradebot - INFO - Global pairlock active until 2026-09-27 21:00:00. Not creating new trades, reason: 2.5574590656685197 passed 0.15 in 168 candles, locking for 24 candles..
2026-09-27 18:09:54,634 - freqtrade.worker - INFO - Bot heartbeat. PID=2363, version='2026.7', state='RUNNING'
2026-09-27 18:10:54,637 - freqtrade.worker - INFO - Bot heartbeat. PID=2363, version='2026.7', state='RUNNING'
2026-09-27 18:11:54,640 - freqtrade.worker - INFO - Bot heartbeat. PID=2363, version='2026.7', state='RUNNING'
2026-09-27 18:12:54,643 - freqtrade.worker - INFO - Bot heartbeat. PID=2363, version='2026.7', state='RUNNING'
2026-09-27 18:13:54,646 - freqtrade.worker - INFO - Bot heartbeat. PID=2363, version='2026.7', state='RUNNING'
2026-09-27 18:14:54,649 - freqtrade.worker - INFO - Bot heartbeat. PID=2363, version='2026.7', state='RUNNING'
2026-09-27 18:15:54,652 - freqtrade.worker - INFO - Bot heartbeat. PID=2363, version='2026.7', state='RUNNING'
2026-09-27 18:16:54,655 - freqtrade.worker - INFO - Bot heartbeat. PID=2363, version='2026.7', state='RUNNING'
2026-09-27 18:17:54,658 - freqtrade.worker - INFO - Bot heartbeat. PID=2363, version='2026.7', state='RUNNING'
2026-09-27 18:18:54,661 - freqtrade.worker - INFO - Bot heartbeat. PID=2363, version='2026.7', state='RUNNING'
2026-09-27 18:19:54,664 - freqtrade.worker - INFO - Bot heartbeat. PID=2363, version='2026.7', state='RUNNING'
2026-09-27 18:20:54,667 - freqtrade.worker - INFO - Bot heartbeat. PID=2363, version='2026.7', state='RUNNING'
2026-09-27 18:21:54,670 - freqtrade.worker - INFO - Bot heartbeat. PID=2363, version='2026.7', state='RUNNING'
2026-09-27 18:22:54,673 - freqtrade.worker - INFO - Bot heartbeat. PID=2363, version='2026.7', state='RUNNING'
2026-09-27 18:23:54,676 - freqtrade.worker - INFO - Bot heartbeat. PID=2363, version='2026.7', state='RUNNING'
2026-09-27 18:24:54,679 - freqtrade.worker - INFO - Bot heartbeat. PID=2363, version='2026.7', state='RUNNING'
2026-09-27 18:25:54,682 - freqtrade.worker - INFO - Bot heartbeat. PID=2363, version='2026.7', state='RUNNING'
2026-09-27 18:26:54,686 - freqtrade.worker - INFO - Bot heartbeat. PID=2363, version='2026.7', state='RUNNING'
2026-09-27 18:27:54,689 - freqtrade.worker - INFO - Bot heartbeat. PID=2363, version='2026.7', state='RUNNING'
2026-09-27 18:28:54,692 - freqtrade.worker - INFO - Bot heartbeat. PID=2363, version='2026.7', state='RUNNING'
2026-09-27 18:29:54,695 - freqtrade.worker - INFO - Bot heartbeat. PID=2363, version='2026.7', state='RUNNING'
2026-09-27 18:30:54,698 - freqtrade.worker - INFO - Bot heartbeat. PID=2363, version='2026.7', state='RUNNING'
2026-09-27 18:31:05,872 - freqtrade.wallets - INFO - Wallets synced.
2026-09-27 18:31:54,701 - freqtrade.worker - INFO - Bot heartbeat. PID=2363, version='2026.7', state='RUNNING'
2026-09-27 18:32:54,705 - freqtrade.worker - INFO - Bot heartbeat. PID=2363, version='2026.7', state='RUNNING'
2026-09-27 18:33:54,708 - freqtrade.worker - INFO - Bot heartbeat. PID=2363, version='2026.7', state='RUNNING'
2026-09-27 18:34:54,711 - freqtrade.worker - INFO - Bot heartbeat. PID=2363, version='2026.7', state='RUNNING'
2026-09-27 18:35:54,714 - freqtrade.worker - INFO - Bot heartbeat. PID=2363, version='2026.7', state='RUNNING'
2026-09-27 18:36:54,716 - freqtrade.worker - INFO - Bot heartbeat. PID=2363, version='2026.7', state='RUNNING'
2026-09-27 18:37:54,719 - freqtrade.worker - INFO - Bot heartbeat. PID=2363, version='2026.7', state='RUNNING'
2026-09-27 18:38:54,722 - freqtrade.worker - INFO - Bot heartbeat. PID=2363, version='2026.7', state='RUNNING'
2026-09-27 18:39:54,725 - freqtrade.worker - INFO - Bot heartbeat. PID=2363, version='2026.7', state='RUNNING'
2026-09-27 18:40:54,728 - freqtrade.worker - INFO - Bot heartbeat. PID=2363, version='2026.7', state='RUNNING'
2026-09-27 18:41:54,731 - freqtrade.worker - INFO - Bot heartbeat. PID=2363, version='2026.7', state='RUNNING'
2026-09-27 18:42:54,734 - freqtrade.worker - INFO - Bot heartbeat. PID=2363, version='2026.7', state='RUNNING'
2026-09-27 18:43:54,737 - freqtrade.worker - INFO - Bot heartbeat. PID=2363, version='2026.7', state='RUNNING'
2026-09-27 18:44:54,739 - freqtrade.worker - INFO - Bot heartbeat. PID=2363, version='2026.7', state='RUNNING'
2026-09-27 18:45:54,743 - freqtrade.worker - INFO - Bot heartbeat. PID=2363, version='2026.7', state='RUNNING'
2026-09-27 18:46:54,745 - freqtrade.worker - INFO - Bot heartbeat. PID=2363, version='2026.7', state='RUNNING'
2026-09-27 18:47:54,748 - freqtrade.worker - INFO - Bot heartbeat. PID=2363, version='2026.7', state='RUNNING'
2026-09-27 18:48:54,751 - freqtrade.worker - INFO - Bot heartbeat. PID=2363, version='2026.7', state='RUNNING'
2026-09-27 18:49:54,754 - freqtrade.worker - INFO - Bot heartbeat. PID=2363, version='2026.7', state='RUNNING'
2026-09-27 18:50:54,758 - freqtrade.worker - INFO - Bot heartbeat. PID=2363, version='2026.7', state='RUNNING'
2026-09-27 18:51:54,761 - freqtrade.worker - INFO - Bot heartbeat. PID=2363, version='2026.7', state='RUNNING'
2026-09-27 18:52:54,764 - freqtrade.worker - INFO - Bot heartbeat. PID=2363, version='2026.7', state='RUNNING'
2026-09-27 18:53:54,767 - freqtrade.worker - INFO - Bot heartbeat. PID=2363, version='2026.7', state='RUNNING'
2026-09-27 18:54:54,771 - freqtrade.worker - INFO - Bot heartbeat. PID=2363, version='2026.7', state='RUNNING'
2026-09-27 18:55:54,774 - freqtrade.worker - INFO - Bot heartbeat. PID=2363, version='2026.7', state='RUNNING'
2026-09-27 18:56:54,777 - freqtrade.worker - INFO - Bot heartbeat. PID=2363, version='2026.7', state='RUNNING'
2026-09-27 18:57:54,781 - freqtrade.worker - INFO - Bot heartbeat. PID=2363, version='2026.7', state='RUNNING'
2026-09-27 18:58:54,784 - freqtrade.worker - INFO - Bot heartbeat. PID=2363, version='2026.7', state='RUNNING'
2026-09-27 18:59:54,787 - freqtrade.worker - INFO - Bot heartbeat. PID=2363, version='2026.7', state='RUNNING'
2026-09-27 19:00:54,790 - freqtrade.worker - INFO - Bot heartbeat. PID=2363, version='2026.7', state='RUNNING'
2026-09-27 19:01:05,978 - freqtrade.wallets - INFO - Wallets synced.
2026-09-27 19:01:54,793 - freqtrade.worker - INFO - Bot heartbeat. PID=2363, version='2026.7', state='RUNNING'
2026-09-27 19:02:54,797 - freqtrade.worker - INFO - Bot heartbeat. PID=2363, version='2026.7', state='RUNNING'
2026-09-27 19:03:54,800 - freqtrade.worker - INFO - Bot heartbeat. PID=2363, version='2026.7', state='RUNNING'
2026-09-27 19:04:54,803 - freqtrade.worker - INFO - Bot heartbeat. PID=2363, version='2026.7', state='RUNNING'
2026-09-27 19:05:54,806 - freqtrade.worker - INFO - Bot heartbeat. PID=2363, version='2026.7', state='RUNNING'
2026-09-27 19:06:54,809 - freqtrade.worker - INFO - Bot heartbeat. PID=2363, version='2026.7', state='RUNNING'
2026-09-27 19:08:25,622 - freqtrade.loggers - INFO - Enabling colorized output.
2026-09-27 19:08:25,622 - freqtrade.loggers - INFO - Logfile configured
2026-09-27 19:08:25,622 - freqtrade.loggers - INFO - Verbosity set to 0
2026-09-27 19:08:25,623 - freqtrade.configuration.configuration - INFO - Runmode set to dry_run.
2026-09-27 19:08:25,623 - freqtrade.configuration.configuration - INFO - Parameter --db-url detected ...
2026-09-27 19:08:25,623 - freqtrade.configuration.configuration - INFO - Dry run is enabled
2026-09-27 19:08:25,624 - freqtrade.configuration.configuration - INFO - Using DB: "sqlite:////home/runner/work/_temp/live_cloud.sqlite"
2026-09-27 19:08:25,624 - freqtrade.configuration.configuration - INFO - Using max_open_trades: 15 ...
2026-09-27 19:08:25,625 - freqtrade.configuration.configuration - INFO - Using user-data directory: user_data ...
2026-09-27 19:08:25,625 - freqtrade.configuration.directory_operations - INFO - Created data directory: None
2026-09-27 19:08:25,626 - freqtrade.configuration.configuration - INFO - Using data directory: user_data/data/gate ...
2026-09-27 19:08:25,626 - freqtrade.exchange.check_exchange - INFO - Checking exchange...
2026-09-27 19:08:25,633 - freqtrade.exchange.check_exchange - INFO - Exchange "gate" is officially supported by the Freqtrade development team.
2026-09-27 19:08:25,633 - freqtrade.configuration.configuration - INFO - Using pairlist from configuration.
2026-09-27 19:08:25,634 - freqtrade.exchange.exchange - INFO - Instance is running with dry_run enabled
2026-09-27 19:08:25,634 - freqtrade.exchange.exchange - INFO - Using CCXT 4.5.84
2026-09-27 19:08:25,635 - freqtrade.exchange.exchange - INFO - Applying additional ccxt config: {'options': {'defaultType': 'swap'}}
2026-09-27 19:08:25,637 - freqtrade.exchange.exchange - INFO - Applying additional ccxt config: {'options': {'defaultType': 'swap'}}
2026-09-27 19:08:25,640 - freqtrade.exchange.exchange - INFO - Using Exchange "Gate"
2026-09-27 19:08:33,023 - freqtrade.resolvers.exchange_resolver - INFO - Using resolved exchange class 'Gate' ...
2026-09-27 19:08:33,036 - freqtrade.resolvers.iresolver - INFO - Using resolved strategy HourlyTrend from '/home/runner/work/hourly-bot/hourly-bot/user_data/strategies/HourlyTrend.py'...
2026-09-27 19:08:33,036 - freqtrade.strategy.hyper - INFO - Found no parameter file.
2026-09-27 19:08:33,037 - freqtrade.resolvers.strategy_resolver - INFO - Override strategy 'timeframe' with value from the configuration: 1h.
2026-09-27 19:08:33,037 - freqtrade.resolvers.strategy_resolver - INFO - Override strategy 'order_types' with value from the configuration: {'entry': 'limit', 'exit': 'limit', 'stoploss': 'limit', 'stoploss_on_exchange': False}.
2026-09-27 19:08:33,037 - freqtrade.resolvers.strategy_resolver - INFO - Override strategy 'stake_currency' with value from the configuration: USDT.
2026-09-27 19:08:33,038 - freqtrade.resolvers.strategy_resolver - INFO - Override strategy 'stake_amount' with value from the configuration: unlimited.
2026-09-27 19:08:33,038 - freqtrade.resolvers.strategy_resolver - INFO - Override strategy 'unfilledtimeout' with value from the configuration: {'entry': 5, 'exit': 5, 'exit_timeout_count': 0, 'unit': 'minutes'}.
2026-09-27 19:08:33,039 - freqtrade.resolvers.strategy_resolver - INFO - Override strategy 'max_open_trades' with value from the configuration: 15.
2026-09-27 19:08:33,039 - freqtrade.resolvers.strategy_resolver - INFO - Strategy using minimal_roi: {'0': 100.0}
2026-09-27 19:08:33,039 - freqtrade.resolvers.strategy_resolver - INFO - Strategy using timeframe: 1h
2026-09-27 19:08:33,039 - freqtrade.resolvers.strategy_resolver - INFO - Strategy using stoploss: -0.6
2026-09-27 19:08:33,040 - freqtrade.resolvers.strategy_resolver - INFO - Strategy using trailing_stop: False
2026-09-27 19:08:33,040 - freqtrade.resolvers.strategy_resolver - INFO - Strategy using trailing_stop_positive_offset: 0.0
2026-09-27 19:08:33,040 - freqtrade.resolvers.strategy_resolver - INFO - Strategy using trailing_only_offset_is_reached: False
2026-09-27 19:08:33,041 - freqtrade.resolvers.strategy_resolver - INFO - Strategy using use_custom_stoploss: True
2026-09-27 19:08:33,041 - freqtrade.resolvers.strategy_resolver - INFO - Strategy using process_only_new_candles: True
2026-09-27 19:08:33,041 - freqtrade.resolvers.strategy_resolver - INFO - Strategy using order_types: {'entry': 'limit', 'exit': 'limit', 'stoploss': 'limit', 'stoploss_on_exchange': False}
2026-09-27 19:08:33,041 - freqtrade.resolvers.strategy_resolver - INFO - Strategy using order_time_in_force: {'entry': 'GTC', 'exit': 'GTC'}
2026-09-27 19:08:33,042 - freqtrade.resolvers.strategy_resolver - INFO - Strategy using stake_currency: USDT
2026-09-27 19:08:33,042 - freqtrade.resolvers.strategy_resolver - INFO - Strategy using stake_amount: unlimited
2026-09-27 19:08:33,042 - freqtrade.resolvers.strategy_resolver - INFO - Strategy using startup_candle_count: 800
2026-09-27 19:08:33,042 - freqtrade.resolvers.strategy_resolver - INFO - Strategy using unfilledtimeout: {'entry': 5, 'exit': 5, 'exit_timeout_count': 0, 'unit': 'minutes'}
2026-09-27 19:08:33,043 - freqtrade.resolvers.strategy_resolver - INFO - Strategy using use_exit_signal: False
2026-09-27 19:08:33,043 - freqtrade.resolvers.strategy_resolver - INFO - Strategy using exit_profit_only: False
2026-09-27 19:08:33,043 - freqtrade.resolvers.strategy_resolver - INFO - Strategy using ignore_roi_if_entry_signal: False
2026-09-27 19:08:33,044 - freqtrade.resolvers.strategy_resolver - INFO - Strategy using exit_profit_offset: 0.0
2026-09-27 19:08:33,044 - freqtrade.resolvers.strategy_resolver - INFO - Strategy using disable_dataframe_checks: False
2026-09-27 19:08:33,044 - freqtrade.resolvers.strategy_resolver - INFO - Strategy using ignore_buying_expired_candle_after: 0
2026-09-27 19:08:33,044 - freqtrade.resolvers.strategy_resolver - INFO - Strategy using position_adjustment_enable: False
2026-09-27 19:08:33,045 - freqtrade.resolvers.strategy_resolver - INFO - Strategy using max_entry_position_adjustment: -1
2026-09-27 19:08:33,045 - freqtrade.resolvers.strategy_resolver - INFO - Strategy using max_open_trades: 15
2026-09-27 19:08:33,045 - freqtrade.configuration.config_validation - INFO - Validating configuration ...
2026-09-27 19:08:33,081 - freqtrade.wallets - INFO - Wallets synced.
2026-09-27 19:08:33,223 - freqtrade.rpc.rpc_manager - INFO - Enabling rpc.api_server
2026-09-27 19:08:33,373 - freqtrade.rpc.api_server.webserver - INFO - Starting HTTP Server at 127.0.0.1:8080
2026-09-27 19:08:33,373 - freqtrade.rpc.api_server.webserver - INFO - Starting Local Rest Server.
2026-09-27 19:08:33,391 - uvicorn.error - INFO - Started server process [2401]
2026-09-27 19:08:33,391 - uvicorn.error - INFO - Waiting for application startup.
2026-09-27 19:08:33,392 - uvicorn.error - INFO - Application startup complete.
2026-09-27 19:08:33,392 - uvicorn.error - INFO - Uvicorn running on http://127.0.0.1:8080 (Press CTRL+C to quit)
2026-09-27 19:08:33,395 - freqtrade.resolvers.iresolver - INFO - Using resolved pairlist StaticPairList from '/opt/hostedtoolcache/Python/3.12.14/x64/lib/python3.12/site-packages/freqtrade/plugins/pairlist/StaticPairList.py'...
2026-09-27 19:08:33,396 - freqtrade.freqtradebot - INFO - Starting initial pairlist refresh
2026-09-27 19:08:33,457 - freqtrade.plugins.pairlistmanager - INFO - Whitelist with 47 pairs: ['BTC/USDT:USDT', 'ETH/USDT:USDT', 'BNB/USDT:USDT', 'SOL/USDT:USDT', 'ADA/USDT:USDT', 'DOGE/USDT:USDT', 'AVAX/USDT:USDT', 'DOT/USDT:USDT', 'LINK/USDT:USDT', 'LTC/USDT:USDT', 'BCH/USDT:USDT', 'ATOM/USDT:USDT', 'UNI/USDT:USDT', 'ETC/USDT:USDT', 'NEAR/USDT:USDT', 'ALGO/USDT:USDT', 'FIL/USDT:USDT', 'ICP/USDT:USDT', 'HBAR/USDT:USDT', 'APE/USDT:USDT', 'SAND/USDT:USDT', 'MANA/USDT:USDT', 'AXS/USDT:USDT', 'THETA/USDT:USDT', 'AAVE/USDT:USDT', 'GRT/USDT:USDT', 'CHZ/USDT:USDT', 'ENJ/USDT:USDT', 'CRV/USDT:USDT', 'COMP/USDT:USDT', 'DASH/USDT:USDT', 'QTUM/USDT:USDT', 'IOTA/USDT:USDT', 'ONT/USDT:USDT', 'BAT/USDT:USDT', 'RVN/USDT:USDT', 'KSM/USDT:USDT', 'EGLD/USDT:USDT', 'GALA/USDT:USDT', 'CELO/USDT:USDT', 'SUSHI/USDT:USDT', 'SNX/USDT:USDT', 'LRC/USDT:USDT', 'STORJ/USDT:USDT', 'ANKR/USDT:USDT', 'SKL/USDT:USDT', 'BAND/USDT:USDT']
2026-09-27 19:08:33,458 - freqtrade.freqtradebot - INFO - Initial Pairlist refresh took 0.06s
2026-09-27 19:08:33,460 - freqtrade.strategy.hyper - INFO - No params for buy found, using default values.
2026-09-27 19:08:33,460 - freqtrade.strategy.hyper - INFO - Strategy Parameter(default): adx_floor = 20
2026-09-27 19:08:33,460 - freqtrade.strategy.hyper - INFO - Strategy Parameter(default): breakout_hours = 72
2026-09-27 19:08:33,461 - freqtrade.strategy.hyper - INFO - Strategy Parameter(default): ema_fast = 50
2026-09-27 19:08:33,461 - freqtrade.strategy.hyper - INFO - Strategy Parameter(default): ema_slow = 200
2026-09-27 19:08:33,461 - freqtrade.strategy.hyper - INFO - Strategy Parameter(default): rsi_long_max = 78
2026-09-27 19:08:33,461 - freqtrade.strategy.hyper - INFO - Strategy Parameter(default): rsi_short_min = 22
2026-09-27 19:08:33,462 - freqtrade.strategy.hyper - INFO - No params for sell found, using default values.
2026-09-27 19:08:33,462 - freqtrade.strategy.hyper - INFO - Strategy Parameter(default): initial_stop_atr = 2.0
2026-09-27 19:08:33,462 - freqtrade.strategy.hyper - INFO - Strategy Parameter(default): risk_per_trade = 0.01
2026-09-27 19:08:33,463 - freqtrade.strategy.hyper - INFO - Strategy Parameter(default): trail_atr = 6.0
2026-09-27 19:08:33,464 - freqtrade.resolvers.iresolver - INFO - Using resolved protection CooldownPeriod from '/opt/hostedtoolcache/Python/3.12.14/x64/lib/python3.12/site-packages/freqtrade/plugins/protections/cooldown_period.py'...
2026-09-27 19:08:33,465 - freqtrade.resolvers.iresolver - INFO - Using resolved protection MaxDrawdown from '/opt/hostedtoolcache/Python/3.12.14/x64/lib/python3.12/site-packages/freqtrade/plugins/protections/max_drawdown_protection.py'...
2026-09-27 19:08:33,467 - freqtrade.resolvers.iresolver - INFO - Using resolved protection StoplossGuard from '/opt/hostedtoolcache/Python/3.12.14/x64/lib/python3.12/site-packages/freqtrade/plugins/protections/stoploss_guard.py'...
2026-09-27 19:08:33,467 - freqtrade.rpc.rpc_manager - INFO - Sending rpc message: {'type': status, 'status': 'running'}
2026-09-27 19:08:33,467 - freqtrade.worker - INFO - Changing state to: RUNNING
2026-09-27 19:08:33,475 - freqtrade.rpc.rpc_manager - INFO - Sending rpc message: {'type': warning, 'status': 'Dry run is enabled. All trades are simulated.'}
2026-09-27 19:08:33,476 - freqtrade.rpc.rpc_manager - INFO - Sending rpc message: {'type': startup, 'status': "*Exchange:* `gate`\n*Stake per trade:* `unlimited USDT`\n*Minimum ROI:* `{'0': 100.0}`\n*Stoploss:* `-0.6`\n*Position adjustment:* `Off`\n*Timeframe:* `1h`\n*Strategy:* `HourlyTrend`"}
2026-09-27 19:08:33,476 - freqtrade.rpc.rpc_manager - INFO - Sending rpc message: {'type': startup, 'status': "Searching for USDT pairs to buy and sell based on [{'StaticPairList': 'StaticPairList'}]"}
2026-09-27 19:08:33,477 - freqtrade.rpc.rpc_manager - INFO - Sending rpc message: {'type': startup, 'status': 'Using Protections: \nCooldownPeriod - Cooldown period for 2 candles.\nMaxDrawdown - Max drawdown protection, stop trading if drawdown is > 0.15 within 168 candles.\nStoplossGuard - Frequent Stoploss Guard, 6 stoplosses with profit < 0.00% within 24 candles.'}
2026-09-27 19:08:33,480 - freqtrade.persistence.trade_model - INFO - Found open trade: Trade(id=51, pair=MANA/USDT:USDT, amount=79.7, is_short=False, leverage=10, open_rate=0.09099, open_since=2026-09-25 07:00:04)
2026-09-27 19:08:37,476 - freqtrade.freqtradebot - INFO - Global pairlock active until 2026-09-27 21:00:00. Not creating new trades, reason: 2.5574590656685197 passed 0.15 in 168 candles, locking for 24 candles..
2026-09-27 19:08:38,747 - freqtrade.worker - INFO - Bot heartbeat. PID=2401, version='2026.7', state='RUNNING'
2026-09-27 19:09:38,750 - freqtrade.worker - INFO - Bot heartbeat. PID=2401, version='2026.7', state='RUNNING'
2026-09-27 19:10:38,752 - freqtrade.worker - INFO - Bot heartbeat. PID=2401, version='2026.7', state='RUNNING'
2026-09-27 19:11:38,755 - freqtrade.worker - INFO - Bot heartbeat. PID=2401, version='2026.7', state='RUNNING'
2026-09-27 19:12:38,758 - freqtrade.worker - INFO - Bot heartbeat. PID=2401, version='2026.7', state='RUNNING'
2026-09-27 19:13:38,760 - freqtrade.worker - INFO - Bot heartbeat. PID=2401, version='2026.7', state='RUNNING'
2026-09-27 19:14:38,763 - freqtrade.worker - INFO - Bot heartbeat. PID=2401, version='2026.7', state='RUNNING'
2026-09-27 19:15:38,766 - freqtrade.worker - INFO - Bot heartbeat. PID=2401, version='2026.7', state='RUNNING'
2026-09-27 19:16:38,769 - freqtrade.worker - INFO - Bot heartbeat. PID=2401, version='2026.7', state='RUNNING'
2026-09-27 19:17:38,771 - freqtrade.worker - INFO - Bot heartbeat. PID=2401, version='2026.7', state='RUNNING'
2026-09-27 19:18:38,774 - freqtrade.worker - INFO - Bot heartbeat. PID=2401, version='2026.7', state='RUNNING'
2026-09-27 19:19:38,777 - freqtrade.worker - INFO - Bot heartbeat. PID=2401, version='2026.7', state='RUNNING'
2026-09-27 19:20:38,780 - freqtrade.worker - INFO - Bot heartbeat. PID=2401, version='2026.7', state='RUNNING'
2026-09-27 19:21:38,782 - freqtrade.worker - INFO - Bot heartbeat. PID=2401, version='2026.7', state='RUNNING'
2026-09-27 19:22:38,785 - freqtrade.worker - INFO - Bot heartbeat. PID=2401, version='2026.7', state='RUNNING'
2026-09-27 19:23:38,788 - freqtrade.worker - INFO - Bot heartbeat. PID=2401, version='2026.7', state='RUNNING'
2026-09-27 19:24:38,790 - freqtrade.worker - INFO - Bot heartbeat. PID=2401, version='2026.7', state='RUNNING'
2026-09-27 19:25:38,793 - freqtrade.worker - INFO - Bot heartbeat. PID=2401, version='2026.7', state='RUNNING'
2026-09-27 19:26:38,796 - freqtrade.worker - INFO - Bot heartbeat. PID=2401, version='2026.7', state='RUNNING'
2026-09-27 19:27:38,799 - freqtrade.worker - INFO - Bot heartbeat. PID=2401, version='2026.7', state='RUNNING'
2026-09-27 19:28:38,801 - freqtrade.worker - INFO - Bot heartbeat. PID=2401, version='2026.7', state='RUNNING'
2026-09-27 19:29:38,804 - freqtrade.worker - INFO - Bot heartbeat. PID=2401, version='2026.7', state='RUNNING'
2026-09-27 19:30:38,806 - freqtrade.worker - INFO - Bot heartbeat. PID=2401, version='2026.7', state='RUNNING'
2026-09-27 19:31:04,844 - freqtrade.wallets - INFO - Wallets synced.
2026-09-27 19:31:38,809 - freqtrade.worker - INFO - Bot heartbeat. PID=2401, version='2026.7', state='RUNNING'
2026-09-27 19:32:38,812 - freqtrade.worker - INFO - Bot heartbeat. PID=2401, version='2026.7', state='RUNNING'
2026-09-27 19:33:38,815 - freqtrade.worker - INFO - Bot heartbeat. PID=2401, version='2026.7', state='RUNNING'
2026-09-27 19:34:38,818 - freqtrade.worker - INFO - Bot heartbeat. PID=2401, version='2026.7', state='RUNNING'
2026-09-27 19:35:38,821 - freqtrade.worker - INFO - Bot heartbeat. PID=2401, version='2026.7', state='RUNNING'
2026-09-27 19:36:38,824 - freqtrade.worker - INFO - Bot heartbeat. PID=2401, version='2026.7', state='RUNNING'
2026-09-27 19:37:38,826 - freqtrade.worker - INFO - Bot heartbeat. PID=2401, version='2026.7', state='RUNNING'
2026-09-27 19:38:38,829 - freqtrade.worker - INFO - Bot heartbeat. PID=2401, version='2026.7', state='RUNNING'
2026-09-27 19:39:38,832 - freqtrade.worker - INFO - Bot heartbeat. PID=2401, version='2026.7', state='RUNNING'
2026-09-27 19:40:38,835 - freqtrade.worker - INFO - Bot heartbeat. PID=2401, version='2026.7', state='RUNNING'
2026-09-27 19:41:38,838 - freqtrade.worker - INFO - Bot heartbeat. PID=2401, version='2026.7', state='RUNNING'
2026-09-27 19:42:38,840 - freqtrade.worker - INFO - Bot heartbeat. PID=2401, version='2026.7', state='RUNNING'
2026-09-27 19:43:38,843 - freqtrade.worker - INFO - Bot heartbeat. PID=2401, version='2026.7', state='RUNNING'
2026-09-27 19:44:38,846 - freqtrade.worker - INFO - Bot heartbeat. PID=2401, version='2026.7', state='RUNNING'
2026-09-27 19:45:38,848 - freqtrade.worker - INFO - Bot heartbeat. PID=2401, version='2026.7', state='RUNNING'
2026-09-27 19:46:38,851 - freqtrade.worker - INFO - Bot heartbeat. PID=2401, version='2026.7', state='RUNNING'
2026-09-27 19:47:38,855 - freqtrade.worker - INFO - Bot heartbeat. PID=2401, version='2026.7', state='RUNNING'
2026-09-27 19:48:38,858 - freqtrade.worker - INFO - Bot heartbeat. PID=2401, version='2026.7', state='RUNNING'
2026-09-27 19:49:38,860 - freqtrade.worker - INFO - Bot heartbeat. PID=2401, version='2026.7', state='RUNNING'
2026-09-27 19:50:38,863 - freqtrade.worker - INFO - Bot heartbeat. PID=2401, version='2026.7', state='RUNNING'
2026-09-27 19:51:38,866 - freqtrade.worker - INFO - Bot heartbeat. PID=2401, version='2026.7', state='RUNNING'
2026-09-27 19:52:38,868 - freqtrade.worker - INFO - Bot heartbeat. PID=2401, version='2026.7', state='RUNNING'
2026-09-27 19:53:38,871 - freqtrade.worker - INFO - Bot heartbeat. PID=2401, version='2026.7', state='RUNNING'
2026-09-27 19:54:38,874 - freqtrade.worker - INFO - Bot heartbeat. PID=2401, version='2026.7', state='RUNNING'
2026-09-27 19:55:38,876 - freqtrade.worker - INFO - Bot heartbeat. PID=2401, version='2026.7', state='RUNNING'
2026-09-27 19:56:38,879 - freqtrade.worker - INFO - Bot heartbeat. PID=2401, version='2026.7', state='RUNNING'
2026-09-27 19:57:38,882 - freqtrade.worker - INFO - Bot heartbeat. PID=2401, version='2026.7', state='RUNNING'
2026-09-27 19:58:38,884 - freqtrade.worker - INFO - Bot heartbeat. PID=2401, version='2026.7', state='RUNNING'
2026-09-27 19:59:38,887 - freqtrade.worker - INFO - Bot heartbeat. PID=2401, version='2026.7', state='RUNNING'
2026-09-27 20:00:41,001 - freqtrade.worker - INFO - Bot heartbeat. PID=2401, version='2026.7', state='RUNNING'
2026-09-27 20:01:07,042 - freqtrade.wallets - INFO - Wallets synced.
2026-09-27 20:01:41,004 - freqtrade.worker - INFO - Bot heartbeat. PID=2401, version='2026.7', state='RUNNING'
2026-09-27 20:02:41,006 - freqtrade.worker - INFO - Bot heartbeat. PID=2401, version='2026.7', state='RUNNING'
2026-09-27 20:03:41,009 - freqtrade.worker - INFO - Bot heartbeat. PID=2401, version='2026.7', state='RUNNING'
2026-09-27 20:04:41,012 - freqtrade.worker - INFO - Bot heartbeat. PID=2401, version='2026.7', state='RUNNING'
2026-09-27 20:05:41,014 - freqtrade.worker - INFO - Bot heartbeat. PID=2401, version='2026.7', state='RUNNING'
2026-09-27 20:06:41,017 - freqtrade.worker - INFO - Bot heartbeat. PID=2401, version='2026.7', state='RUNNING'
2026-09-27 20:07:41,019 - freqtrade.worker - INFO - Bot heartbeat. PID=2401, version='2026.7', state='RUNNING'
2026-09-27 20:08:42,248 - freqtrade.plugins.pairlistmanager - INFO - Whitelist with 47 pairs: ['BTC/USDT:USDT', 'ETH/USDT:USDT', 'BNB/USDT:USDT', 'SOL/USDT:USDT', 'ADA/USDT:USDT', 'DOGE/USDT:USDT', 'AVAX/USDT:USDT', 'DOT/USDT:USDT', 'LINK/USDT:USDT', 'LTC/USDT:USDT', 'BCH/USDT:USDT', 'ATOM/USDT:USDT', 'UNI/USDT:USDT', 'ETC/USDT:USDT', 'NEAR/USDT:USDT', 'ALGO/USDT:USDT', 'FIL/USDT:USDT', 'ICP/USDT:USDT', 'HBAR/USDT:USDT', 'APE/USDT:USDT', 'SAND/USDT:USDT', 'MANA/USDT:USDT', 'AXS/USDT:USDT', 'THETA/USDT:USDT', 'AAVE/USDT:USDT', 'GRT/USDT:USDT', 'CHZ/USDT:USDT', 'ENJ/USDT:USDT', 'CRV/USDT:USDT', 'COMP/USDT:USDT', 'DASH/USDT:USDT', 'QTUM/USDT:USDT', 'IOTA/USDT:USDT', 'ONT/USDT:USDT', 'BAT/USDT:USDT', 'RVN/USDT:USDT', 'KSM/USDT:USDT', 'EGLD/USDT:USDT', 'GALA/USDT:USDT', 'CELO/USDT:USDT', 'SUSHI/USDT:USDT', 'SNX/USDT:USDT', 'LRC/USDT:USDT', 'STORJ/USDT:USDT', 'ANKR/USDT:USDT', 'SKL/USDT:USDT', 'BAND/USDT:USDT']
2026-09-27 20:08:42,929 - freqtrade.freqtradebot - INFO - Global pairlock active until 2026-09-27 21:00:00. Not creating new trades, reason: 2.5574590656685197 passed 0.15 in 168 candles, locking for 24 candles..
2026-09-27 20:08:42,930 - freqtrade.worker - INFO - Bot heartbeat. PID=2401, version='2026.7', state='RUNNING'
2026-09-27 20:09:42,932 - freqtrade.worker - INFO - Bot heartbeat. PID=2401, version='2026.7', state='RUNNING'
2026-09-27 20:10:42,935 - freqtrade.worker - INFO - Bot heartbeat. PID=2401, version='2026.7', state='RUNNING'
2026-09-27 20:11:42,938 - freqtrade.worker - INFO - Bot heartbeat. PID=2401, version='2026.7', state='RUNNING'
2026-09-27 20:12:42,941 - freqtrade.worker - INFO - Bot heartbeat. PID=2401, version='2026.7', state='RUNNING'
2026-09-27 20:13:42,944 - freqtrade.worker - INFO - Bot heartbeat. PID=2401, version='2026.7', state='RUNNING'
2026-09-27 20:14:42,946 - freqtrade.worker - INFO - Bot heartbeat. PID=2401, version='2026.7', state='RUNNING'
2026-09-27 20:15:42,949 - freqtrade.worker - INFO - Bot heartbeat. PID=2401, version='2026.7', state='RUNNING'
2026-09-27 20:16:42,951 - freqtrade.worker - INFO - Bot heartbeat. PID=2401, version='2026.7', state='RUNNING'
2026-09-27 20:17:42,954 - freqtrade.worker - INFO - Bot heartbeat. PID=2401, version='2026.7', state='RUNNING'
2026-09-27 20:18:42,957 - freqtrade.worker - INFO - Bot heartbeat. PID=2401, version='2026.7', state='RUNNING'
2026-09-27 20:19:42,960 - freqtrade.worker - INFO - Bot heartbeat. PID=2401, version='2026.7', state='RUNNING'
2026-09-27 20:20:42,963 - freqtrade.worker - INFO - Bot heartbeat. PID=2401, version='2026.7', state='RUNNING'
2026-09-27 20:21:42,966 - freqtrade.worker - INFO - Bot heartbeat. PID=2401, version='2026.7', state='RUNNING'
2026-09-27 20:22:42,968 - freqtrade.worker - INFO - Bot heartbeat. PID=2401, version='2026.7', state='RUNNING'
2026-09-27 20:23:42,971 - freqtrade.worker - INFO - Bot heartbeat. PID=2401, version='2026.7', state='RUNNING'
2026-09-27 20:24:42,974 - freqtrade.worker - INFO - Bot heartbeat. PID=2401, version='2026.7', state='RUNNING'
2026-09-27 20:25:42,977 - freqtrade.worker - INFO - Bot heartbeat. PID=2401, version='2026.7', state='RUNNING'
2026-09-27 20:26:42,979 - freqtrade.worker - INFO - Bot heartbeat. PID=2401, version='2026.7', state='RUNNING'
2026-09-27 20:27:42,982 - freqtrade.worker - INFO - Bot heartbeat. PID=2401, version='2026.7', state='RUNNING'
2026-09-27 20:28:42,985 - freqtrade.worker - INFO - Bot heartbeat. PID=2401, version='2026.7', state='RUNNING'
2026-09-27 20:29:42,988 - freqtrade.worker - INFO - Bot heartbeat. PID=2401, version='2026.7', state='RUNNING'
2026-09-27 20:30:42,991 - freqtrade.worker - INFO - Bot heartbeat. PID=2401, version='2026.7', state='RUNNING'
2026-09-27 20:31:04,002 - freqtrade.wallets - INFO - Wallets synced.
2026-09-27 20:31:42,994 - freqtrade.worker - INFO - Bot heartbeat. PID=2401, version='2026.7', state='RUNNING'
2026-09-27 20:32:42,996 - freqtrade.worker - INFO - Bot heartbeat. PID=2401, version='2026.7', state='RUNNING'
2026-09-27 20:33:42,999 - freqtrade.worker - INFO - Bot heartbeat. PID=2401, version='2026.7', state='RUNNING'
2026-09-27 20:34:43,001 - freqtrade.worker - INFO - Bot heartbeat. PID=2401, version='2026.7', state='RUNNING'
2026-09-27 20:35:43,004 - freqtrade.worker - INFO - Bot heartbeat. PID=2401, version='2026.7', state='RUNNING'
2026-09-27 20:36:43,007 - freqtrade.worker - INFO - Bot heartbeat. PID=2401, version='2026.7', state='RUNNING'
2026-09-27 20:37:43,009 - freqtrade.worker - INFO - Bot heartbeat. PID=2401, version='2026.7', state='RUNNING'
2026-09-27 20:38:43,012 - freqtrade.worker - INFO - Bot heartbeat. PID=2401, version='2026.7', state='RUNNING'
2026-09-27 20:39:43,014 - freqtrade.worker - INFO - Bot heartbeat. PID=2401, version='2026.7', state='RUNNING'
2026-09-27 20:40:43,017 - freqtrade.worker - INFO - Bot heartbeat. PID=2401, version='2026.7', state='RUNNING'
2026-09-27 20:41:43,020 - freqtrade.worker - INFO - Bot heartbeat. PID=2401, version='2026.7', state='RUNNING'
2026-09-27 20:42:43,023 - freqtrade.worker - INFO - Bot heartbeat. PID=2401, version='2026.7', state='RUNNING'
2026-09-27 20:43:43,025 - freqtrade.worker - INFO - Bot heartbeat. PID=2401, version='2026.7', state='RUNNING'
2026-09-27 20:44:43,028 - freqtrade.worker - INFO - Bot heartbeat. PID=2401, version='2026.7', state='RUNNING'
2026-09-27 20:45:43,031 - freqtrade.worker - INFO - Bot heartbeat. PID=2401, version='2026.7', state='RUNNING'
2026-09-27 20:46:43,034 - freqtrade.worker - INFO - Bot heartbeat. PID=2401, version='2026.7', state='RUNNING'
2026-09-27 20:47:43,036 - freqtrade.worker - INFO - Bot heartbeat. PID=2401, version='2026.7', state='RUNNING'
2026-09-27 20:48:43,039 - freqtrade.worker - INFO - Bot heartbeat. PID=2401, version='2026.7', state='RUNNING'
2026-09-27 20:49:43,042 - freqtrade.worker - INFO - Bot heartbeat. PID=2401, version='2026.7', state='RUNNING'
2026-09-27 20:50:43,044 - freqtrade.worker - INFO - Bot heartbeat. PID=2401, version='2026.7', state='RUNNING'
2026-09-27 20:51:43,047 - freqtrade.worker - INFO - Bot heartbeat. PID=2401, version='2026.7', state='RUNNING'
2026-09-27 20:52:43,050 - freqtrade.worker - INFO - Bot heartbeat. PID=2401, version='2026.7', state='RUNNING'
2026-09-27 20:53:43,052 - freqtrade.worker - INFO - Bot heartbeat. PID=2401, version='2026.7', state='RUNNING'
2026-09-27 20:54:43,055 - freqtrade.worker - INFO - Bot heartbeat. PID=2401, version='2026.7', state='RUNNING'
2026-09-27 20:55:43,058 - freqtrade.worker - INFO - Bot heartbeat. PID=2401, version='2026.7', state='RUNNING'
2026-09-27 20:56:43,060 - freqtrade.worker - INFO - Bot heartbeat. PID=2401, version='2026.7', state='RUNNING'
2026-09-27 20:57:43,063 - freqtrade.worker - INFO - Bot heartbeat. PID=2401, version='2026.7', state='RUNNING'
2026-09-27 20:58:43,065 - freqtrade.worker - INFO - Bot heartbeat. PID=2401, version='2026.7', state='RUNNING'
2026-09-27 20:59:43,068 - freqtrade.worker - INFO - Bot heartbeat. PID=2401, version='2026.7', state='RUNNING'
2026-09-27 21:00:46,001 - freqtrade.worker - INFO - Bot heartbeat. PID=2401, version='2026.7', state='RUNNING'
2026-09-27 21:01:07,050 - freqtrade.wallets - INFO - Wallets synced.
2026-09-27 21:01:46,004 - freqtrade.worker - INFO - Bot heartbeat. PID=2401, version='2026.7', state='RUNNING'
2026-09-27 21:02:46,006 - freqtrade.worker - INFO - Bot heartbeat. PID=2401, version='2026.7', state='RUNNING'
2026-09-27 21:03:46,009 - freqtrade.worker - INFO - Bot heartbeat. PID=2401, version='2026.7', state='RUNNING'
2026-09-27 21:04:46,012 - freqtrade.worker - INFO - Bot heartbeat. PID=2401, version='2026.7', state='RUNNING'
2026-09-27 21:05:46,015 - freqtrade.worker - INFO - Bot heartbeat. PID=2401, version='2026.7', state='RUNNING'
2026-09-27 21:06:46,017 - freqtrade.worker - INFO - Bot heartbeat. PID=2401, version='2026.7', state='RUNNING'
2026-09-27 21:07:46,020 - freqtrade.worker - INFO - Bot heartbeat. PID=2401, version='2026.7', state='RUNNING'
2026-09-27 21:08:46,023 - freqtrade.worker - INFO - Bot heartbeat. PID=2401, version='2026.7', state='RUNNING'
2026-09-27 21:08:52,704 - freqtrade.plugins.pairlistmanager - INFO - Whitelist with 47 pairs: ['BTC/USDT:USDT', 'ETH/USDT:USDT', 'BNB/USDT:USDT', 'SOL/USDT:USDT', 'ADA/USDT:USDT', 'DOGE/USDT:USDT', 'AVAX/USDT:USDT', 'DOT/USDT:USDT', 'LINK/USDT:USDT', 'LTC/USDT:USDT', 'BCH/USDT:USDT', 'ATOM/USDT:USDT', 'UNI/USDT:USDT', 'ETC/USDT:USDT', 'NEAR/USDT:USDT', 'ALGO/USDT:USDT', 'FIL/USDT:USDT', 'ICP/USDT:USDT', 'HBAR/USDT:USDT', 'APE/USDT:USDT', 'SAND/USDT:USDT', 'MANA/USDT:USDT', 'AXS/USDT:USDT', 'THETA/USDT:USDT', 'AAVE/USDT:USDT', 'GRT/USDT:USDT', 'CHZ/USDT:USDT', 'ENJ/USDT:USDT', 'CRV/USDT:USDT', 'COMP/USDT:USDT', 'DASH/USDT:USDT', 'QTUM/USDT:USDT', 'IOTA/USDT:USDT', 'ONT/USDT:USDT', 'BAT/USDT:USDT', 'RVN/USDT:USDT', 'KSM/USDT:USDT', 'EGLD/USDT:USDT', 'GALA/USDT:USDT', 'CELO/USDT:USDT', 'SUSHI/USDT:USDT', 'SNX/USDT:USDT', 'LRC/USDT:USDT', 'STORJ/USDT:USDT', 'ANKR/USDT:USDT', 'SKL/USDT:USDT', 'BAND/USDT:USDT']
2026-09-27 21:09:48,434 - freqtrade.worker - INFO - Bot heartbeat. PID=2401, version='2026.7', state='RUNNING'
2026-09-27 21:10:48,437 - freqtrade.worker - INFO - Bot heartbeat. PID=2401, version='2026.7', state='RUNNING'
2026-09-27 21:11:48,439 - freqtrade.worker - INFO - Bot heartbeat. PID=2401, version='2026.7', state='RUNNING'
2026-09-27 21:12:48,442 - freqtrade.worker - INFO - Bot heartbeat. PID=2401, version='2026.7', state='RUNNING'
2026-09-27 21:13:48,444 - freqtrade.worker - INFO - Bot heartbeat. PID=2401, version='2026.7', state='RUNNING'
2026-09-27 21:14:48,447 - freqtrade.worker - INFO - Bot heartbeat. PID=2401, version='2026.7', state='RUNNING'
2026-09-27 21:15:48,450 - freqtrade.worker - INFO - Bot heartbeat. PID=2401, version='2026.7', state='RUNNING'
2026-09-27 21:16:48,453 - freqtrade.worker - INFO - Bot heartbeat. PID=2401, version='2026.7', state='RUNNING'
2026-09-27 21:17:48,456 - freqtrade.worker - INFO - Bot heartbeat. PID=2401, version='2026.7', state='RUNNING'
2026-09-27 21:18:48,458 - freqtrade.worker - INFO - Bot heartbeat. PID=2401, version='2026.7', state='RUNNING'
2026-09-27 21:19:48,461 - freqtrade.worker - INFO - Bot heartbeat. PID=2401, version='2026.7', state='RUNNING'
2026-09-27 21:20:48,464 - freqtrade.worker - INFO - Bot heartbeat. PID=2401, version='2026.7', state='RUNNING'
2026-09-27 21:21:48,467 - freqtrade.worker - INFO - Bot heartbeat. PID=2401, version='2026.7', state='RUNNING'
2026-09-27 21:22:48,470 - freqtrade.worker - INFO - Bot heartbeat. PID=2401, version='2026.7', state='RUNNING'
2026-09-27 21:23:48,473 - freqtrade.worker - INFO - Bot heartbeat. PID=2401, version='2026.7', state='RUNNING'
2026-09-27 21:24:48,476 - freqtrade.worker - INFO - Bot heartbeat. PID=2401, version='2026.7', state='RUNNING'
2026-09-27 21:25:48,478 - freqtrade.worker - INFO - Bot heartbeat. PID=2401, version='2026.7', state='RUNNING'
2026-09-27 21:26:48,481 - freqtrade.worker - INFO - Bot heartbeat. PID=2401, version='2026.7', state='RUNNING'
2026-09-27 21:27:48,484 - freqtrade.worker - INFO - Bot heartbeat. PID=2401, version='2026.7', state='RUNNING'
2026-09-27 21:28:48,486 - freqtrade.worker - INFO - Bot heartbeat. PID=2401, version='2026.7', state='RUNNING'
2026-09-27 21:29:48,489 - freqtrade.worker - INFO - Bot heartbeat. PID=2401, version='2026.7', state='RUNNING'
2026-09-27 21:30:48,492 - freqtrade.worker - INFO - Bot heartbeat. PID=2401, version='2026.7', state='RUNNING'
2026-09-27 21:31:04,583 - freqtrade.wallets - INFO - Wallets synced.
2026-09-27 21:31:48,495 - freqtrade.worker - INFO - Bot heartbeat. PID=2401, version='2026.7', state='RUNNING'
2026-09-27 21:32:48,497 - freqtrade.worker - INFO - Bot heartbeat. PID=2401, version='2026.7', state='RUNNING'
2026-09-27 21:33:48,500 - freqtrade.worker - INFO - Bot heartbeat. PID=2401, version='2026.7', state='RUNNING'
2026-09-27 21:34:48,503 - freqtrade.worker - INFO - Bot heartbeat. PID=2401, version='2026.7', state='RUNNING'
2026-09-27 21:35:48,505 - freqtrade.worker - INFO - Bot heartbeat. PID=2401, version='2026.7', state='RUNNING'
2026-09-27 21:36:48,508 - freqtrade.worker - INFO - Bot heartbeat. PID=2401, version='2026.7', state='RUNNING'
2026-09-27 21:37:48,511 - freqtrade.worker - INFO - Bot heartbeat. PID=2401, version='2026.7', state='RUNNING'
2026-09-27 21:38:48,513 - freqtrade.worker - INFO - Bot heartbeat. PID=2401, version='2026.7', state='RUNNING'
2026-09-27 21:39:48,516 - freqtrade.worker - INFO - Bot heartbeat. PID=2401, version='2026.7', state='RUNNING'
2026-09-27 21:40:48,519 - freqtrade.worker - INFO - Bot heartbeat. PID=2401, version='2026.7', state='RUNNING'
2026-09-27 21:41:48,521 - freqtrade.worker - INFO - Bot heartbeat. PID=2401, version='2026.7', state='RUNNING'
2026-09-27 21:42:48,524 - freqtrade.worker - INFO - Bot heartbeat. PID=2401, version='2026.7', state='RUNNING'
2026-09-27 21:43:48,527 - freqtrade.worker - INFO - Bot heartbeat. PID=2401, version='2026.7', state='RUNNING'
2026-09-27 21:44:48,530 - freqtrade.worker - INFO - Bot heartbeat. PID=2401, version='2026.7', state='RUNNING'
2026-09-27 21:45:48,532 - freqtrade.worker - INFO - Bot heartbeat. PID=2401, version='2026.7', state='RUNNING'
2026-09-27 21:46:48,535 - freqtrade.worker - INFO - Bot heartbeat. PID=2401, version='2026.7', state='RUNNING'
2026-09-27 21:47:48,538 - freqtrade.worker - INFO - Bot heartbeat. PID=2401, version='2026.7', state='RUNNING'
2026-09-27 21:48:48,540 - freqtrade.worker - INFO - Bot heartbeat. PID=2401, version='2026.7', state='RUNNING'
2026-09-27 21:49:48,543 - freqtrade.worker - INFO - Bot heartbeat. PID=2401, version='2026.7', state='RUNNING'
2026-09-27 21:50:48,546 - freqtrade.worker - INFO - Bot heartbeat. PID=2401, version='2026.7', state='RUNNING'
2026-09-27 21:51:48,549 - freqtrade.worker - INFO - Bot heartbeat. PID=2401, version='2026.7', state='RUNNING'
2026-09-27 21:52:48,551 - freqtrade.worker - INFO - Bot heartbeat. PID=2401, version='2026.7', state='RUNNING'
2026-09-27 21:53:48,554 - freqtrade.worker - INFO - Bot heartbeat. PID=2401, version='2026.7', state='RUNNING'
2026-09-27 21:54:48,557 - freqtrade.worker - INFO - Bot heartbeat. PID=2401, version='2026.7', state='RUNNING'
2026-09-27 21:55:48,560 - freqtrade.worker - INFO - Bot heartbeat. PID=2401, version='2026.7', state='RUNNING'
2026-09-27 21:56:48,563 - freqtrade.worker - INFO - Bot heartbeat. PID=2401, version='2026.7', state='RUNNING'
2026-09-27 21:57:48,566 - freqtrade.worker - INFO - Bot heartbeat. PID=2401, version='2026.7', state='RUNNING'
2026-09-27 21:58:48,569 - freqtrade.worker - INFO - Bot heartbeat. PID=2401, version='2026.7', state='RUNNING'
2026-09-27 21:59:48,572 - freqtrade.worker - INFO - Bot heartbeat. PID=2401, version='2026.7', state='RUNNING'
2026-09-27 22:00:04,965 - freqtrade.wallets - INFO - Wallets synced.
2026-09-27 22:00:05,105 - freqtrade.freqtradebot - INFO - Long signal found: about create a new trade for NEAR/USDT:USDT with stake_amount: 0.582939 and price: 5.5518 ...
2026-09-27 22:00:05,244 - freqtrade.freqtradebot - INFO - Order dry_run_buy_NEAR/USDT:USDT_e435d206-01e0-4f08-910c-a38d09ea30c7 was created for NEAR/USDT:USDT and status is closed.
2026-09-27 22:00:05,251 - freqtrade.wallets - INFO - Wallets synced.
2026-09-27 22:00:05,251 - freqtrade.rpc.rpc_manager - INFO - Sending rpc message: {'trade_id': 57, 'type': entry, 'buy_tag': 'h_breakout_up', 'enter_tag': 'h_breakout_up', 'exchange': 'Gate', 'pair': 'NEAR/USDT:USDT', 'leverage': 10.0, 'direction': 'Long', 'limit': 5.5518, 'order_rate': 5.5518, 'open_rate': 5.5518, 'order_type': 'limit', 'stake_amount': 0.55518, 'stake_currency': 'USDT', 'base_currency': 'NEAR', 'quote_currency': 'USDT', 'fiat_currency': 'USD', 'amount': 1.0, 'open_date': datetime.datetime(2026, 9, 27, 22, 0, 5, 245118, tzinfo=datetime.timezone.utc), 'current_rate': 5.5518, 'sub_trade': False}
2026-09-27 22:00:05,252 - freqtrade.freqtradebot - INFO - Found open order for Trade(id=57, pair=NEAR/USDT:USDT, amount=1, is_short=False, leverage=10, open_rate=5.5518, open_since=2026-09-27 22:00:05)
2026-09-27 22:00:05,256 - freqtrade.freqtradebot - INFO - Fee for Trade Trade(id=57, pair=NEAR/USDT:USDT, amount=1, is_short=False, leverage=10, open_rate=5.5518, open_since=2026-09-27 22:00:05) [buy]: 0.0027759 USDT - rate: 0.0005
2026-09-27 22:00:05,257 - freqtrade.persistence.trade_model - INFO - Updating trade (id=57) ...
2026-09-27 22:00:05,257 - freqtrade.persistence.trade_model - INFO - LIMIT_BUY has been fulfilled for Trade(id=57, pair=NEAR/USDT:USDT, amount=1, is_short=False, leverage=10, open_rate=5.5518, open_since=2026-09-27 22:00:05).
2026-09-27 22:00:05,403 - freqtrade.wallets - INFO - Wallets synced.
2026-09-27 22:00:05,406 - freqtrade.rpc.rpc_manager - INFO - Sending rpc message: {'trade_id': 57, 'type': entry_fill, 'buy_tag': 'h_breakout_up', 'enter_tag': 'h_breakout_up', 'exchange': 'Gate', 'pair': 'NEAR/USDT:USDT', 'leverage': 10.0, 'direction': 'Long', 'limit': 5.5518, 'order_rate': 5.5518, 'open_rate': 5.5518, 'order_type': 'limit', 'stake_amount': 0.55518, 'stake_currency': 'USDT', 'base_currency': 'NEAR', 'quote_currency': 'USDT', 'fiat_currency': 'USD', 'amount': 1.0, 'open_date': datetime.datetime(2026, 9, 27, 22, 0, 5, 245118, tzinfo=datetime.timezone.utc), 'current_rate': 5.5518, 'sub_trade': False}
2026-09-27 22:00:51,001 - freqtrade.worker - INFO - Bot heartbeat. PID=2401, version='2026.7', state='RUNNING'
2026-09-27 22:01:07,440 - freqtrade.wallets - INFO - Wallets synced.
2026-09-27 22:01:51,004 - freqtrade.worker - INFO - Bot heartbeat. PID=2401, version='2026.7', state='RUNNING'
2026-09-27 22:02:51,007 - freqtrade.worker - INFO - Bot heartbeat. PID=2401, version='2026.7', state='RUNNING'
2026-09-27 22:03:51,010 - freqtrade.worker - INFO - Bot heartbeat. PID=2401, version='2026.7', state='RUNNING'
2026-09-27 22:04:51,012 - freqtrade.worker - INFO - Bot heartbeat. PID=2401, version='2026.7', state='RUNNING'
2026-09-27 22:05:51,015 - freqtrade.worker - INFO - Bot heartbeat. PID=2401, version='2026.7', state='RUNNING'
2026-09-27 22:06:51,018 - freqtrade.worker - INFO - Bot heartbeat. PID=2401, version='2026.7', state='RUNNING'
2026-09-27 22:07:51,021 - freqtrade.worker - INFO - Bot heartbeat. PID=2401, version='2026.7', state='RUNNING'
2026-09-27 22:08:51,023 - freqtrade.worker - INFO - Bot heartbeat. PID=2401, version='2026.7', state='RUNNING'
2026-09-27 22:09:02,966 - freqtrade.plugins.pairlistmanager - INFO - Whitelist with 47 pairs: ['BTC/USDT:USDT', 'ETH/USDT:USDT', 'BNB/USDT:USDT', 'SOL/USDT:USDT', 'ADA/USDT:USDT', 'DOGE/USDT:USDT', 'AVAX/USDT:USDT', 'DOT/USDT:USDT', 'LINK/USDT:USDT', 'LTC/USDT:USDT', 'BCH/USDT:USDT', 'ATOM/USDT:USDT', 'UNI/USDT:USDT', 'ETC/USDT:USDT', 'NEAR/USDT:USDT', 'ALGO/USDT:USDT', 'FIL/USDT:USDT', 'ICP/USDT:USDT', 'HBAR/USDT:USDT', 'APE/USDT:USDT', 'SAND/USDT:USDT', 'MANA/USDT:USDT', 'AXS/USDT:USDT', 'THETA/USDT:USDT', 'AAVE/USDT:USDT', 'GRT/USDT:USDT', 'CHZ/USDT:USDT', 'ENJ/USDT:USDT', 'CRV/USDT:USDT', 'COMP/USDT:USDT', 'DASH/USDT:USDT', 'QTUM/USDT:USDT', 'IOTA/USDT:USDT', 'ONT/USDT:USDT', 'BAT/USDT:USDT', 'RVN/USDT:USDT', 'KSM/USDT:USDT', 'EGLD/USDT:USDT', 'GALA/USDT:USDT', 'CELO/USDT:USDT', 'SUSHI/USDT:USDT', 'SNX/USDT:USDT', 'LRC/USDT:USDT', 'STORJ/USDT:USDT', 'ANKR/USDT:USDT', 'SKL/USDT:USDT', 'BAND/USDT:USDT']
2026-09-27 22:09:53,838 - freqtrade.worker - INFO - Bot heartbeat. PID=2401, version='2026.7', state='RUNNING'
2026-09-27 22:10:53,841 - freqtrade.worker - INFO - Bot heartbeat. PID=2401, version='2026.7', state='RUNNING'
2026-09-27 22:11:53,843 - freqtrade.worker - INFO - Bot heartbeat. PID=2401, version='2026.7', state='RUNNING'
2026-09-27 22:12:53,846 - freqtrade.worker - INFO - Bot heartbeat. PID=2401, version='2026.7', state='RUNNING'
2026-09-27 22:13:53,849 - freqtrade.worker - INFO - Bot heartbeat. PID=2401, version='2026.7', state='RUNNING'
2026-09-27 22:14:53,852 - freqtrade.worker - INFO - Bot heartbeat. PID=2401, version='2026.7', state='RUNNING'
2026-09-27 22:15:53,854 - freqtrade.worker - INFO - Bot heartbeat. PID=2401, version='2026.7', state='RUNNING'
2026-09-27 22:16:53,857 - freqtrade.worker - INFO - Bot heartbeat. PID=2401, version='2026.7', state='RUNNING'
2026-09-27 22:17:53,860 - freqtrade.worker - INFO - Bot heartbeat. PID=2401, version='2026.7', state='RUNNING'
2026-09-27 22:18:53,863 - freqtrade.worker - INFO - Bot heartbeat. PID=2401, version='2026.7', state='RUNNING'
2026-09-27 22:19:53,865 - freqtrade.worker - INFO - Bot heartbeat. PID=2401, version='2026.7', state='RUNNING'
2026-09-27 22:20:53,868 - freqtrade.worker - INFO - Bot heartbeat. PID=2401, version='2026.7', state='RUNNING'
2026-09-27 22:21:53,871 - freqtrade.worker - INFO - Bot heartbeat. PID=2401, version='2026.7', state='RUNNING'
2026-09-27 22:22:53,873 - freqtrade.worker - INFO - Bot heartbeat. PID=2401, version='2026.7', state='RUNNING'
2026-09-27 22:23:53,876 - freqtrade.worker - INFO - Bot heartbeat. PID=2401, version='2026.7', state='RUNNING'
2026-09-27 22:24:53,879 - freqtrade.worker - INFO - Bot heartbeat. PID=2401, version='2026.7', state='RUNNING'
2026-09-27 22:25:53,882 - freqtrade.worker - INFO - Bot heartbeat. PID=2401, version='2026.7', state='RUNNING'
2026-09-27 22:26:53,885 - freqtrade.worker - INFO - Bot heartbeat. PID=2401, version='2026.7', state='RUNNING'
2026-09-27 22:27:53,887 - freqtrade.worker - INFO - Bot heartbeat. PID=2401, version='2026.7', state='RUNNING'
2026-09-27 22:28:53,890 - freqtrade.worker - INFO - Bot heartbeat. PID=2401, version='2026.7', state='RUNNING'
2026-09-27 22:29:53,893 - freqtrade.worker - INFO - Bot heartbeat. PID=2401, version='2026.7', state='RUNNING'
2026-09-27 22:30:53,895 - freqtrade.worker - INFO - Bot heartbeat. PID=2401, version='2026.7', state='RUNNING'
2026-09-27 22:31:05,386 - freqtrade.wallets - INFO - Wallets synced.
2026-09-27 22:31:53,898 - freqtrade.worker - INFO - Bot heartbeat. PID=2401, version='2026.7', state='RUNNING'
2026-09-27 22:32:53,901 - freqtrade.worker - INFO - Bot heartbeat. PID=2401, version='2026.7', state='RUNNING'
2026-09-27 22:33:53,903 - freqtrade.worker - INFO - Bot heartbeat. PID=2401, version='2026.7', state='RUNNING'
2026-09-27 22:34:53,906 - freqtrade.worker - INFO - Bot heartbeat. PID=2401, version='2026.7', state='RUNNING'
2026-09-27 22:35:53,909 - freqtrade.worker - INFO - Bot heartbeat. PID=2401, version='2026.7', state='RUNNING'
2026-09-27 22:36:53,912 - freqtrade.worker - INFO - Bot heartbeat. PID=2401, version='2026.7', state='RUNNING'
2026-09-27 22:37:53,914 - freqtrade.worker - INFO - Bot heartbeat. PID=2401, version='2026.7', state='RUNNING'
2026-09-27 22:38:53,917 - freqtrade.worker - INFO - Bot heartbeat. PID=2401, version='2026.7', state='RUNNING'
2026-09-27 22:39:53,920 - freqtrade.worker - INFO - Bot heartbeat. PID=2401, version='2026.7', state='RUNNING'
2026-09-27 22:40:53,923 - freqtrade.worker - INFO - Bot heartbeat. PID=2401, version='2026.7', state='RUNNING'
2026-09-27 22:41:53,926 - freqtrade.worker - INFO - Bot heartbeat. PID=2401, version='2026.7', state='RUNNING'
2026-09-27 22:42:53,929 - freqtrade.worker - INFO - Bot heartbeat. PID=2401, version='2026.7', state='RUNNING'
2026-09-27 22:43:53,932 - freqtrade.worker - INFO - Bot heartbeat. PID=2401, version='2026.7', state='RUNNING'
2026-09-27 22:44:53,934 - freqtrade.worker - INFO - Bot heartbeat. PID=2401, version='2026.7', state='RUNNING'
2026-09-27 22:45:53,937 - freqtrade.worker - INFO - Bot heartbeat. PID=2401, version='2026.7', state='RUNNING'
2026-09-27 22:46:53,940 - freqtrade.worker - INFO - Bot heartbeat. PID=2401, version='2026.7', state='RUNNING'
2026-09-27 22:47:53,943 - freqtrade.worker - INFO - Bot heartbeat. PID=2401, version='2026.7', state='RUNNING'
2026-09-27 22:48:53,946 - freqtrade.worker - INFO - Bot heartbeat. PID=2401, version='2026.7', state='RUNNING'
2026-09-27 22:49:53,949 - freqtrade.worker - INFO - Bot heartbeat. PID=2401, version='2026.7', state='RUNNING'
2026-09-27 22:50:53,951 - freqtrade.worker - INFO - Bot heartbeat. PID=2401, version='2026.7', state='RUNNING'
2026-09-27 22:51:53,954 - freqtrade.worker - INFO - Bot heartbeat. PID=2401, version='2026.7', state='RUNNING'
2026-09-27 22:52:53,957 - freqtrade.worker - INFO - Bot heartbeat. PID=2401, version='2026.7', state='RUNNING'
2026-09-27 22:53:53,960 - freqtrade.worker - INFO - Bot heartbeat. PID=2401, version='2026.7', state='RUNNING'
2026-09-27 22:54:53,963 - freqtrade.worker - INFO - Bot heartbeat. PID=2401, version='2026.7', state='RUNNING'
2026-09-27 22:55:53,966 - freqtrade.worker - INFO - Bot heartbeat. PID=2401, version='2026.7', state='RUNNING'
2026-09-27 22:56:53,969 - freqtrade.worker - INFO - Bot heartbeat. PID=2401, version='2026.7', state='RUNNING'
2026-09-27 22:57:53,972 - freqtrade.worker - INFO - Bot heartbeat. PID=2401, version='2026.7', state='RUNNING'
2026-09-27 22:58:53,975 - freqtrade.worker - INFO - Bot heartbeat. PID=2401, version='2026.7', state='RUNNING'
2026-09-27 22:59:53,978 - freqtrade.worker - INFO - Bot heartbeat. PID=2401, version='2026.7', state='RUNNING'
2026-09-27 23:00:56,002 - freqtrade.worker - INFO - Bot heartbeat. PID=2401, version='2026.7', state='RUNNING'
2026-09-27 23:01:07,428 - freqtrade.wallets - INFO - Wallets synced.
2026-09-27 23:01:56,004 - freqtrade.worker - INFO - Bot heartbeat. PID=2401, version='2026.7', state='RUNNING'
2026-09-27 23:02:56,007 - freqtrade.worker - INFO - Bot heartbeat. PID=2401, version='2026.7', state='RUNNING'
2026-09-27 23:03:56,010 - freqtrade.worker - INFO - Bot heartbeat. PID=2401, version='2026.7', state='RUNNING'
2026-09-27 23:04:56,013 - freqtrade.worker - INFO - Bot heartbeat. PID=2401, version='2026.7', state='RUNNING'
2026-09-27 23:05:56,016 - freqtrade.worker - INFO - Bot heartbeat. PID=2401, version='2026.7', state='RUNNING'
2026-09-27 23:06:56,019 - freqtrade.worker - INFO - Bot heartbeat. PID=2401, version='2026.7', state='RUNNING'
2026-09-27 23:07:56,022 - freqtrade.worker - INFO - Bot heartbeat. PID=2401, version='2026.7', state='RUNNING'
2026-09-27 23:08:56,024 - freqtrade.worker - INFO - Bot heartbeat. PID=2401, version='2026.7', state='RUNNING'
2026-09-27 23:09:14,601 - freqtrade.plugins.pairlistmanager - INFO - Whitelist with 47 pairs: ['BTC/USDT:USDT', 'ETH/USDT:USDT', 'BNB/USDT:USDT', 'SOL/USDT:USDT', 'ADA/USDT:USDT', 'DOGE/USDT:USDT', 'AVAX/USDT:USDT', 'DOT/USDT:USDT', 'LINK/USDT:USDT', 'LTC/USDT:USDT', 'BCH/USDT:USDT', 'ATOM/USDT:USDT', 'UNI/USDT:USDT', 'ETC/USDT:USDT', 'NEAR/USDT:USDT', 'ALGO/USDT:USDT', 'FIL/USDT:USDT', 'ICP/USDT:USDT', 'HBAR/USDT:USDT', 'APE/USDT:USDT', 'SAND/USDT:USDT', 'MANA/USDT:USDT', 'AXS/USDT:USDT', 'THETA/USDT:USDT', 'AAVE/USDT:USDT', 'GRT/USDT:USDT', 'CHZ/USDT:USDT', 'ENJ/USDT:USDT', 'CRV/USDT:USDT', 'COMP/USDT:USDT', 'DASH/USDT:USDT', 'QTUM/USDT:USDT', 'IOTA/USDT:USDT', 'ONT/USDT:USDT', 'BAT/USDT:USDT', 'RVN/USDT:USDT', 'KSM/USDT:USDT', 'EGLD/USDT:USDT', 'GALA/USDT:USDT', 'CELO/USDT:USDT', 'SUSHI/USDT:USDT', 'SNX/USDT:USDT', 'LRC/USDT:USDT', 'STORJ/USDT:USDT', 'ANKR/USDT:USDT', 'SKL/USDT:USDT', 'BAND/USDT:USDT']
2026-09-27 23:10:00,445 - freqtrade.worker - INFO - Bot heartbeat. PID=2401, version='2026.7', state='RUNNING'
2026-09-27 23:11:00,448 - freqtrade.worker - INFO - Bot heartbeat. PID=2401, version='2026.7', state='RUNNING'
2026-09-27 23:12:00,451 - freqtrade.worker - INFO - Bot heartbeat. PID=2401, version='2026.7', state='RUNNING'
2026-09-27 23:13:00,454 - freqtrade.worker - INFO - Bot heartbeat. PID=2401, version='2026.7', state='RUNNING'
2026-09-27 23:14:00,457 - freqtrade.worker - INFO - Bot heartbeat. PID=2401, version='2026.7', state='RUNNING'
2026-09-27 23:15:00,459 - freqtrade.worker - INFO - Bot heartbeat. PID=2401, version='2026.7', state='RUNNING'
2026-09-27 23:16:00,462 - freqtrade.worker - INFO - Bot heartbeat. PID=2401, version='2026.7', state='RUNNING'
2026-09-27 23:17:00,465 - freqtrade.worker - INFO - Bot heartbeat. PID=2401, version='2026.7', state='RUNNING'
2026-09-27 23:18:00,467 - freqtrade.worker - INFO - Bot heartbeat. PID=2401, version='2026.7', state='RUNNING'
2026-09-27 23:19:00,470 - freqtrade.worker - INFO - Bot heartbeat. PID=2401, version='2026.7', state='RUNNING'
2026-09-27 23:20:00,473 - freqtrade.worker - INFO - Bot heartbeat. PID=2401, version='2026.7', state='RUNNING'
2026-09-27 23:21:00,475 - freqtrade.worker - INFO - Bot heartbeat. PID=2401, version='2026.7', state='RUNNING'
2026-09-27 23:22:00,478 - freqtrade.worker - INFO - Bot heartbeat. PID=2401, version='2026.7', state='RUNNING'
2026-09-27 23:23:00,481 - freqtrade.worker - INFO - Bot heartbeat. PID=2401, version='2026.7', state='RUNNING'
2026-09-27 23:24:00,483 - freqtrade.worker - INFO - Bot heartbeat. PID=2401, version='2026.7', state='RUNNING'
2026-09-27 23:25:00,486 - freqtrade.worker - INFO - Bot heartbeat. PID=2401, version='2026.7', state='RUNNING'
2026-09-27 23:26:00,489 - freqtrade.worker - INFO - Bot heartbeat. PID=2401, version='2026.7', state='RUNNING'
2026-09-27 23:27:00,492 - freqtrade.worker - INFO - Bot heartbeat. PID=2401, version='2026.7', state='RUNNING'
2026-09-27 23:28:00,494 - freqtrade.worker - INFO - Bot heartbeat. PID=2401, version='2026.7', state='RUNNING'
2026-09-27 23:29:00,497 - freqtrade.worker - INFO - Bot heartbeat. PID=2401, version='2026.7', state='RUNNING'
2026-09-27 23:30:00,500 - freqtrade.worker - INFO - Bot heartbeat. PID=2401, version='2026.7', state='RUNNING'
2026-09-27 23:31:00,502 - freqtrade.worker - INFO - Bot heartbeat. PID=2401, version='2026.7', state='RUNNING'
2026-09-27 23:31:06,957 - freqtrade.wallets - INFO - Wallets synced.
2026-09-27 23:32:00,505 - freqtrade.worker - INFO - Bot heartbeat. PID=2401, version='2026.7', state='RUNNING'
2026-09-27 23:33:00,508 - freqtrade.worker - INFO - Bot heartbeat. PID=2401, version='2026.7', state='RUNNING'
2026-09-27 23:34:00,510 - freqtrade.worker - INFO - Bot heartbeat. PID=2401, version='2026.7', state='RUNNING'
2026-09-27 23:35:00,513 - freqtrade.worker - INFO - Bot heartbeat. PID=2401, version='2026.7', state='RUNNING'
2026-09-27 23:36:00,516 - freqtrade.worker - INFO - Bot heartbeat. PID=2401, version='2026.7', state='RUNNING'
2026-09-27 23:37:00,518 - freqtrade.worker - INFO - Bot heartbeat. PID=2401, version='2026.7', state='RUNNING'
2026-09-27 23:38:00,521 - freqtrade.worker - INFO - Bot heartbeat. PID=2401, version='2026.7', state='RUNNING'
2026-09-27 23:39:00,524 - freqtrade.worker - INFO - Bot heartbeat. PID=2401, version='2026.7', state='RUNNING'
2026-09-27 23:40:00,526 - freqtrade.worker - INFO - Bot heartbeat. PID=2401, version='2026.7', state='RUNNING'
2026-09-27 23:41:00,529 - freqtrade.worker - INFO - Bot heartbeat. PID=2401, version='2026.7', state='RUNNING'
2026-09-27 23:42:00,532 - freqtrade.worker - INFO - Bot heartbeat. PID=2401, version='2026.7', state='RUNNING'
2026-09-27 23:43:00,534 - freqtrade.worker - INFO - Bot heartbeat. PID=2401, version='2026.7', state='RUNNING'
2026-09-27 23:44:00,537 - freqtrade.worker - INFO - Bot heartbeat. PID=2401, version='2026.7', state='RUNNING'
2026-09-27 23:45:00,540 - freqtrade.worker - INFO - Bot heartbeat. PID=2401, version='2026.7', state='RUNNING'
2026-09-27 23:46:00,543 - freqtrade.worker - INFO - Bot heartbeat. PID=2401, version='2026.7', state='RUNNING'
2026-09-27 23:47:00,545 - freqtrade.worker - INFO - Bot heartbeat. PID=2401, version='2026.7', state='RUNNING'
2026-09-27 23:48:00,548 - freqtrade.worker - INFO - Bot heartbeat. PID=2401, version='2026.7', state='RUNNING'
2026-09-27 23:49:00,551 - freqtrade.worker - INFO - Bot heartbeat. PID=2401, version='2026.7', state='RUNNING'
2026-09-27 23:50:00,553 - freqtrade.worker - INFO - Bot heartbeat. PID=2401, version='2026.7', state='RUNNING'
2026-09-27 23:51:00,556 - freqtrade.worker - INFO - Bot heartbeat. PID=2401, version='2026.7', state='RUNNING'
2026-09-27 23:52:00,559 - freqtrade.worker - INFO - Bot heartbeat. PID=2401, version='2026.7', state='RUNNING'
2026-09-27 23:53:00,561 - freqtrade.worker - INFO - Bot heartbeat. PID=2401, version='2026.7', state='RUNNING'
2026-09-27 23:54:00,564 - freqtrade.worker - INFO - Bot heartbeat. PID=2401, version='2026.7', state='RUNNING'
2026-09-27 23:55:00,566 - freqtrade.worker - INFO - Bot heartbeat. PID=2401, version='2026.7', state='RUNNING'
2026-09-27 23:56:00,569 - freqtrade.worker - INFO - Bot heartbeat. PID=2401, version='2026.7', state='RUNNING'
2026-09-27 23:57:00,572 - freqtrade.worker - INFO - Bot heartbeat. PID=2401, version='2026.7', state='RUNNING'
2026-09-27 23:58:00,575 - freqtrade.worker - INFO - Bot heartbeat. PID=2401, version='2026.7', state='RUNNING'
2026-09-27 23:59:00,578 - freqtrade.worker - INFO - Bot heartbeat. PID=2401, version='2026.7', state='RUNNING'
2026-09-28 00:00:01,000 - freqtrade.worker - INFO - Bot heartbeat. PID=2401, version='2026.7', state='RUNNING'
2026-09-28 00:01:01,003 - freqtrade.worker - INFO - Bot heartbeat. PID=2401, version='2026.7', state='RUNNING'
2026-09-28 00:01:07,448 - freqtrade.wallets - INFO - Wallets synced.
2026-09-28 00:02:01,005 - freqtrade.worker - INFO - Bot heartbeat. PID=2401, version='2026.7', state='RUNNING'
2026-09-28 00:03:01,008 - freqtrade.worker - INFO - Bot heartbeat. PID=2401, version='2026.7', state='RUNNING'
2026-09-28 00:04:01,011 - freqtrade.worker - INFO - Bot heartbeat. PID=2401, version='2026.7', state='RUNNING'
2026-09-28 00:05:01,013 - freqtrade.worker - INFO - Bot heartbeat. PID=2401, version='2026.7', state='RUNNING'
2026-09-28 00:06:01,016 - freqtrade.worker - INFO - Bot heartbeat. PID=2401, version='2026.7', state='RUNNING'
2026-09-28 00:07:01,019 - freqtrade.worker - INFO - Bot heartbeat. PID=2401, version='2026.7', state='RUNNING'
2026-09-28 00:08:23,926 - freqtrade.loggers - INFO - Enabling colorized output.
2026-09-28 00:08:23,927 - freqtrade.loggers - INFO - Logfile configured
2026-09-28 00:08:23,927 - freqtrade.loggers - INFO - Verbosity set to 0
2026-09-28 00:08:23,927 - freqtrade.configuration.configuration - INFO - Runmode set to dry_run.
2026-09-28 00:08:23,928 - freqtrade.configuration.configuration - INFO - Parameter --db-url detected ...
2026-09-28 00:08:23,928 - freqtrade.configuration.configuration - INFO - Dry run is enabled
2026-09-28 00:08:23,929 - freqtrade.configuration.configuration - INFO - Using DB: "sqlite:////home/runner/work/_temp/live_cloud.sqlite"
2026-09-28 00:08:23,929 - freqtrade.configuration.configuration - INFO - Using max_open_trades: 15 ...
2026-09-28 00:08:23,930 - freqtrade.configuration.configuration - INFO - Using user-data directory: user_data ...
2026-09-28 00:08:23,930 - freqtrade.configuration.directory_operations - INFO - Created data directory: None
2026-09-28 00:08:23,931 - freqtrade.configuration.configuration - INFO - Using data directory: user_data/data/gate ...
2026-09-28 00:08:23,931 - freqtrade.exchange.check_exchange - INFO - Checking exchange...
2026-09-28 00:08:23,938 - freqtrade.exchange.check_exchange - INFO - Exchange "gate" is officially supported by the Freqtrade development team.
2026-09-28 00:08:23,939 - freqtrade.configuration.configuration - INFO - Using pairlist from configuration.
2026-09-28 00:08:23,939 - freqtrade.exchange.exchange - INFO - Instance is running with dry_run enabled
2026-09-28 00:08:23,940 - freqtrade.exchange.exchange - INFO - Using CCXT 4.5.84
2026-09-28 00:08:23,940 - freqtrade.exchange.exchange - INFO - Applying additional ccxt config: {'options': {'defaultType': 'swap'}}
2026-09-28 00:08:23,943 - freqtrade.exchange.exchange - INFO - Applying additional ccxt config: {'options': {'defaultType': 'swap'}}
2026-09-28 00:08:23,946 - freqtrade.exchange.exchange - INFO - Using Exchange "Gate"
2026-09-28 00:08:30,042 - freqtrade.resolvers.exchange_resolver - INFO - Using resolved exchange class 'Gate' ...
2026-09-28 00:08:30,055 - freqtrade.resolvers.iresolver - INFO - Using resolved strategy HourlyTrend from '/home/runner/work/hourly-bot/hourly-bot/user_data/strategies/HourlyTrend.py'...
2026-09-28 00:08:30,056 - freqtrade.strategy.hyper - INFO - Found no parameter file.
2026-09-28 00:08:30,056 - freqtrade.resolvers.strategy_resolver - INFO - Override strategy 'timeframe' with value from the configuration: 1h.
2026-09-28 00:08:30,057 - freqtrade.resolvers.strategy_resolver - INFO - Override strategy 'order_types' with value from the configuration: {'entry': 'limit', 'exit': 'limit', 'stoploss': 'limit', 'stoploss_on_exchange': False}.
2026-09-28 00:08:30,057 - freqtrade.resolvers.strategy_resolver - INFO - Override strategy 'stake_currency' with value from the configuration: USDT.
2026-09-28 00:08:30,057 - freqtrade.resolvers.strategy_resolver - INFO - Override strategy 'stake_amount' with value from the configuration: unlimited.
2026-09-28 00:08:30,058 - freqtrade.resolvers.strategy_resolver - INFO - Override strategy 'unfilledtimeout' with value from the configuration: {'entry': 5, 'exit': 5, 'exit_timeout_count': 0, 'unit': 'minutes'}.
2026-09-28 00:08:30,058 - freqtrade.resolvers.strategy_resolver - INFO - Override strategy 'max_open_trades' with value from the configuration: 15.
2026-09-28 00:08:30,059 - freqtrade.resolvers.strategy_resolver - INFO - Strategy using minimal_roi: {'0': 100.0}
2026-09-28 00:08:30,059 - freqtrade.resolvers.strategy_resolver - INFO - Strategy using timeframe: 1h
2026-09-28 00:08:30,059 - freqtrade.resolvers.strategy_resolver - INFO - Strategy using stoploss: -0.6
2026-09-28 00:08:30,060 - freqtrade.resolvers.strategy_resolver - INFO - Strategy using trailing_stop: False
2026-09-28 00:08:30,060 - freqtrade.resolvers.strategy_resolver - INFO - Strategy using trailing_stop_positive_offset: 0.0
2026-09-28 00:08:30,060 - freqtrade.resolvers.strategy_resolver - INFO - Strategy using trailing_only_offset_is_reached: False
2026-09-28 00:08:30,061 - freqtrade.resolvers.strategy_resolver - INFO - Strategy using use_custom_stoploss: True
2026-09-28 00:08:30,061 - freqtrade.resolvers.strategy_resolver - INFO - Strategy using process_only_new_candles: True
2026-09-28 00:08:30,061 - freqtrade.resolvers.strategy_resolver - INFO - Strategy using order_types: {'entry': 'limit', 'exit': 'limit', 'stoploss': 'limit', 'stoploss_on_exchange': False}
2026-09-28 00:08:30,062 - freqtrade.resolvers.strategy_resolver - INFO - Strategy using order_time_in_force: {'entry': 'GTC', 'exit': 'GTC'}
2026-09-28 00:08:30,062 - freqtrade.resolvers.strategy_resolver - INFO - Strategy using stake_currency: USDT
2026-09-28 00:08:30,062 - freqtrade.resolvers.strategy_resolver - INFO - Strategy using stake_amount: unlimited
2026-09-28 00:08:30,063 - freqtrade.resolvers.strategy_resolver - INFO - Strategy using startup_candle_count: 800
2026-09-28 00:08:30,063 - freqtrade.resolvers.strategy_resolver - INFO - Strategy using unfilledtimeout: {'entry': 5, 'exit': 5, 'exit_timeout_count': 0, 'unit': 'minutes'}
2026-09-28 00:08:30,063 - freqtrade.resolvers.strategy_resolver - INFO - Strategy using use_exit_signal: False
2026-09-28 00:08:30,064 - freqtrade.resolvers.strategy_resolver - INFO - Strategy using exit_profit_only: False
2026-09-28 00:08:30,064 - freqtrade.resolvers.strategy_resolver - INFO - Strategy using ignore_roi_if_entry_signal: False
2026-09-28 00:08:30,064 - freqtrade.resolvers.strategy_resolver - INFO - Strategy using exit_profit_offset: 0.0
2026-09-28 00:08:30,065 - freqtrade.resolvers.strategy_resolver - INFO - Strategy using disable_dataframe_checks: False
2026-09-28 00:08:30,065 - freqtrade.resolvers.strategy_resolver - INFO - Strategy using ignore_buying_expired_candle_after: 0
2026-09-28 00:08:30,065 - freqtrade.resolvers.strategy_resolver - INFO - Strategy using position_adjustment_enable: False
2026-09-28 00:08:30,066 - freqtrade.resolvers.strategy_resolver - INFO - Strategy using max_entry_position_adjustment: -1
2026-09-28 00:08:30,066 - freqtrade.resolvers.strategy_resolver - INFO - Strategy using max_open_trades: 15
2026-09-28 00:08:30,066 - freqtrade.configuration.config_validation - INFO - Validating configuration ...
2026-09-28 00:08:30,106 - freqtrade.wallets - INFO - Wallets synced.
2026-09-28 00:08:30,225 - freqtrade.rpc.rpc_manager - INFO - Enabling rpc.api_server
2026-09-28 00:08:30,390 - freqtrade.rpc.api_server.webserver - INFO - Starting HTTP Server at 127.0.0.1:8080
2026-09-28 00:08:30,391 - freqtrade.rpc.api_server.webserver - INFO - Starting Local Rest Server.
2026-09-28 00:08:30,409 - uvicorn.error - INFO - Started server process [2381]
2026-09-28 00:08:30,409 - uvicorn.error - INFO - Waiting for application startup.
2026-09-28 00:08:30,410 - uvicorn.error - INFO - Application startup complete.
2026-09-28 00:08:30,411 - uvicorn.error - INFO - Uvicorn running on http://127.0.0.1:8080 (Press CTRL+C to quit)
2026-09-28 00:08:30,414 - freqtrade.resolvers.iresolver - INFO - Using resolved pairlist StaticPairList from '/opt/hostedtoolcache/Python/3.12.14/x64/lib/python3.12/site-packages/freqtrade/plugins/pairlist/StaticPairList.py'...
2026-09-28 00:08:30,414 - freqtrade.freqtradebot - INFO - Starting initial pairlist refresh
2026-09-28 00:08:30,477 - freqtrade.plugins.pairlistmanager - INFO - Whitelist with 47 pairs: ['BTC/USDT:USDT', 'ETH/USDT:USDT', 'BNB/USDT:USDT', 'SOL/USDT:USDT', 'ADA/USDT:USDT', 'DOGE/USDT:USDT', 'AVAX/USDT:USDT', 'DOT/USDT:USDT', 'LINK/USDT:USDT', 'LTC/USDT:USDT', 'BCH/USDT:USDT', 'ATOM/USDT:USDT', 'UNI/USDT:USDT', 'ETC/USDT:USDT', 'NEAR/USDT:USDT', 'ALGO/USDT:USDT', 'FIL/USDT:USDT', 'ICP/USDT:USDT', 'HBAR/USDT:USDT', 'APE/USDT:USDT', 'SAND/USDT:USDT', 'MANA/USDT:USDT', 'AXS/USDT:USDT', 'THETA/USDT:USDT', 'AAVE/USDT:USDT', 'GRT/USDT:USDT', 'CHZ/USDT:USDT', 'ENJ/USDT:USDT', 'CRV/USDT:USDT', 'COMP/USDT:USDT', 'DASH/USDT:USDT', 'QTUM/USDT:USDT', 'IOTA/USDT:USDT', 'ONT/USDT:USDT', 'BAT/USDT:USDT', 'RVN/USDT:USDT', 'KSM/USDT:USDT', 'EGLD/USDT:USDT', 'GALA/USDT:USDT', 'CELO/USDT:USDT', 'SUSHI/USDT:USDT', 'SNX/USDT:USDT', 'LRC/USDT:USDT', 'STORJ/USDT:USDT', 'ANKR/USDT:USDT', 'SKL/USDT:USDT', 'BAND/USDT:USDT']
2026-09-28 00:08:30,478 - freqtrade.freqtradebot - INFO - Initial Pairlist refresh took 0.06s
2026-09-28 00:08:30,480 - freqtrade.strategy.hyper - INFO - No params for buy found, using default values.
2026-09-28 00:08:30,480 - freqtrade.strategy.hyper - INFO - Strategy Parameter(default): adx_floor = 20
2026-09-28 00:08:30,481 - freqtrade.strategy.hyper - INFO - Strategy Parameter(default): breakout_hours = 72
2026-09-28 00:08:30,481 - freqtrade.strategy.hyper - INFO - Strategy Parameter(default): ema_fast = 50
2026-09-28 00:08:30,481 - freqtrade.strategy.hyper - INFO - Strategy Parameter(default): ema_slow = 200
2026-09-28 00:08:30,482 - freqtrade.strategy.hyper - INFO - Strategy Parameter(default): rsi_long_max = 78
2026-09-28 00:08:30,482 - freqtrade.strategy.hyper - INFO - Strategy Parameter(default): rsi_short_min = 22
2026-09-28 00:08:30,482 - freqtrade.strategy.hyper - INFO - No params for sell found, using default values.
2026-09-28 00:08:30,483 - freqtrade.strategy.hyper - INFO - Strategy Parameter(default): initial_stop_atr = 2.0
2026-09-28 00:08:30,483 - freqtrade.strategy.hyper - INFO - Strategy Parameter(default): risk_per_trade = 0.01
2026-09-28 00:08:30,483 - freqtrade.strategy.hyper - INFO - Strategy Parameter(default): trail_atr = 6.0
2026-09-28 00:08:30,484 - freqtrade.resolvers.iresolver - INFO - Using resolved protection CooldownPeriod from '/opt/hostedtoolcache/Python/3.12.14/x64/lib/python3.12/site-packages/freqtrade/plugins/protections/cooldown_period.py'...
2026-09-28 00:08:30,486 - freqtrade.resolvers.iresolver - INFO - Using resolved protection MaxDrawdown from '/opt/hostedtoolcache/Python/3.12.14/x64/lib/python3.12/site-packages/freqtrade/plugins/protections/max_drawdown_protection.py'...
2026-09-28 00:08:30,487 - freqtrade.resolvers.iresolver - INFO - Using resolved protection StoplossGuard from '/opt/hostedtoolcache/Python/3.12.14/x64/lib/python3.12/site-packages/freqtrade/plugins/protections/stoploss_guard.py'...
2026-09-28 00:08:30,488 - freqtrade.rpc.rpc_manager - INFO - Sending rpc message: {'type': status, 'status': 'running'}
2026-09-28 00:08:30,488 - freqtrade.worker - INFO - Changing state to: RUNNING
2026-09-28 00:08:30,497 - freqtrade.rpc.rpc_manager - INFO - Sending rpc message: {'type': warning, 'status': 'Dry run is enabled. All trades are simulated.'}
2026-09-28 00:08:30,498 - freqtrade.rpc.rpc_manager - INFO - Sending rpc message: {'type': startup, 'status': "*Exchange:* `gate`\n*Stake per trade:* `unlimited USDT`\n*Minimum ROI:* `{'0': 100.0}`\n*Stoploss:* `-0.6`\n*Position adjustment:* `Off`\n*Timeframe:* `1h`\n*Strategy:* `HourlyTrend`"}
2026-09-28 00:08:30,498 - freqtrade.rpc.rpc_manager - INFO - Sending rpc message: {'type': startup, 'status': "Searching for USDT pairs to buy and sell based on [{'StaticPairList': 'StaticPairList'}]"}
2026-09-28 00:08:30,499 - freqtrade.rpc.rpc_manager - INFO - Sending rpc message: {'type': startup, 'status': 'Using Protections: \nCooldownPeriod - Cooldown period for 2 candles.\nMaxDrawdown - Max drawdown protection, stop trading if drawdown is > 0.15 within 168 candles.\nStoplossGuard - Frequent Stoploss Guard, 6 stoplosses with profit < 0.00% within 24 candles.'}
2026-09-28 00:08:30,503 - freqtrade.persistence.trade_model - INFO - Found open trade: Trade(id=51, pair=MANA/USDT:USDT, amount=79.7, is_short=False, leverage=10, open_rate=0.09099, open_since=2026-09-25 07:00:04)
2026-09-28 00:08:30,503 - freqtrade.persistence.trade_model - INFO - Found open trade: Trade(id=57, pair=NEAR/USDT:USDT, amount=1, is_short=False, leverage=10, open_rate=5.5518, open_since=2026-09-27 22:00:05)
2026-09-28 00:08:35,967 - freqtrade.worker - INFO - Bot heartbeat. PID=2381, version='2026.7', state='RUNNING'
2026-09-28 00:09:35,970 - freqtrade.worker - INFO - Bot heartbeat. PID=2381, version='2026.7', state='RUNNING'
2026-09-28 00:10:35,973 - freqtrade.worker - INFO - Bot heartbeat. PID=2381, version='2026.7', state='RUNNING'
2026-09-28 00:11:35,976 - freqtrade.worker - INFO - Bot heartbeat. PID=2381, version='2026.7', state='RUNNING'
2026-09-28 00:12:35,980 - freqtrade.worker - INFO - Bot heartbeat. PID=2381, version='2026.7', state='RUNNING'
2026-09-28 00:13:35,983 - freqtrade.worker - INFO - Bot heartbeat. PID=2381, version='2026.7', state='RUNNING'
2026-09-28 00:14:35,986 - freqtrade.worker - INFO - Bot heartbeat. PID=2381, version='2026.7', state='RUNNING'
2026-09-28 00:15:35,989 - freqtrade.worker - INFO - Bot heartbeat. PID=2381, version='2026.7', state='RUNNING'
2026-09-28 00:16:35,992 - freqtrade.worker - INFO - Bot heartbeat. PID=2381, version='2026.7', state='RUNNING'
2026-09-28 00:17:35,995 - freqtrade.worker - INFO - Bot heartbeat. PID=2381, version='2026.7', state='RUNNING'
2026-09-28 00:18:35,998 - freqtrade.worker - INFO - Bot heartbeat. PID=2381, version='2026.7', state='RUNNING'
2026-09-28 00:19:36,001 - freqtrade.worker - INFO - Bot heartbeat. PID=2381, version='2026.7', state='RUNNING'
2026-09-28 00:20:36,004 - freqtrade.worker - INFO - Bot heartbeat. PID=2381, version='2026.7', state='RUNNING'
2026-09-28 00:21:36,007 - freqtrade.worker - INFO - Bot heartbeat. PID=2381, version='2026.7', state='RUNNING'
2026-09-28 00:22:36,010 - freqtrade.worker - INFO - Bot heartbeat. PID=2381, version='2026.7', state='RUNNING'
2026-09-28 00:23:36,013 - freqtrade.worker - INFO - Bot heartbeat. PID=2381, version='2026.7', state='RUNNING'
2026-09-28 00:24:36,016 - freqtrade.worker - INFO - Bot heartbeat. PID=2381, version='2026.7', state='RUNNING'
2026-09-28 00:25:36,019 - freqtrade.worker - INFO - Bot heartbeat. PID=2381, version='2026.7', state='RUNNING'
2026-09-28 00:26:36,022 - freqtrade.worker - INFO - Bot heartbeat. PID=2381, version='2026.7', state='RUNNING'
2026-09-28 00:27:36,025 - freqtrade.worker - INFO - Bot heartbeat. PID=2381, version='2026.7', state='RUNNING'
2026-09-28 00:28:36,029 - freqtrade.worker - INFO - Bot heartbeat. PID=2381, version='2026.7', state='RUNNING'
2026-09-28 00:29:36,032 - freqtrade.worker - INFO - Bot heartbeat. PID=2381, version='2026.7', state='RUNNING'
2026-09-28 00:30:36,035 - freqtrade.worker - INFO - Bot heartbeat. PID=2381, version='2026.7', state='RUNNING'
2026-09-28 00:31:07,353 - freqtrade.wallets - INFO - Wallets synced.
2026-09-28 00:31:36,038 - freqtrade.worker - INFO - Bot heartbeat. PID=2381, version='2026.7', state='RUNNING'
2026-09-28 00:32:36,041 - freqtrade.worker - INFO - Bot heartbeat. PID=2381, version='2026.7', state='RUNNING'
2026-09-28 00:33:36,044 - freqtrade.worker - INFO - Bot heartbeat. PID=2381, version='2026.7', state='RUNNING'
2026-09-28 00:34:36,047 - freqtrade.worker - INFO - Bot heartbeat. PID=2381, version='2026.7', state='RUNNING'
2026-09-28 00:35:36,050 - freqtrade.worker - INFO - Bot heartbeat. PID=2381, version='2026.7', state='RUNNING'
2026-09-28 00:36:16,421 - freqtrade.freqtradebot - INFO - Exit for NEAR/USDT:USDT detected. Reason: stop_loss
2026-09-28 00:36:17,076 - freqtrade.freqtradebot - INFO - Skipping cancelling stoploss on exchange for Trade(id=57, pair=NEAR/USDT:USDT, amount=1, is_short=False, leverage=10, open_rate=5.5518, open_since=2026-09-27 22:00:05).
2026-09-28 00:36:17,078 - freqtrade.wallets - INFO - Wallets synced.
2026-09-28 00:36:17,182 - freqtrade.rpc.rpc_manager - INFO - Sending rpc message: {'type': exit, 'trade_id': 57, 'exchange': 'Gate', 'pair': 'NEAR/USDT:USDT', 'leverage': 10.0, 'direction': 'Long', 'gain': 'loss', 'limit': 5.3101, 'order_rate': 5.3101, 'order_type': 'limit', 'amount': 1.0, 'open_rate': 5.5518, 'close_rate': 5.3101, 'current_rate': 5.3101, 'profit_amount': -0.24766953, 'profit_ratio': -0.44588378, 'buy_tag': 'h_breakout_up', 'enter_tag': 'h_breakout_up', 'exit_reason': 'stop_loss', 'open_date': datetime.datetime(2026, 9, 27, 22, 0, 5, 245118, tzinfo=datetime.timezone.utc), 'close_date': datetime.datetime(2026, 9, 28, 0, 36, 17, 182917, tzinfo=datetime.timezone.utc), 'stake_amount': 0.55518, 'stake_currency': 'USDT', 'base_currency': 'NEAR', 'quote_currency': 'USDT', 'fiat_currency': 'USD', 'sub_trade': False, 'cumulative_profit': 0.0, 'final_profit_ratio': None, 'is_final_exit': False}
2026-09-28 00:36:17,188 - freqtrade.wallets - INFO - Wallets synced.
2026-09-28 00:36:21,314 - freqtrade.freqtradebot - INFO - Found open order for Trade(id=57, pair=NEAR/USDT:USDT, amount=1, is_short=False, leverage=10, open_rate=5.5518, open_since=2026-09-27 22:00:05)
2026-09-28 00:36:26,317 - freqtrade.freqtradebot - INFO - Found open order for Trade(id=57, pair=NEAR/USDT:USDT, amount=1, is_short=False, leverage=10, open_rate=5.5518, open_since=2026-09-27 22:00:05)
2026-09-28 00:36:26,320 - freqtrade.freqtradebot - INFO - Fee for Trade Trade(id=57, pair=NEAR/USDT:USDT, amount=1, is_short=False, leverage=10, open_rate=5.5518, open_since=2026-09-27 22:00:05) [sell]: 0.00106202 USDT - rate: 0.0002
2026-09-28 00:36:26,321 - freqtrade.persistence.trade_model - INFO - Updating trade (id=57) ...
2026-09-28 00:36:26,321 - freqtrade.persistence.trade_model - INFO - LIMIT_SELL has been fulfilled for Trade(id=57, pair=NEAR/USDT:USDT, amount=1, is_short=False, leverage=10, open_rate=5.5518, open_since=2026-09-27 22:00:05).
2026-09-28 00:36:26,322 - freqtrade.persistence.trade_model - INFO - Marking Trade(id=57, pair=NEAR/USDT:USDT, amount=1, is_short=False, leverage=10, open_rate=5.5518, open_since=closed) as closed as the trade is fulfilled and found no open orders for it.
2026-09-28 00:36:26,327 - freqtrade.wallets - INFO - Wallets synced.
2026-09-28 00:36:26,328 - freqtrade.rpc.rpc_manager - INFO - Sending rpc message: {'type': exit_fill, 'trade_id': 57, 'exchange': 'Gate', 'pair': 'NEAR/USDT:USDT', 'leverage': 10.0, 'direction': 'Long', 'gain': 'loss', 'limit': 5.3101, 'order_rate': 5.3101, 'order_type': 'limit', 'amount': 1.0, 'open_rate': 5.5518, 'close_rate': 5.3101, 'current_rate': None, 'profit_amount': -0.2460765, 'profit_ratio': -0.44301582, 'buy_tag': 'h_breakout_up', 'enter_tag': 'h_breakout_up', 'exit_reason': 'stop_loss', 'open_date': datetime.datetime(2026, 9, 27, 22, 0, 5, 245118, tzinfo=datetime.timezone.utc), 'close_date': datetime.datetime(2026, 9, 28, 0, 36, 26, 317000, tzinfo=datetime.timezone.utc), 'stake_amount': 0.55518, 'stake_currency': 'USDT', 'base_currency': 'NEAR', 'quote_currency': 'USDT', 'fiat_currency': 'USD', 'sub_trade': False, 'cumulative_profit': -0.2460765, 'final_profit_ratio': -0.44301582052375954, 'is_final_exit': True}
2026-09-28 00:36:26,335 - cooldown_period - INFO - Cooldown for NEAR/USDT:USDT for 2 candles.
2026-09-28 00:36:26,339 - freqtrade.rpc.rpc_manager - INFO - Sending rpc message: {'type': protection_trigger, 'base_currency': 'NEAR', 'id': 120, 'pair': 'NEAR/USDT:USDT', 'lock_time': '2026-09-28 00:36:26', 'lock_timestamp': 1790555786333, 'lock_end_time': '2026-09-28 03:00:00', 'lock_end_timestamp': 1790564400000, 'reason': 'Cooldown period for for 2 candles.', 'side': '*', 'active': True}
2026-09-28 00:36:26,348 - max_drawdown_protection - INFO - Trading stopped due to Max Drawdown 2.48 > 0.15 within 168 candles.
2026-09-28 00:36:26,352 - freqtrade.rpc.rpc_manager - INFO - Sending rpc message: {'type': protection_trigger_global, 'base_currency': '', 'id': 121, 'pair': '*', 'lock_time': '2026-09-28 00:36:26', 'lock_timestamp': 1790555786339, 'lock_end_time': '2026-09-29 01:00:00', 'lock_end_timestamp': 1790643600000, 'reason': '2.4847441376266115 passed 0.15 in 168 candles, locking for 24 candles.', 'side': '*', 'active': True}
2026-09-28 00:36:26,460 - freqtrade.freqtradebot - INFO - Global pairlock active until 2026-09-29 01:00:00. Not creating new trades, reason: 2.4847441376266115 passed 0.15 in 168 candles, locking for 24 candles..
2026-09-28 00:36:36,053 - freqtrade.worker - INFO - Bot heartbeat. PID=2381, version='2026.7', state='RUNNING'
2026-09-28 00:37:36,056 - freqtrade.worker - INFO - Bot heartbeat. PID=2381, version='2026.7', state='RUNNING'
2026-09-28 00:38:36,059 - freqtrade.worker - INFO - Bot heartbeat. PID=2381, version='2026.7', state='RUNNING'
2026-09-28 00:39:36,062 - freqtrade.worker - INFO - Bot heartbeat. PID=2381, version='2026.7', state='RUNNING'
2026-09-28 00:40:36,065 - freqtrade.worker - INFO - Bot heartbeat. PID=2381, version='2026.7', state='RUNNING'
2026-09-28 00:41:36,068 - freqtrade.worker - INFO - Bot heartbeat. PID=2381, version='2026.7', state='RUNNING'
2026-09-28 00:42:36,071 - freqtrade.worker - INFO - Bot heartbeat. PID=2381, version='2026.7', state='RUNNING'
2026-09-28 00:43:36,074 - freqtrade.worker - INFO - Bot heartbeat. PID=2381, version='2026.7', state='RUNNING'
2026-09-28 00:44:36,077 - freqtrade.worker - INFO - Bot heartbeat. PID=2381, version='2026.7', state='RUNNING'
2026-09-28 00:45:36,080 - freqtrade.worker - INFO - Bot heartbeat. PID=2381, version='2026.7', state='RUNNING'
2026-09-28 00:46:36,083 - freqtrade.worker - INFO - Bot heartbeat. PID=2381, version='2026.7', state='RUNNING'
2026-09-28 00:47:36,086 - freqtrade.worker - INFO - Bot heartbeat. PID=2381, version='2026.7', state='RUNNING'
2026-09-28 00:48:36,089 - freqtrade.worker - INFO - Bot heartbeat. PID=2381, version='2026.7', state='RUNNING'
2026-09-28 00:49:36,092 - freqtrade.worker - INFO - Bot heartbeat. PID=2381, version='2026.7', state='RUNNING'
2026-09-28 00:50:36,096 - freqtrade.worker - INFO - Bot heartbeat. PID=2381, version='2026.7', state='RUNNING'
2026-09-28 00:51:36,099 - freqtrade.worker - INFO - Bot heartbeat. PID=2381, version='2026.7', state='RUNNING'
2026-09-28 00:52:36,102 - freqtrade.worker - INFO - Bot heartbeat. PID=2381, version='2026.7', state='RUNNING'
2026-09-28 00:53:36,105 - freqtrade.worker - INFO - Bot heartbeat. PID=2381, version='2026.7', state='RUNNING'
2026-09-28 00:54:36,109 - freqtrade.worker - INFO - Bot heartbeat. PID=2381, version='2026.7', state='RUNNING'
2026-09-28 00:55:36,112 - freqtrade.worker - INFO - Bot heartbeat. PID=2381, version='2026.7', state='RUNNING'
2026-09-28 00:56:36,115 - freqtrade.worker - INFO - Bot heartbeat. PID=2381, version='2026.7', state='RUNNING'
2026-09-28 00:57:36,118 - freqtrade.worker - INFO - Bot heartbeat. PID=2381, version='2026.7', state='RUNNING'
2026-09-28 00:58:36,121 - freqtrade.worker - INFO - Bot heartbeat. PID=2381, version='2026.7', state='RUNNING'
2026-09-28 00:59:36,124 - freqtrade.worker - INFO - Bot heartbeat. PID=2381, version='2026.7', state='RUNNING'
2026-09-28 01:00:41,001 - freqtrade.worker - INFO - Bot heartbeat. PID=2381, version='2026.7', state='RUNNING'
2026-09-28 01:01:06,840 - freqtrade.wallets - INFO - Wallets synced.
2026-09-28 01:01:41,004 - freqtrade.worker - INFO - Bot heartbeat. PID=2381, version='2026.7', state='RUNNING'
2026-09-28 01:02:41,007 - freqtrade.worker - INFO - Bot heartbeat. PID=2381, version='2026.7', state='RUNNING'
2026-09-28 01:03:41,010 - freqtrade.worker - INFO - Bot heartbeat. PID=2381, version='2026.7', state='RUNNING'
2026-09-28 01:04:41,013 - freqtrade.worker - INFO - Bot heartbeat. PID=2381, version='2026.7', state='RUNNING'
2026-09-28 01:05:41,015 - freqtrade.worker - INFO - Bot heartbeat. PID=2381, version='2026.7', state='RUNNING'
2026-09-28 01:06:41,019 - freqtrade.worker - INFO - Bot heartbeat. PID=2381, version='2026.7', state='RUNNING'
2026-09-28 01:07:41,022 - freqtrade.worker - INFO - Bot heartbeat. PID=2381, version='2026.7', state='RUNNING'
2026-09-28 01:08:39,245 - freqtrade.plugins.pairlistmanager - INFO - Whitelist with 47 pairs: ['BTC/USDT:USDT', 'ETH/USDT:USDT', 'BNB/USDT:USDT', 'SOL/USDT:USDT', 'ADA/USDT:USDT', 'DOGE/USDT:USDT', 'AVAX/USDT:USDT', 'DOT/USDT:USDT', 'LINK/USDT:USDT', 'LTC/USDT:USDT', 'BCH/USDT:USDT', 'ATOM/USDT:USDT', 'UNI/USDT:USDT', 'ETC/USDT:USDT', 'NEAR/USDT:USDT', 'ALGO/USDT:USDT', 'FIL/USDT:USDT', 'ICP/USDT:USDT', 'HBAR/USDT:USDT', 'APE/USDT:USDT', 'SAND/USDT:USDT', 'MANA/USDT:USDT', 'AXS/USDT:USDT', 'THETA/USDT:USDT', 'AAVE/USDT:USDT', 'GRT/USDT:USDT', 'CHZ/USDT:USDT', 'ENJ/USDT:USDT', 'CRV/USDT:USDT', 'COMP/USDT:USDT', 'DASH/USDT:USDT', 'QTUM/USDT:USDT', 'IOTA/USDT:USDT', 'ONT/USDT:USDT', 'BAT/USDT:USDT', 'RVN/USDT:USDT', 'KSM/USDT:USDT', 'EGLD/USDT:USDT', 'GALA/USDT:USDT', 'CELO/USDT:USDT', 'SUSHI/USDT:USDT', 'SNX/USDT:USDT', 'LRC/USDT:USDT', 'STORJ/USDT:USDT', 'ANKR/USDT:USDT', 'SKL/USDT:USDT', 'BAND/USDT:USDT']
2026-09-28 01:08:44,796 - freqtrade.worker - INFO - Bot heartbeat. PID=2381, version='2026.7', state='RUNNING'
2026-09-28 01:09:44,799 - freqtrade.worker - INFO - Bot heartbeat. PID=2381, version='2026.7', state='RUNNING'
2026-09-28 01:10:44,802 - freqtrade.worker - INFO - Bot heartbeat. PID=2381, version='2026.7', state='RUNNING'
2026-09-28 01:11:44,805 - freqtrade.worker - INFO - Bot heartbeat. PID=2381, version='2026.7', state='RUNNING'
2026-09-28 01:12:44,808 - freqtrade.worker - INFO - Bot heartbeat. PID=2381, version='2026.7', state='RUNNING'
2026-09-28 01:13:44,811 - freqtrade.worker - INFO - Bot heartbeat. PID=2381, version='2026.7', state='RUNNING'
2026-09-28 01:14:44,814 - freqtrade.worker - INFO - Bot heartbeat. PID=2381, version='2026.7', state='RUNNING'
2026-09-28 01:15:44,817 - freqtrade.worker - INFO - Bot heartbeat. PID=2381, version='2026.7', state='RUNNING'
2026-09-28 01:16:44,820 - freqtrade.worker - INFO - Bot heartbeat. PID=2381, version='2026.7', state='RUNNING'
2026-09-28 01:17:44,823 - freqtrade.worker - INFO - Bot heartbeat. PID=2381, version='2026.7', state='RUNNING'
2026-09-28 01:18:44,826 - freqtrade.worker - INFO - Bot heartbeat. PID=2381, version='2026.7', state='RUNNING'
2026-09-28 01:19:44,829 - freqtrade.worker - INFO - Bot heartbeat. PID=2381, version='2026.7', state='RUNNING'
2026-09-28 01:20:44,831 - freqtrade.worker - INFO - Bot heartbeat. PID=2381, version='2026.7', state='RUNNING'
2026-09-28 01:21:44,834 - freqtrade.worker - INFO - Bot heartbeat. PID=2381, version='2026.7', state='RUNNING'
2026-09-28 01:22:44,837 - freqtrade.worker - INFO - Bot heartbeat. PID=2381, version='2026.7', state='RUNNING'
2026-09-28 01:23:44,840 - freqtrade.worker - INFO - Bot heartbeat. PID=2381, version='2026.7', state='RUNNING'
2026-09-28 01:24:44,843 - freqtrade.worker - INFO - Bot heartbeat. PID=2381, version='2026.7', state='RUNNING'
2026-09-28 01:25:44,846 - freqtrade.worker - INFO - Bot heartbeat. PID=2381, version='2026.7', state='RUNNING'
2026-09-28 01:26:44,849 - freqtrade.worker - INFO - Bot heartbeat. PID=2381, version='2026.7', state='RUNNING'
2026-09-28 01:27:44,851 - freqtrade.worker - INFO - Bot heartbeat. PID=2381, version='2026.7', state='RUNNING'
2026-09-28 01:28:44,854 - freqtrade.worker - INFO - Bot heartbeat. PID=2381, version='2026.7', state='RUNNING'
2026-09-28 01:29:44,857 - freqtrade.worker - INFO - Bot heartbeat. PID=2381, version='2026.7', state='RUNNING'
2026-09-28 01:30:44,860 - freqtrade.worker - INFO - Bot heartbeat. PID=2381, version='2026.7', state='RUNNING'
2026-09-28 01:31:05,760 - freqtrade.wallets - INFO - Wallets synced.
2026-09-28 01:31:44,863 - freqtrade.worker - INFO - Bot heartbeat. PID=2381, version='2026.7', state='RUNNING'
2026-09-28 01:32:44,865 - freqtrade.worker - INFO - Bot heartbeat. PID=2381, version='2026.7', state='RUNNING'
2026-09-28 01:33:44,868 - freqtrade.worker - INFO - Bot heartbeat. PID=2381, version='2026.7', state='RUNNING'
2026-09-28 01:34:44,871 - freqtrade.worker - INFO - Bot heartbeat. PID=2381, version='2026.7', state='RUNNING'
2026-09-28 01:35:44,874 - freqtrade.worker - INFO - Bot heartbeat. PID=2381, version='2026.7', state='RUNNING'
2026-09-28 01:36:30,140 - freqtrade.freqtradebot - INFO - Global pairlock active until 2026-09-29 01:00:00. Not creating new trades, reason: 2.4847441376266115 passed 0.15 in 168 candles, locking for 24 candles..
2026-09-28 01:36:44,877 - freqtrade.worker - INFO - Bot heartbeat. PID=2381, version='2026.7', state='RUNNING'
2026-09-28 01:37:44,880 - freqtrade.worker - INFO - Bot heartbeat. PID=2381, version='2026.7', state='RUNNING'
2026-09-28 01:38:44,883 - freqtrade.worker - INFO - Bot heartbeat. PID=2381, version='2026.7', state='RUNNING'
2026-09-28 01:39:44,886 - freqtrade.worker - INFO - Bot heartbeat. PID=2381, version='2026.7', state='RUNNING'
2026-09-28 01:40:44,889 - freqtrade.worker - INFO - Bot heartbeat. PID=2381, version='2026.7', state='RUNNING'
2026-09-28 01:41:44,892 - freqtrade.worker - INFO - Bot heartbeat. PID=2381, version='2026.7', state='RUNNING'
2026-09-28 01:42:44,895 - freqtrade.worker - INFO - Bot heartbeat. PID=2381, version='2026.7', state='RUNNING'
2026-09-28 01:43:44,898 - freqtrade.worker - INFO - Bot heartbeat. PID=2381, version='2026.7', state='RUNNING'
2026-09-28 01:44:44,901 - freqtrade.worker - INFO - Bot heartbeat. PID=2381, version='2026.7', state='RUNNING'
2026-09-28 01:45:44,903 - freqtrade.worker - INFO - Bot heartbeat. PID=2381, version='2026.7', state='RUNNING'
2026-09-28 01:46:44,906 - freqtrade.worker - INFO - Bot heartbeat. PID=2381, version='2026.7', state='RUNNING'
2026-09-28 01:47:44,909 - freqtrade.worker - INFO - Bot heartbeat. PID=2381, version='2026.7', state='RUNNING'
2026-09-28 01:48:44,913 - freqtrade.worker - INFO - Bot heartbeat. PID=2381, version='2026.7', state='RUNNING'
2026-09-28 01:49:44,916 - freqtrade.worker - INFO - Bot heartbeat. PID=2381, version='2026.7', state='RUNNING'
2026-09-28 01:50:44,919 - freqtrade.worker - INFO - Bot heartbeat. PID=2381, version='2026.7', state='RUNNING'
2026-09-28 01:51:44,922 - freqtrade.worker - INFO - Bot heartbeat. PID=2381, version='2026.7', state='RUNNING'
2026-09-28 01:52:44,925 - freqtrade.worker - INFO - Bot heartbeat. PID=2381, version='2026.7', state='RUNNING'
2026-09-28 01:53:44,927 - freqtrade.worker - INFO - Bot heartbeat. PID=2381, version='2026.7', state='RUNNING'
2026-09-28 01:54:44,931 - freqtrade.worker - INFO - Bot heartbeat. PID=2381, version='2026.7', state='RUNNING'
2026-09-28 01:55:44,934 - freqtrade.worker - INFO - Bot heartbeat. PID=2381, version='2026.7', state='RUNNING'
2026-09-28 01:56:44,937 - freqtrade.worker - INFO - Bot heartbeat. PID=2381, version='2026.7', state='RUNNING'
2026-09-28 01:57:44,940 - freqtrade.worker - INFO - Bot heartbeat. PID=2381, version='2026.7', state='RUNNING'
2026-09-28 01:58:44,942 - freqtrade.worker - INFO - Bot heartbeat. PID=2381, version='2026.7', state='RUNNING'
2026-09-28 01:59:44,945 - freqtrade.worker - INFO - Bot heartbeat. PID=2381, version='2026.7', state='RUNNING'
2026-09-28 02:00:44,949 - freqtrade.worker - INFO - Bot heartbeat. PID=2381, version='2026.7', state='RUNNING'
2026-09-28 02:01:05,877 - freqtrade.wallets - INFO - Wallets synced.
2026-09-28 02:01:44,952 - freqtrade.worker - INFO - Bot heartbeat. PID=2381, version='2026.7', state='RUNNING'
2026-09-28 02:02:44,954 - freqtrade.worker - INFO - Bot heartbeat. PID=2381, version='2026.7', state='RUNNING'
2026-09-28 02:03:44,957 - freqtrade.worker - INFO - Bot heartbeat. PID=2381, version='2026.7', state='RUNNING'
2026-09-28 02:04:44,960 - freqtrade.worker - INFO - Bot heartbeat. PID=2381, version='2026.7', state='RUNNING'
2026-09-28 02:05:44,963 - freqtrade.worker - INFO - Bot heartbeat. PID=2381, version='2026.7', state='RUNNING'
2026-09-28 02:06:44,965 - freqtrade.worker - INFO - Bot heartbeat. PID=2381, version='2026.7', state='RUNNING'
2026-09-28 02:07:44,968 - freqtrade.worker - INFO - Bot heartbeat. PID=2381, version='2026.7', state='RUNNING'
2026-09-28 02:08:46,111 - freqtrade.plugins.pairlistmanager - INFO - Whitelist with 47 pairs: ['BTC/USDT:USDT', 'ETH/USDT:USDT', 'BNB/USDT:USDT', 'SOL/USDT:USDT', 'ADA/USDT:USDT', 'DOGE/USDT:USDT', 'AVAX/USDT:USDT', 'DOT/USDT:USDT', 'LINK/USDT:USDT', 'LTC/USDT:USDT', 'BCH/USDT:USDT', 'ATOM/USDT:USDT', 'UNI/USDT:USDT', 'ETC/USDT:USDT', 'NEAR/USDT:USDT', 'ALGO/USDT:USDT', 'FIL/USDT:USDT', 'ICP/USDT:USDT', 'HBAR/USDT:USDT', 'APE/USDT:USDT', 'SAND/USDT:USDT', 'MANA/USDT:USDT', 'AXS/USDT:USDT', 'THETA/USDT:USDT', 'AAVE/USDT:USDT', 'GRT/USDT:USDT', 'CHZ/USDT:USDT', 'ENJ/USDT:USDT', 'CRV/USDT:USDT', 'COMP/USDT:USDT', 'DASH/USDT:USDT', 'QTUM/USDT:USDT', 'IOTA/USDT:USDT', 'ONT/USDT:USDT', 'BAT/USDT:USDT', 'RVN/USDT:USDT', 'KSM/USDT:USDT', 'EGLD/USDT:USDT', 'GALA/USDT:USDT', 'CELO/USDT:USDT', 'SUSHI/USDT:USDT', 'SNX/USDT:USDT', 'LRC/USDT:USDT', 'STORJ/USDT:USDT', 'ANKR/USDT:USDT', 'SKL/USDT:USDT', 'BAND/USDT:USDT']
2026-09-28 02:08:46,672 - freqtrade.worker - INFO - Bot heartbeat. PID=2381, version='2026.7', state='RUNNING'
2026-09-28 02:09:46,675 - freqtrade.worker - INFO - Bot heartbeat. PID=2381, version='2026.7', state='RUNNING'
2026-09-28 02:10:46,678 - freqtrade.worker - INFO - Bot heartbeat. PID=2381, version='2026.7', state='RUNNING'
2026-09-28 02:11:46,681 - freqtrade.worker - INFO - Bot heartbeat. PID=2381, version='2026.7', state='RUNNING'
2026-09-28 02:12:46,684 - freqtrade.worker - INFO - Bot heartbeat. PID=2381, version='2026.7', state='RUNNING'
2026-09-28 02:13:46,687 - freqtrade.worker - INFO - Bot heartbeat. PID=2381, version='2026.7', state='RUNNING'
2026-09-28 02:14:46,691 - freqtrade.worker - INFO - Bot heartbeat. PID=2381, version='2026.7', state='RUNNING'
2026-09-28 02:15:46,694 - freqtrade.worker - INFO - Bot heartbeat. PID=2381, version='2026.7', state='RUNNING'
2026-09-28 02:16:46,697 - freqtrade.worker - INFO - Bot heartbeat. PID=2381, version='2026.7', state='RUNNING'
2026-09-28 02:17:46,700 - freqtrade.worker - INFO - Bot heartbeat. PID=2381, version='2026.7', state='RUNNING'
2026-09-28 02:18:46,703 - freqtrade.worker - INFO - Bot heartbeat. PID=2381, version='2026.7', state='RUNNING'
2026-09-28 02:19:46,706 - freqtrade.worker - INFO - Bot heartbeat. PID=2381, version='2026.7', state='RUNNING'
2026-09-28 02:20:46,710 - freqtrade.worker - INFO - Bot heartbeat. PID=2381, version='2026.7', state='RUNNING'
2026-09-28 02:21:46,713 - freqtrade.worker - INFO - Bot heartbeat. PID=2381, version='2026.7', state='RUNNING'
2026-09-28 02:22:46,716 - freqtrade.worker - INFO - Bot heartbeat. PID=2381, version='2026.7', state='RUNNING'
2026-09-28 02:23:46,719 - freqtrade.worker - INFO - Bot heartbeat. PID=2381, version='2026.7', state='RUNNING'
2026-09-28 02:24:46,722 - freqtrade.worker - INFO - Bot heartbeat. PID=2381, version='2026.7', state='RUNNING'
2026-09-28 02:25:46,725 - freqtrade.worker - INFO - Bot heartbeat. PID=2381, version='2026.7', state='RUNNING'
2026-09-28 02:26:46,728 - freqtrade.worker - INFO - Bot heartbeat. PID=2381, version='2026.7', state='RUNNING'
2026-09-28 02:27:46,731 - freqtrade.worker - INFO - Bot heartbeat. PID=2381, version='2026.7', state='RUNNING'
2026-09-28 02:28:46,734 - freqtrade.worker - INFO - Bot heartbeat. PID=2381, version='2026.7', state='RUNNING'
2026-09-28 02:29:46,736 - freqtrade.worker - INFO - Bot heartbeat. PID=2381, version='2026.7', state='RUNNING'
2026-09-28 02:30:46,739 - freqtrade.worker - INFO - Bot heartbeat. PID=2381, version='2026.7', state='RUNNING'
2026-09-28 02:31:02,634 - freqtrade.wallets - INFO - Wallets synced.
2026-09-28 02:31:46,742 - freqtrade.worker - INFO - Bot heartbeat. PID=2381, version='2026.7', state='RUNNING'
2026-09-28 02:32:46,745 - freqtrade.worker - INFO - Bot heartbeat. PID=2381, version='2026.7', state='RUNNING'
2026-09-28 02:33:46,748 - freqtrade.worker - INFO - Bot heartbeat. PID=2381, version='2026.7', state='RUNNING'
2026-09-28 02:34:46,750 - freqtrade.worker - INFO - Bot heartbeat. PID=2381, version='2026.7', state='RUNNING'
2026-09-28 02:35:46,754 - freqtrade.worker - INFO - Bot heartbeat. PID=2381, version='2026.7', state='RUNNING'
2026-09-28 02:36:32,018 - freqtrade.freqtradebot - INFO - Global pairlock active until 2026-09-29 01:00:00. Not creating new trades, reason: 2.4847441376266115 passed 0.15 in 168 candles, locking for 24 candles..
2026-09-28 02:36:46,757 - freqtrade.worker - INFO - Bot heartbeat. PID=2381, version='2026.7', state='RUNNING'
2026-09-28 02:37:46,760 - freqtrade.worker - INFO - Bot heartbeat. PID=2381, version='2026.7', state='RUNNING'
2026-09-28 02:38:46,763 - freqtrade.worker - INFO - Bot heartbeat. PID=2381, version='2026.7', state='RUNNING'
2026-09-28 02:39:46,766 - freqtrade.worker - INFO - Bot heartbeat. PID=2381, version='2026.7', state='RUNNING'
2026-09-28 02:40:46,769 - freqtrade.worker - INFO - Bot heartbeat. PID=2381, version='2026.7', state='RUNNING'
2026-09-28 02:41:46,772 - freqtrade.worker - INFO - Bot heartbeat. PID=2381, version='2026.7', state='RUNNING'
2026-09-28 02:42:46,775 - freqtrade.worker - INFO - Bot heartbeat. PID=2381, version='2026.7', state='RUNNING'
2026-09-28 02:43:46,778 - freqtrade.worker - INFO - Bot heartbeat. PID=2381, version='2026.7', state='RUNNING'
2026-09-28 02:44:46,781 - freqtrade.worker - INFO - Bot heartbeat. PID=2381, version='2026.7', state='RUNNING'
2026-09-28 02:45:46,784 - freqtrade.worker - INFO - Bot heartbeat. PID=2381, version='2026.7', state='RUNNING'
2026-09-28 02:46:46,787 - freqtrade.worker - INFO - Bot heartbeat. PID=2381, version='2026.7', state='RUNNING'
2026-09-28 02:47:46,790 - freqtrade.worker - INFO - Bot heartbeat. PID=2381, version='2026.7', state='RUNNING'
2026-09-28 02:48:46,793 - freqtrade.worker - INFO - Bot heartbeat. PID=2381, version='2026.7', state='RUNNING'
2026-09-28 02:49:46,795 - freqtrade.worker - INFO - Bot heartbeat. PID=2381, version='2026.7', state='RUNNING'
2026-09-28 02:50:46,799 - freqtrade.worker - INFO - Bot heartbeat. PID=2381, version='2026.7', state='RUNNING'
2026-09-28 02:51:46,802 - freqtrade.worker - INFO - Bot heartbeat. PID=2381, version='2026.7', state='RUNNING'
2026-09-28 02:52:46,805 - freqtrade.worker - INFO - Bot heartbeat. PID=2381, version='2026.7', state='RUNNING'
2026-09-28 02:53:46,808 - freqtrade.worker - INFO - Bot heartbeat. PID=2381, version='2026.7', state='RUNNING'
2026-09-28 02:54:46,811 - freqtrade.worker - INFO - Bot heartbeat. PID=2381, version='2026.7', state='RUNNING'
2026-09-28 02:55:46,814 - freqtrade.worker - INFO - Bot heartbeat. PID=2381, version='2026.7', state='RUNNING'
2026-09-28 02:56:46,817 - freqtrade.worker - INFO - Bot heartbeat. PID=2381, version='2026.7', state='RUNNING'
2026-09-28 02:57:46,820 - freqtrade.worker - INFO - Bot heartbeat. PID=2381, version='2026.7', state='RUNNING'
2026-09-28 02:58:46,823 - freqtrade.worker - INFO - Bot heartbeat. PID=2381, version='2026.7', state='RUNNING'
2026-09-28 02:59:46,826 - freqtrade.worker - INFO - Bot heartbeat. PID=2381, version='2026.7', state='RUNNING'
2026-09-28 03:00:51,113 - freqtrade.worker - INFO - Bot heartbeat. PID=2381, version='2026.7', state='RUNNING'
2026-09-28 03:01:07,020 - freqtrade.wallets - INFO - Wallets synced.
2026-09-28 03:01:51,116 - freqtrade.worker - INFO - Bot heartbeat. PID=2381, version='2026.7', state='RUNNING'
2026-09-28 03:02:51,119 - freqtrade.worker - INFO - Bot heartbeat. PID=2381, version='2026.7', state='RUNNING'
2026-09-28 03:03:51,122 - freqtrade.worker - INFO - Bot heartbeat. PID=2381, version='2026.7', state='RUNNING'
2026-09-28 03:04:51,125 - freqtrade.worker - INFO - Bot heartbeat. PID=2381, version='2026.7', state='RUNNING'
2026-09-28 03:05:51,128 - freqtrade.worker - INFO - Bot heartbeat. PID=2381, version='2026.7', state='RUNNING'
2026-09-28 03:06:51,131 - freqtrade.worker - INFO - Bot heartbeat. PID=2381, version='2026.7', state='RUNNING'
2026-09-28 03:07:51,134 - freqtrade.worker - INFO - Bot heartbeat. PID=2381, version='2026.7', state='RUNNING'
2026-09-28 03:08:51,946 - freqtrade.plugins.pairlistmanager - INFO - Whitelist with 47 pairs: ['BTC/USDT:USDT', 'ETH/USDT:USDT', 'BNB/USDT:USDT', 'SOL/USDT:USDT', 'ADA/USDT:USDT', 'DOGE/USDT:USDT', 'AVAX/USDT:USDT', 'DOT/USDT:USDT', 'LINK/USDT:USDT', 'LTC/USDT:USDT', 'BCH/USDT:USDT', 'ATOM/USDT:USDT', 'UNI/USDT:USDT', 'ETC/USDT:USDT', 'NEAR/USDT:USDT', 'ALGO/USDT:USDT', 'FIL/USDT:USDT', 'ICP/USDT:USDT', 'HBAR/USDT:USDT', 'APE/USDT:USDT', 'SAND/USDT:USDT', 'MANA/USDT:USDT', 'AXS/USDT:USDT', 'THETA/USDT:USDT', 'AAVE/USDT:USDT', 'GRT/USDT:USDT', 'CHZ/USDT:USDT', 'ENJ/USDT:USDT', 'CRV/USDT:USDT', 'COMP/USDT:USDT', 'DASH/USDT:USDT', 'QTUM/USDT:USDT', 'IOTA/USDT:USDT', 'ONT/USDT:USDT', 'BAT/USDT:USDT', 'RVN/USDT:USDT', 'KSM/USDT:USDT', 'EGLD/USDT:USDT', 'GALA/USDT:USDT', 'CELO/USDT:USDT', 'SUSHI/USDT:USDT', 'SNX/USDT:USDT', 'LRC/USDT:USDT', 'STORJ/USDT:USDT', 'ANKR/USDT:USDT', 'SKL/USDT:USDT', 'BAND/USDT:USDT']
2026-09-28 03:08:52,469 - freqtrade.worker - INFO - Bot heartbeat. PID=2381, version='2026.7', state='RUNNING'
2026-09-28 03:09:52,471 - freqtrade.worker - INFO - Bot heartbeat. PID=2381, version='2026.7', state='RUNNING'
2026-09-28 03:10:52,474 - freqtrade.worker - INFO - Bot heartbeat. PID=2381, version='2026.7', state='RUNNING'
2026-09-28 03:11:52,477 - freqtrade.worker - INFO - Bot heartbeat. PID=2381, version='2026.7', state='RUNNING'
2026-09-28 03:12:52,480 - freqtrade.worker - INFO - Bot heartbeat. PID=2381, version='2026.7', state='RUNNING'
2026-09-28 03:13:52,483 - freqtrade.worker - INFO - Bot heartbeat. PID=2381, version='2026.7', state='RUNNING'
2026-09-28 03:14:52,486 - freqtrade.worker - INFO - Bot heartbeat. PID=2381, version='2026.7', state='RUNNING'
2026-09-28 03:15:52,489 - freqtrade.worker - INFO - Bot heartbeat. PID=2381, version='2026.7', state='RUNNING'
2026-09-28 03:16:52,491 - freqtrade.worker - INFO - Bot heartbeat. PID=2381, version='2026.7', state='RUNNING'
2026-09-28 03:17:52,494 - freqtrade.worker - INFO - Bot heartbeat. PID=2381, version='2026.7', state='RUNNING'
2026-09-28 03:18:52,497 - freqtrade.worker - INFO - Bot heartbeat. PID=2381, version='2026.7', state='RUNNING'
2026-09-28 03:19:52,500 - freqtrade.worker - INFO - Bot heartbeat. PID=2381, version='2026.7', state='RUNNING'
2026-09-28 03:20:52,503 - freqtrade.worker - INFO - Bot heartbeat. PID=2381, version='2026.7', state='RUNNING'
2026-09-28 03:21:52,505 - freqtrade.worker - INFO - Bot heartbeat. PID=2381, version='2026.7', state='RUNNING'
2026-09-28 03:22:52,508 - freqtrade.worker - INFO - Bot heartbeat. PID=2381, version='2026.7', state='RUNNING'
2026-09-28 03:23:52,511 - freqtrade.worker - INFO - Bot heartbeat. PID=2381, version='2026.7', state='RUNNING'
2026-09-28 03:24:52,514 - freqtrade.worker - INFO - Bot heartbeat. PID=2381, version='2026.7', state='RUNNING'
2026-09-28 03:25:52,517 - freqtrade.worker - INFO - Bot heartbeat. PID=2381, version='2026.7', state='RUNNING'
2026-09-28 03:26:52,519 - freqtrade.worker - INFO - Bot heartbeat. PID=2381, version='2026.7', state='RUNNING'
2026-09-28 03:27:52,522 - freqtrade.worker - INFO - Bot heartbeat. PID=2381, version='2026.7', state='RUNNING'
2026-09-28 03:28:52,525 - freqtrade.worker - INFO - Bot heartbeat. PID=2381, version='2026.7', state='RUNNING'
2026-09-28 03:29:52,528 - freqtrade.worker - INFO - Bot heartbeat. PID=2381, version='2026.7', state='RUNNING'
2026-09-28 03:30:52,531 - freqtrade.worker - INFO - Bot heartbeat. PID=2381, version='2026.7', state='RUNNING'
2026-09-28 03:31:03,484 - freqtrade.wallets - INFO - Wallets synced.
2026-09-28 03:31:52,534 - freqtrade.worker - INFO - Bot heartbeat. PID=2381, version='2026.7', state='RUNNING'
2026-09-28 03:32:52,537 - freqtrade.worker - INFO - Bot heartbeat. PID=2381, version='2026.7', state='RUNNING'
2026-09-28 03:33:12,794 - freqtrade.freqtradebot - INFO - Exit for MANA/USDT:USDT detected. Reason: stop_loss
2026-09-28 03:33:13,397 - freqtrade.freqtradebot - INFO - Skipping cancelling stoploss on exchange for Trade(id=51, pair=MANA/USDT:USDT, amount=79.7, is_short=False, leverage=10, open_rate=0.09099, open_since=2026-09-25 07:00:04).
2026-09-28 03:33:13,399 - freqtrade.wallets - INFO - Wallets synced.
2026-09-28 03:33:13,504 - freqtrade.rpc.rpc_manager - INFO - Sending rpc message: {'type': exit, 'trade_id': 51, 'exchange': 'Gate', 'pair': 'MANA/USDT:USDT', 'leverage': 10.0, 'direction': 'Long', 'gain': 'loss', 'limit': 0.08846, 'order_rate': 0.08846, 'order_type': 'limit', 'amount': 79.7, 'open_rate': 0.09099, 'close_rate': 0.08846, 'current_rate': 0.08846, 'profit_amount': -0.21538574, 'profit_ratio': -0.2968574, 'buy_tag': 'h_breakout_up', 'enter_tag': 'h_breakout_up', 'exit_reason': 'stop_loss', 'open_date': datetime.datetime(2026, 9, 25, 7, 0, 4, 971159, tzinfo=datetime.timezone.utc), 'close_date': datetime.datetime(2026, 9, 28, 3, 33, 13, 504042, tzinfo=datetime.timezone.utc), 'stake_amount': 0.7251903000000001, 'stake_currency': 'USDT', 'base_currency': 'MANA', 'quote_currency': 'USDT', 'fiat_currency': 'USD', 'sub_trade': False, 'cumulative_profit': 0.0, 'final_profit_ratio': None, 'is_final_exit': False}
2026-09-28 03:33:13,504 - freqtrade.freqtradebot - INFO - Found open order for Trade(id=51, pair=MANA/USDT:USDT, amount=79.7, is_short=False, leverage=10, open_rate=0.09099, open_since=2026-09-25 07:00:04)
2026-09-28 03:33:13,508 - freqtrade.freqtradebot - INFO - Fee for Trade Trade(id=51, pair=MANA/USDT:USDT, amount=79.7, is_short=False, leverage=10, open_rate=0.09099, open_since=2026-09-25 07:00:04) [sell]: 0.003525131 USDT - rate: 0.0005
2026-09-28 03:33:13,508 - freqtrade.persistence.trade_model - INFO - Updating trade (id=51) ...
2026-09-28 03:33:13,508 - freqtrade.persistence.trade_model - INFO - LIMIT_SELL has been fulfilled for Trade(id=51, pair=MANA/USDT:USDT, amount=79.7, is_short=False, leverage=10, open_rate=0.09099, open_since=2026-09-25 07:00:04).
2026-09-28 03:33:13,509 - freqtrade.persistence.trade_model - INFO - Marking Trade(id=51, pair=MANA/USDT:USDT, amount=79.7, is_short=False, leverage=10, open_rate=0.09099, open_since=closed) as closed as the trade is fulfilled and found no open orders for it.
2026-09-28 03:33:13,513 - freqtrade.wallets - INFO - Wallets synced.
2026-09-28 03:33:13,514 - freqtrade.rpc.rpc_manager - INFO - Sending rpc message: {'type': exit_fill, 'trade_id': 51, 'exchange': 'Gate', 'pair': 'MANA/USDT:USDT', 'leverage': 10.0, 'direction': 'Long', 'gain': 'loss', 'limit': 0.08846, 'order_rate': 0.08846, 'order_type': 'limit', 'amount': 79.7, 'open_rate': 0.09099, 'close_rate': 0.08846, 'current_rate': None, 'profit_amount': -0.21538574, 'profit_ratio': -0.2968574, 'buy_tag': 'h_breakout_up', 'enter_tag': 'h_breakout_up', 'exit_reason': 'stop_loss', 'open_date': datetime.datetime(2026, 9, 25, 7, 0, 4, 971159, tzinfo=datetime.timezone.utc), 'close_date': datetime.datetime(2026, 9, 28, 3, 33, 13, 503000, tzinfo=datetime.timezone.utc), 'stake_amount': 0.7251903000000001, 'stake_currency': 'USDT', 'base_currency': 'MANA', 'quote_currency': 'USDT', 'fiat_currency': 'USD', 'sub_trade': False, 'cumulative_profit': -0.21538574, 'final_profit_ratio': -0.29685739170742526, 'is_final_exit': True}
2026-09-28 03:33:13,517 - cooldown_period - INFO - Cooldown for MANA/USDT:USDT for 2 candles.
2026-09-28 03:33:13,526 - max_drawdown_protection - INFO - Trading stopped due to Max Drawdown 2.78 > 0.15 within 168 candles.
2026-09-28 03:33:13,530 - freqtrade.rpc.rpc_manager - INFO - Sending rpc message: {'type': protection_trigger_global, 'base_currency': '', 'id': 123, 'pair': '*', 'lock_time': '2026-09-28 03:33:13', 'lock_timestamp': 1790566393519, 'lock_end_time': '2026-09-29 04:00:00', 'lock_end_timestamp': 1790654400000, 'reason': '2.781601529334037 passed 0.15 in 168 candles, locking for 24 candles.', 'side': '*', 'active': True}
2026-09-28 03:33:13,531 - freqtrade.wallets - INFO - Wallets synced.
2026-09-28 03:33:13,532 - freqtrade.freqtradebot - INFO - Global pairlock active until 2026-09-29 04:00:00. Not creating new trades, reason: 2.781601529334037 passed 0.15 in 168 candles, locking for 24 candles..
2026-09-28 03:33:52,539 - freqtrade.worker - INFO - Bot heartbeat. PID=2381, version='2026.7', state='RUNNING'
2026-09-28 03:34:52,542 - freqtrade.worker - INFO - Bot heartbeat. PID=2381, version='2026.7', state='RUNNING'
2026-09-28 03:35:52,545 - freqtrade.worker - INFO - Bot heartbeat. PID=2381, version='2026.7', state='RUNNING'
2026-09-28 03:36:52,548 - freqtrade.worker - INFO - Bot heartbeat. PID=2381, version='2026.7', state='RUNNING'
2026-09-28 03:37:52,550 - freqtrade.worker - INFO - Bot heartbeat. PID=2381, version='2026.7', state='RUNNING'
2026-09-28 03:38:52,553 - freqtrade.worker - INFO - Bot heartbeat. PID=2381, version='2026.7', state='RUNNING'
2026-09-28 03:39:52,556 - freqtrade.worker - INFO - Bot heartbeat. PID=2381, version='2026.7', state='RUNNING'
2026-09-28 03:40:52,559 - freqtrade.worker - INFO - Bot heartbeat. PID=2381, version='2026.7', state='RUNNING'
2026-09-28 03:41:52,562 - freqtrade.worker - INFO - Bot heartbeat. PID=2381, version='2026.7', state='RUNNING'
2026-09-28 03:42:52,565 - freqtrade.worker - INFO - Bot heartbeat. PID=2381, version='2026.7', state='RUNNING'
2026-09-28 03:43:52,568 - freqtrade.worker - INFO - Bot heartbeat. PID=2381, version='2026.7', state='RUNNING'
2026-09-28 03:44:52,571 - freqtrade.worker - INFO - Bot heartbeat. PID=2381, version='2026.7', state='RUNNING'
2026-09-28 03:45:52,573 - freqtrade.worker - INFO - Bot heartbeat. PID=2381, version='2026.7', state='RUNNING'
2026-09-28 03:46:52,576 - freqtrade.worker - INFO - Bot heartbeat. PID=2381, version='2026.7', state='RUNNING'
2026-09-28 03:47:52,579 - freqtrade.worker - INFO - Bot heartbeat. PID=2381, version='2026.7', state='RUNNING'
2026-09-28 03:48:52,582 - freqtrade.worker - INFO - Bot heartbeat. PID=2381, version='2026.7', state='RUNNING'
2026-09-28 03:49:52,585 - freqtrade.worker - INFO - Bot heartbeat. PID=2381, version='2026.7', state='RUNNING'
2026-09-28 03:50:52,588 - freqtrade.worker - INFO - Bot heartbeat. PID=2381, version='2026.7', state='RUNNING'
2026-09-28 03:51:52,591 - freqtrade.worker - INFO - Bot heartbeat. PID=2381, version='2026.7', state='RUNNING'
2026-09-28 03:52:52,594 - freqtrade.worker - INFO - Bot heartbeat. PID=2381, version='2026.7', state='RUNNING'
2026-09-28 03:53:52,596 - freqtrade.worker - INFO - Bot heartbeat. PID=2381, version='2026.7', state='RUNNING'
2026-09-28 03:54:52,599 - freqtrade.worker - INFO - Bot heartbeat. PID=2381, version='2026.7', state='RUNNING'
2026-09-28 03:55:52,602 - freqtrade.worker - INFO - Bot heartbeat. PID=2381, version='2026.7', state='RUNNING'
2026-09-28 03:56:52,605 - freqtrade.worker - INFO - Bot heartbeat. PID=2381, version='2026.7', state='RUNNING'
2026-09-28 03:57:52,608 - freqtrade.worker - INFO - Bot heartbeat. PID=2381, version='2026.7', state='RUNNING'
2026-09-28 03:58:52,611 - freqtrade.worker - INFO - Bot heartbeat. PID=2381, version='2026.7', state='RUNNING'
2026-09-28 03:59:52,614 - freqtrade.worker - INFO - Bot heartbeat. PID=2381, version='2026.7', state='RUNNING'
2026-09-28 04:00:56,002 - freqtrade.worker - INFO - Bot heartbeat. PID=2381, version='2026.7', state='RUNNING'
2026-09-28 04:01:06,156 - freqtrade.wallets - INFO - Wallets synced.
2026-09-28 04:01:56,004 - freqtrade.worker - INFO - Bot heartbeat. PID=2381, version='2026.7', state='RUNNING'
2026-09-28 04:02:56,007 - freqtrade.worker - INFO - Bot heartbeat. PID=2381, version='2026.7', state='RUNNING'
2026-09-28 04:03:56,010 - freqtrade.worker - INFO - Bot heartbeat. PID=2381, version='2026.7', state='RUNNING'
2026-09-28 04:04:56,013 - freqtrade.worker - INFO - Bot heartbeat. PID=2381, version='2026.7', state='RUNNING'
2026-09-28 04:05:56,016 - freqtrade.worker - INFO - Bot heartbeat. PID=2381, version='2026.7', state='RUNNING'
2026-09-28 04:06:56,019 - freqtrade.worker - INFO - Bot heartbeat. PID=2381, version='2026.7', state='RUNNING'
2026-09-28 04:07:56,022 - freqtrade.worker - INFO - Bot heartbeat. PID=2381, version='2026.7', state='RUNNING'
2026-09-28 04:08:57,122 - freqtrade.plugins.pairlistmanager - INFO - Whitelist with 47 pairs: ['BTC/USDT:USDT', 'ETH/USDT:USDT', 'BNB/USDT:USDT', 'SOL/USDT:USDT', 'ADA/USDT:USDT', 'DOGE/USDT:USDT', 'AVAX/USDT:USDT', 'DOT/USDT:USDT', 'LINK/USDT:USDT', 'LTC/USDT:USDT', 'BCH/USDT:USDT', 'ATOM/USDT:USDT', 'UNI/USDT:USDT', 'ETC/USDT:USDT', 'NEAR/USDT:USDT', 'ALGO/USDT:USDT', 'FIL/USDT:USDT', 'ICP/USDT:USDT', 'HBAR/USDT:USDT', 'APE/USDT:USDT', 'SAND/USDT:USDT', 'MANA/USDT:USDT', 'AXS/USDT:USDT', 'THETA/USDT:USDT', 'AAVE/USDT:USDT', 'GRT/USDT:USDT', 'CHZ/USDT:USDT', 'ENJ/USDT:USDT', 'CRV/USDT:USDT', 'COMP/USDT:USDT', 'DASH/USDT:USDT', 'QTUM/USDT:USDT', 'IOTA/USDT:USDT', 'ONT/USDT:USDT', 'BAT/USDT:USDT', 'RVN/USDT:USDT', 'KSM/USDT:USDT', 'EGLD/USDT:USDT', 'GALA/USDT:USDT', 'CELO/USDT:USDT', 'SUSHI/USDT:USDT', 'SNX/USDT:USDT', 'LRC/USDT:USDT', 'STORJ/USDT:USDT', 'ANKR/USDT:USDT', 'SKL/USDT:USDT', 'BAND/USDT:USDT']
2026-09-28 04:08:57,219 - freqtrade.worker - INFO - Bot heartbeat. PID=2381, version='2026.7', state='RUNNING'
2026-09-28 04:09:57,222 - freqtrade.worker - INFO - Bot heartbeat. PID=2381, version='2026.7', state='RUNNING'
2026-09-28 04:10:57,225 - freqtrade.worker - INFO - Bot heartbeat. PID=2381, version='2026.7', state='RUNNING'
2026-09-28 04:11:57,228 - freqtrade.worker - INFO - Bot heartbeat. PID=2381, version='2026.7', state='RUNNING'
2026-09-28 04:12:57,230 - freqtrade.worker - INFO - Bot heartbeat. PID=2381, version='2026.7', state='RUNNING'
2026-09-28 04:13:57,233 - freqtrade.worker - INFO - Bot heartbeat. PID=2381, version='2026.7', state='RUNNING'
2026-09-28 04:14:57,236 - freqtrade.worker - INFO - Bot heartbeat. PID=2381, version='2026.7', state='RUNNING'
2026-09-28 04:15:57,239 - freqtrade.worker - INFO - Bot heartbeat. PID=2381, version='2026.7', state='RUNNING'
2026-09-28 04:16:57,242 - freqtrade.worker - INFO - Bot heartbeat. PID=2381, version='2026.7', state='RUNNING'
2026-09-28 04:17:57,244 - freqtrade.worker - INFO - Bot heartbeat. PID=2381, version='2026.7', state='RUNNING'
2026-09-28 04:18:57,247 - freqtrade.worker - INFO - Bot heartbeat. PID=2381, version='2026.7', state='RUNNING'
2026-09-28 04:19:57,250 - freqtrade.worker - INFO - Bot heartbeat. PID=2381, version='2026.7', state='RUNNING'
2026-09-28 04:20:57,252 - freqtrade.worker - INFO - Bot heartbeat. PID=2381, version='2026.7', state='RUNNING'
2026-09-28 04:21:57,255 - freqtrade.worker - INFO - Bot heartbeat. PID=2381, version='2026.7', state='RUNNING'
2026-09-28 04:22:57,258 - freqtrade.worker - INFO - Bot heartbeat. PID=2381, version='2026.7', state='RUNNING'
2026-09-28 04:23:57,261 - freqtrade.worker - INFO - Bot heartbeat. PID=2381, version='2026.7', state='RUNNING'
2026-09-28 04:24:57,263 - freqtrade.worker - INFO - Bot heartbeat. PID=2381, version='2026.7', state='RUNNING'
2026-09-28 04:25:57,266 - freqtrade.worker - INFO - Bot heartbeat. PID=2381, version='2026.7', state='RUNNING'
2026-09-28 04:26:57,269 - freqtrade.worker - INFO - Bot heartbeat. PID=2381, version='2026.7', state='RUNNING'
2026-09-28 04:27:57,272 - freqtrade.worker - INFO - Bot heartbeat. PID=2381, version='2026.7', state='RUNNING'
2026-09-28 04:28:57,274 - freqtrade.worker - INFO - Bot heartbeat. PID=2381, version='2026.7', state='RUNNING'
2026-09-28 04:29:57,277 - freqtrade.worker - INFO - Bot heartbeat. PID=2381, version='2026.7', state='RUNNING'
2026-09-28 04:30:57,280 - freqtrade.worker - INFO - Bot heartbeat. PID=2381, version='2026.7', state='RUNNING'
2026-09-28 04:31:02,435 - freqtrade.wallets - INFO - Wallets synced.
2026-09-28 04:31:57,283 - freqtrade.worker - INFO - Bot heartbeat. PID=2381, version='2026.7', state='RUNNING'
2026-09-28 04:32:57,285 - freqtrade.worker - INFO - Bot heartbeat. PID=2381, version='2026.7', state='RUNNING'
2026-09-28 04:33:17,442 - freqtrade.freqtradebot - INFO - Global pairlock active until 2026-09-29 04:00:00. Not creating new trades, reason: 2.781601529334037 passed 0.15 in 168 candles, locking for 24 candles..
2026-09-28 04:33:57,288 - freqtrade.worker - INFO - Bot heartbeat. PID=2381, version='2026.7', state='RUNNING'
2026-09-28 04:34:57,291 - freqtrade.worker - INFO - Bot heartbeat. PID=2381, version='2026.7', state='RUNNING'
2026-09-28 04:35:57,294 - freqtrade.worker - INFO - Bot heartbeat. PID=2381, version='2026.7', state='RUNNING'
2026-09-28 04:36:57,296 - freqtrade.worker - INFO - Bot heartbeat. PID=2381, version='2026.7', state='RUNNING'
2026-09-28 04:37:57,299 - freqtrade.worker - INFO - Bot heartbeat. PID=2381, version='2026.7', state='RUNNING'
2026-09-28 04:38:57,301 - freqtrade.worker - INFO - Bot heartbeat. PID=2381, version='2026.7', state='RUNNING'
2026-09-28 04:39:57,304 - freqtrade.worker - INFO - Bot heartbeat. PID=2381, version='2026.7', state='RUNNING'
2026-09-28 04:40:57,306 - freqtrade.worker - INFO - Bot heartbeat. PID=2381, version='2026.7', state='RUNNING'
2026-09-28 04:41:57,309 - freqtrade.worker - INFO - Bot heartbeat. PID=2381, version='2026.7', state='RUNNING'
2026-09-28 04:42:57,312 - freqtrade.worker - INFO - Bot heartbeat. PID=2381, version='2026.7', state='RUNNING'
2026-09-28 04:43:57,314 - freqtrade.worker - INFO - Bot heartbeat. PID=2381, version='2026.7', state='RUNNING'
2026-09-28 04:44:57,317 - freqtrade.worker - INFO - Bot heartbeat. PID=2381, version='2026.7', state='RUNNING'
2026-09-28 04:45:57,320 - freqtrade.worker - INFO - Bot heartbeat. PID=2381, version='2026.7', state='RUNNING'
2026-09-28 04:46:57,323 - freqtrade.worker - INFO - Bot heartbeat. PID=2381, version='2026.7', state='RUNNING'
2026-09-28 04:47:57,326 - freqtrade.worker - INFO - Bot heartbeat. PID=2381, version='2026.7', state='RUNNING'
2026-09-28 04:48:57,328 - freqtrade.worker - INFO - Bot heartbeat. PID=2381, version='2026.7', state='RUNNING'
2026-09-28 04:49:57,331 - freqtrade.worker - INFO - Bot heartbeat. PID=2381, version='2026.7', state='RUNNING'
2026-09-28 04:50:57,334 - freqtrade.worker - INFO - Bot heartbeat. PID=2381, version='2026.7', state='RUNNING'
2026-09-28 04:51:57,337 - freqtrade.worker - INFO - Bot heartbeat. PID=2381, version='2026.7', state='RUNNING'
2026-09-28 04:52:57,340 - freqtrade.worker - INFO - Bot heartbeat. PID=2381, version='2026.7', state='RUNNING'
2026-09-28 04:53:57,342 - freqtrade.worker - INFO - Bot heartbeat. PID=2381, version='2026.7', state='RUNNING'
2026-09-28 04:54:57,345 - freqtrade.worker - INFO - Bot heartbeat. PID=2381, version='2026.7', state='RUNNING'
2026-09-28 04:55:57,347 - freqtrade.worker - INFO - Bot heartbeat. PID=2381, version='2026.7', state='RUNNING'
2026-09-28 04:56:57,350 - freqtrade.worker - INFO - Bot heartbeat. PID=2381, version='2026.7', state='RUNNING'
2026-09-28 04:57:57,353 - freqtrade.worker - INFO - Bot heartbeat. PID=2381, version='2026.7', state='RUNNING'
2026-09-28 04:58:57,356 - freqtrade.worker - INFO - Bot heartbeat. PID=2381, version='2026.7', state='RUNNING'
2026-09-28 04:59:57,358 - freqtrade.worker - INFO - Bot heartbeat. PID=2381, version='2026.7', state='RUNNING'
2026-09-28 05:01:01,002 - freqtrade.worker - INFO - Bot heartbeat. PID=2381, version='2026.7', state='RUNNING'
2026-09-28 05:01:06,163 - freqtrade.wallets - INFO - Wallets synced.
2026-09-28 05:02:01,004 - freqtrade.worker - INFO - Bot heartbeat. PID=2381, version='2026.7', state='RUNNING'
2026-09-28 05:03:01,007 - freqtrade.worker - INFO - Bot heartbeat. PID=2381, version='2026.7', state='RUNNING'
2026-09-28 05:04:01,009 - freqtrade.worker - INFO - Bot heartbeat. PID=2381, version='2026.7', state='RUNNING'
2026-09-28 05:05:01,012 - freqtrade.worker - INFO - Bot heartbeat. PID=2381, version='2026.7', state='RUNNING'
2026-09-28 05:06:01,015 - freqtrade.worker - INFO - Bot heartbeat. PID=2381, version='2026.7', state='RUNNING'
2026-09-28 05:07:01,018 - freqtrade.worker - INFO - Bot heartbeat. PID=2381, version='2026.7', state='RUNNING'
2026-09-28 05:08:16,347 - freqtrade.loggers - INFO - Enabling colorized output.
2026-09-28 05:08:16,347 - freqtrade.loggers - INFO - Logfile configured
2026-09-28 05:08:16,347 - freqtrade.loggers - INFO - Verbosity set to 0
2026-09-28 05:08:16,348 - freqtrade.configuration.configuration - INFO - Runmode set to dry_run.
2026-09-28 05:08:16,348 - freqtrade.configuration.configuration - INFO - Parameter --db-url detected ...
2026-09-28 05:08:16,349 - freqtrade.configuration.configuration - INFO - Dry run is enabled
2026-09-28 05:08:16,349 - freqtrade.configuration.configuration - INFO - Using DB: "sqlite:////home/runner/work/_temp/live_cloud.sqlite"
2026-09-28 05:08:16,349 - freqtrade.configuration.configuration - INFO - Using max_open_trades: 15 ...
2026-09-28 05:08:16,350 - freqtrade.configuration.configuration - INFO - Using user-data directory: user_data ...
2026-09-28 05:08:16,351 - freqtrade.configuration.directory_operations - INFO - Created data directory: None
2026-09-28 05:08:16,351 - freqtrade.configuration.configuration - INFO - Using data directory: user_data/data/gate ...
2026-09-28 05:08:16,352 - freqtrade.exchange.check_exchange - INFO - Checking exchange...
2026-09-28 05:08:16,358 - freqtrade.exchange.check_exchange - INFO - Exchange "gate" is officially supported by the Freqtrade development team.
2026-09-28 05:08:16,358 - freqtrade.configuration.configuration - INFO - Using pairlist from configuration.
2026-09-28 05:08:16,359 - freqtrade.exchange.exchange - INFO - Instance is running with dry_run enabled
2026-09-28 05:08:16,359 - freqtrade.exchange.exchange - INFO - Using CCXT 4.5.84
2026-09-28 05:08:16,360 - freqtrade.exchange.exchange - INFO - Applying additional ccxt config: {'options': {'defaultType': 'swap'}}
2026-09-28 05:08:16,362 - freqtrade.exchange.exchange - INFO - Applying additional ccxt config: {'options': {'defaultType': 'swap'}}
2026-09-28 05:08:16,365 - freqtrade.exchange.exchange - INFO - Using Exchange "Gate"
2026-09-28 05:08:23,463 - freqtrade.resolvers.exchange_resolver - INFO - Using resolved exchange class 'Gate' ...
2026-09-28 05:08:23,476 - freqtrade.resolvers.iresolver - INFO - Using resolved strategy HourlyTrend from '/home/runner/work/hourly-bot/hourly-bot/user_data/strategies/HourlyTrend.py'...
2026-09-28 05:08:23,477 - freqtrade.strategy.hyper - INFO - Found no parameter file.
2026-09-28 05:08:23,477 - freqtrade.resolvers.strategy_resolver - INFO - Override strategy 'timeframe' with value from the configuration: 1h.
2026-09-28 05:08:23,478 - freqtrade.resolvers.strategy_resolver - INFO - Override strategy 'order_types' with value from the configuration: {'entry': 'limit', 'exit': 'limit', 'stoploss': 'limit', 'stoploss_on_exchange': False}.
2026-09-28 05:08:23,478 - freqtrade.resolvers.strategy_resolver - INFO - Override strategy 'stake_currency' with value from the configuration: USDT.
2026-09-28 05:08:23,478 - freqtrade.resolvers.strategy_resolver - INFO - Override strategy 'stake_amount' with value from the configuration: unlimited.
2026-09-28 05:08:23,479 - freqtrade.resolvers.strategy_resolver - INFO - Override strategy 'unfilledtimeout' with value from the configuration: {'entry': 5, 'exit': 5, 'exit_timeout_count': 0, 'unit': 'minutes'}.
2026-09-28 05:08:23,479 - freqtrade.resolvers.strategy_resolver - INFO - Override strategy 'max_open_trades' with value from the configuration: 15.
2026-09-28 05:08:23,480 - freqtrade.resolvers.strategy_resolver - INFO - Strategy using minimal_roi: {'0': 100.0}
2026-09-28 05:08:23,480 - freqtrade.resolvers.strategy_resolver - INFO - Strategy using timeframe: 1h
2026-09-28 05:08:23,480 - freqtrade.resolvers.strategy_resolver - INFO - Strategy using stoploss: -0.6
2026-09-28 05:08:23,481 - freqtrade.resolvers.strategy_resolver - INFO - Strategy using trailing_stop: False
2026-09-28 05:08:23,481 - freqtrade.resolvers.strategy_resolver - INFO - Strategy using trailing_stop_positive_offset: 0.0
2026-09-28 05:08:23,481 - freqtrade.resolvers.strategy_resolver - INFO - Strategy using trailing_only_offset_is_reached: False
2026-09-28 05:08:23,482 - freqtrade.resolvers.strategy_resolver - INFO - Strategy using use_custom_stoploss: True
2026-09-28 05:08:23,482 - freqtrade.resolvers.strategy_resolver - INFO - Strategy using process_only_new_candles: True
2026-09-28 05:08:23,482 - freqtrade.resolvers.strategy_resolver - INFO - Strategy using order_types: {'entry': 'limit', 'exit': 'limit', 'stoploss': 'limit', 'stoploss_on_exchange': False}
2026-09-28 05:08:23,482 - freqtrade.resolvers.strategy_resolver - INFO - Strategy using order_time_in_force: {'entry': 'GTC', 'exit': 'GTC'}
2026-09-28 05:08:23,483 - freqtrade.resolvers.strategy_resolver - INFO - Strategy using stake_currency: USDT
2026-09-28 05:08:23,483 - freqtrade.resolvers.strategy_resolver - INFO - Strategy using stake_amount: unlimited
2026-09-28 05:08:23,483 - freqtrade.resolvers.strategy_resolver - INFO - Strategy using startup_candle_count: 800
2026-09-28 05:08:23,484 - freqtrade.resolvers.strategy_resolver - INFO - Strategy using unfilledtimeout: {'entry': 5, 'exit': 5, 'exit_timeout_count': 0, 'unit': 'minutes'}
2026-09-28 05:08:23,484 - freqtrade.resolvers.strategy_resolver - INFO - Strategy using use_exit_signal: False
2026-09-28 05:08:23,484 - freqtrade.resolvers.strategy_resolver - INFO - Strategy using exit_profit_only: False
2026-09-28 05:08:23,485 - freqtrade.resolvers.strategy_resolver - INFO - Strategy using ignore_roi_if_entry_signal: False
2026-09-28 05:08:23,485 - freqtrade.resolvers.strategy_resolver - INFO - Strategy using exit_profit_offset: 0.0
2026-09-28 05:08:23,485 - freqtrade.resolvers.strategy_resolver - INFO - Strategy using disable_dataframe_checks: False
2026-09-28 05:08:23,486 - freqtrade.resolvers.strategy_resolver - INFO - Strategy using ignore_buying_expired_candle_after: 0
2026-09-28 05:08:23,486 - freqtrade.resolvers.strategy_resolver - INFO - Strategy using position_adjustment_enable: False
2026-09-28 05:08:23,486 - freqtrade.resolvers.strategy_resolver - INFO - Strategy using max_entry_position_adjustment: -1
2026-09-28 05:08:23,487 - freqtrade.resolvers.strategy_resolver - INFO - Strategy using max_open_trades: 15
2026-09-28 05:08:23,487 - freqtrade.configuration.config_validation - INFO - Validating configuration ...
2026-09-28 05:08:23,522 - freqtrade.wallets - INFO - Wallets synced.
2026-09-28 05:08:23,741 - freqtrade.rpc.rpc_manager - INFO - Enabling rpc.api_server
2026-09-28 05:08:23,898 - freqtrade.rpc.api_server.webserver - INFO - Starting HTTP Server at 127.0.0.1:8080
2026-09-28 05:08:23,899 - freqtrade.rpc.api_server.webserver - INFO - Starting Local Rest Server.
2026-09-28 05:08:23,916 - uvicorn.error - INFO - Started server process [2442]
2026-09-28 05:08:23,917 - uvicorn.error - INFO - Waiting for application startup.
2026-09-28 05:08:23,917 - uvicorn.error - INFO - Application startup complete.
2026-09-28 05:08:23,918 - uvicorn.error - INFO - Uvicorn running on http://127.0.0.1:8080 (Press CTRL+C to quit)
2026-09-28 05:08:23,922 - freqtrade.resolvers.iresolver - INFO - Using resolved pairlist StaticPairList from '/opt/hostedtoolcache/Python/3.12.14/x64/lib/python3.12/site-packages/freqtrade/plugins/pairlist/StaticPairList.py'...
2026-09-28 05:08:23,922 - freqtrade.freqtradebot - INFO - Starting initial pairlist refresh
2026-09-28 05:08:23,983 - freqtrade.plugins.pairlistmanager - INFO - Whitelist with 47 pairs: ['BTC/USDT:USDT', 'ETH/USDT:USDT', 'BNB/USDT:USDT', 'SOL/USDT:USDT', 'ADA/USDT:USDT', 'DOGE/USDT:USDT', 'AVAX/USDT:USDT', 'DOT/USDT:USDT', 'LINK/USDT:USDT', 'LTC/USDT:USDT', 'BCH/USDT:USDT', 'ATOM/USDT:USDT', 'UNI/USDT:USDT', 'ETC/USDT:USDT', 'NEAR/USDT:USDT', 'ALGO/USDT:USDT', 'FIL/USDT:USDT', 'ICP/USDT:USDT', 'HBAR/USDT:USDT', 'APE/USDT:USDT', 'SAND/USDT:USDT', 'MANA/USDT:USDT', 'AXS/USDT:USDT', 'THETA/USDT:USDT', 'AAVE/USDT:USDT', 'GRT/USDT:USDT', 'CHZ/USDT:USDT', 'ENJ/USDT:USDT', 'CRV/USDT:USDT', 'COMP/USDT:USDT', 'DASH/USDT:USDT', 'QTUM/USDT:USDT', 'IOTA/USDT:USDT', 'ONT/USDT:USDT', 'BAT/USDT:USDT', 'RVN/USDT:USDT', 'KSM/USDT:USDT', 'EGLD/USDT:USDT', 'GALA/USDT:USDT', 'CELO/USDT:USDT', 'SUSHI/USDT:USDT', 'SNX/USDT:USDT', 'LRC/USDT:USDT', 'STORJ/USDT:USDT', 'ANKR/USDT:USDT', 'SKL/USDT:USDT', 'BAND/USDT:USDT']
2026-09-28 05:08:23,984 - freqtrade.freqtradebot - INFO - Initial Pairlist refresh took 0.06s
2026-09-28 05:08:23,985 - freqtrade.strategy.hyper - INFO - No params for buy found, using default values.
2026-09-28 05:08:23,985 - freqtrade.strategy.hyper - INFO - Strategy Parameter(default): adx_floor = 20
2026-09-28 05:08:23,986 - freqtrade.strategy.hyper - INFO - Strategy Parameter(default): breakout_hours = 72
2026-09-28 05:08:23,986 - freqtrade.strategy.hyper - INFO - Strategy Parameter(default): ema_fast = 50
2026-09-28 05:08:23,986 - freqtrade.strategy.hyper - INFO - Strategy Parameter(default): ema_slow = 200
2026-09-28 05:08:23,987 - freqtrade.strategy.hyper - INFO - Strategy Parameter(default): rsi_long_max = 78
2026-09-28 05:08:23,987 - freqtrade.strategy.hyper - INFO - Strategy Parameter(default): rsi_short_min = 22
2026-09-28 05:08:23,987 - freqtrade.strategy.hyper - INFO - No params for sell found, using default values.
2026-09-28 05:08:23,988 - freqtrade.strategy.hyper - INFO - Strategy Parameter(default): initial_stop_atr = 2.0
2026-09-28 05:08:23,988 - freqtrade.strategy.hyper - INFO - Strategy Parameter(default): risk_per_trade = 0.01
2026-09-28 05:08:23,988 - freqtrade.strategy.hyper - INFO - Strategy Parameter(default): trail_atr = 6.0
2026-09-28 05:08:23,989 - freqtrade.resolvers.iresolver - INFO - Using resolved protection CooldownPeriod from '/opt/hostedtoolcache/Python/3.12.14/x64/lib/python3.12/site-packages/freqtrade/plugins/protections/cooldown_period.py'...
2026-09-28 05:08:23,991 - freqtrade.resolvers.iresolver - INFO - Using resolved protection MaxDrawdown from '/opt/hostedtoolcache/Python/3.12.14/x64/lib/python3.12/site-packages/freqtrade/plugins/protections/max_drawdown_protection.py'...
2026-09-28 05:08:23,992 - freqtrade.resolvers.iresolver - INFO - Using resolved protection StoplossGuard from '/opt/hostedtoolcache/Python/3.12.14/x64/lib/python3.12/site-packages/freqtrade/plugins/protections/stoploss_guard.py'...
2026-09-28 05:08:23,993 - freqtrade.rpc.rpc_manager - INFO - Sending rpc message: {'type': status, 'status': 'running'}
2026-09-28 05:08:23,993 - freqtrade.worker - INFO - Changing state to: RUNNING
2026-09-28 05:08:24,001 - freqtrade.rpc.rpc_manager - INFO - Sending rpc message: {'type': warning, 'status': 'Dry run is enabled. All trades are simulated.'}
2026-09-28 05:08:24,001 - freqtrade.rpc.rpc_manager - INFO - Sending rpc message: {'type': startup, 'status': "*Exchange:* `gate`\n*Stake per trade:* `unlimited USDT`\n*Minimum ROI:* `{'0': 100.0}`\n*Stoploss:* `-0.6`\n*Position adjustment:* `Off`\n*Timeframe:* `1h`\n*Strategy:* `HourlyTrend`"}
2026-09-28 05:08:24,002 - freqtrade.rpc.rpc_manager - INFO - Sending rpc message: {'type': startup, 'status': "Searching for USDT pairs to buy and sell based on [{'StaticPairList': 'StaticPairList'}]"}
2026-09-28 05:08:24,002 - freqtrade.rpc.rpc_manager - INFO - Sending rpc message: {'type': startup, 'status': 'Using Protections: \nCooldownPeriod - Cooldown period for 2 candles.\nMaxDrawdown - Max drawdown protection, stop trading if drawdown is > 0.15 within 168 candles.\nStoplossGuard - Frequent Stoploss Guard, 6 stoplosses with profit < 0.00% within 24 candles.'}
2026-09-28 05:08:27,692 - freqtrade.freqtradebot - INFO - Global pairlock active until 2026-09-29 04:00:00. Not creating new trades, reason: 2.781601529334037 passed 0.15 in 168 candles, locking for 24 candles..
2026-09-28 05:08:29,005 - freqtrade.worker - INFO - Bot heartbeat. PID=2442, version='2026.7', state='RUNNING'
2026-09-28 05:09:29,007 - freqtrade.worker - INFO - Bot heartbeat. PID=2442, version='2026.7', state='RUNNING'
2026-09-28 05:10:29,010 - freqtrade.worker - INFO - Bot heartbeat. PID=2442, version='2026.7', state='RUNNING'
2026-09-28 05:11:29,013 - freqtrade.worker - INFO - Bot heartbeat. PID=2442, version='2026.7', state='RUNNING'
2026-09-28 05:12:29,015 - freqtrade.worker - INFO - Bot heartbeat. PID=2442, version='2026.7', state='RUNNING'
2026-09-28 05:13:29,018 - freqtrade.worker - INFO - Bot heartbeat. PID=2442, version='2026.7', state='RUNNING'
2026-09-28 05:14:29,020 - freqtrade.worker - INFO - Bot heartbeat. PID=2442, version='2026.7', state='RUNNING'
2026-09-28 05:15:29,023 - freqtrade.worker - INFO - Bot heartbeat. PID=2442, version='2026.7', state='RUNNING'
2026-09-28 05:16:29,026 - freqtrade.worker - INFO - Bot heartbeat. PID=2442, version='2026.7', state='RUNNING'
2026-09-28 05:17:29,028 - freqtrade.worker - INFO - Bot heartbeat. PID=2442, version='2026.7', state='RUNNING'
2026-09-28 05:18:29,031 - freqtrade.worker - INFO - Bot heartbeat. PID=2442, version='2026.7', state='RUNNING'
2026-09-28 05:19:29,034 - freqtrade.worker - INFO - Bot heartbeat. PID=2442, version='2026.7', state='RUNNING'
2026-09-28 05:20:29,036 - freqtrade.worker - INFO - Bot heartbeat. PID=2442, version='2026.7', state='RUNNING'
2026-09-28 05:21:29,039 - freqtrade.worker - INFO - Bot heartbeat. PID=2442, version='2026.7', state='RUNNING'
2026-09-28 05:22:29,042 - freqtrade.worker - INFO - Bot heartbeat. PID=2442, version='2026.7', state='RUNNING'
2026-09-28 05:23:29,044 - freqtrade.worker - INFO - Bot heartbeat. PID=2442, version='2026.7', state='RUNNING'
2026-09-28 05:24:29,047 - freqtrade.worker - INFO - Bot heartbeat. PID=2442, version='2026.7', state='RUNNING'
2026-09-28 05:25:29,050 - freqtrade.worker - INFO - Bot heartbeat. PID=2442, version='2026.7', state='RUNNING'
2026-09-28 05:26:29,052 - freqtrade.worker - INFO - Bot heartbeat. PID=2442, version='2026.7', state='RUNNING'
2026-09-28 05:27:29,055 - freqtrade.worker - INFO - Bot heartbeat. PID=2442, version='2026.7', state='RUNNING'
2026-09-28 05:28:29,058 - freqtrade.worker - INFO - Bot heartbeat. PID=2442, version='2026.7', state='RUNNING'
2026-09-28 05:29:29,060 - freqtrade.worker - INFO - Bot heartbeat. PID=2442, version='2026.7', state='RUNNING'
2026-09-28 05:30:29,063 - freqtrade.worker - INFO - Bot heartbeat. PID=2442, version='2026.7', state='RUNNING'
2026-09-28 05:31:04,219 - freqtrade.wallets - INFO - Wallets synced.
2026-09-28 05:31:29,066 - freqtrade.worker - INFO - Bot heartbeat. PID=2442, version='2026.7', state='RUNNING'
2026-09-28 05:32:29,068 - freqtrade.worker - INFO - Bot heartbeat. PID=2442, version='2026.7', state='RUNNING'
2026-09-28 05:33:29,071 - freqtrade.worker - INFO - Bot heartbeat. PID=2442, version='2026.7', state='RUNNING'
2026-09-28 05:34:29,074 - freqtrade.worker - INFO - Bot heartbeat. PID=2442, version='2026.7', state='RUNNING'
2026-09-28 05:35:29,076 - freqtrade.worker - INFO - Bot heartbeat. PID=2442, version='2026.7', state='RUNNING'
2026-09-28 05:36:29,079 - freqtrade.worker - INFO - Bot heartbeat. PID=2442, version='2026.7', state='RUNNING'
2026-09-28 05:37:29,081 - freqtrade.worker - INFO - Bot heartbeat. PID=2442, version='2026.7', state='RUNNING'
2026-09-28 05:38:29,084 - freqtrade.worker - INFO - Bot heartbeat. PID=2442, version='2026.7', state='RUNNING'
2026-09-28 05:39:29,086 - freqtrade.worker - INFO - Bot heartbeat. PID=2442, version='2026.7', state='RUNNING'
2026-09-28 05:40:29,089 - freqtrade.worker - INFO - Bot heartbeat. PID=2442, version='2026.7', state='RUNNING'
2026-09-28 05:41:29,092 - freqtrade.worker - INFO - Bot heartbeat. PID=2442, version='2026.7', state='RUNNING'
2026-09-28 05:42:29,094 - freqtrade.worker - INFO - Bot heartbeat. PID=2442, version='2026.7', state='RUNNING'
2026-09-28 05:43:29,097 - freqtrade.worker - INFO - Bot heartbeat. PID=2442, version='2026.7', state='RUNNING'
2026-09-28 05:44:29,099 - freqtrade.worker - INFO - Bot heartbeat. PID=2442, version='2026.7', state='RUNNING'
2026-09-28 05:45:29,102 - freqtrade.worker - INFO - Bot heartbeat. PID=2442, version='2026.7', state='RUNNING'
2026-09-28 05:46:29,105 - freqtrade.worker - INFO - Bot heartbeat. PID=2442, version='2026.7', state='RUNNING'
2026-09-28 05:47:29,107 - freqtrade.worker - INFO - Bot heartbeat. PID=2442, version='2026.7', state='RUNNING'
2026-09-28 05:48:29,109 - freqtrade.worker - INFO - Bot heartbeat. PID=2442, version='2026.7', state='RUNNING'
2026-09-28 05:49:29,112 - freqtrade.worker - INFO - Bot heartbeat. PID=2442, version='2026.7', state='RUNNING'
2026-09-28 05:50:29,115 - freqtrade.worker - INFO - Bot heartbeat. PID=2442, version='2026.7', state='RUNNING'
2026-09-28 05:51:29,118 - freqtrade.worker - INFO - Bot heartbeat. PID=2442, version='2026.7', state='RUNNING'
2026-09-28 05:52:29,120 - freqtrade.worker - INFO - Bot heartbeat. PID=2442, version='2026.7', state='RUNNING'
2026-09-28 05:53:29,123 - freqtrade.worker - INFO - Bot heartbeat. PID=2442, version='2026.7', state='RUNNING'
2026-09-28 05:54:29,125 - freqtrade.worker - INFO - Bot heartbeat. PID=2442, version='2026.7', state='RUNNING'
2026-09-28 05:55:29,128 - freqtrade.worker - INFO - Bot heartbeat. PID=2442, version='2026.7', state='RUNNING'
2026-09-28 05:56:29,131 - freqtrade.worker - INFO - Bot heartbeat. PID=2442, version='2026.7', state='RUNNING'
2026-09-28 05:57:29,133 - freqtrade.worker - INFO - Bot heartbeat. PID=2442, version='2026.7', state='RUNNING'
2026-09-28 05:58:29,136 - freqtrade.worker - INFO - Bot heartbeat. PID=2442, version='2026.7', state='RUNNING'
2026-09-28 05:59:29,139 - freqtrade.worker - INFO - Bot heartbeat. PID=2442, version='2026.7', state='RUNNING'
2026-09-28 06:00:31,001 - freqtrade.worker - INFO - Bot heartbeat. PID=2442, version='2026.7', state='RUNNING'
2026-09-28 06:01:06,154 - freqtrade.wallets - INFO - Wallets synced.
2026-09-28 06:01:31,003 - freqtrade.worker - INFO - Bot heartbeat. PID=2442, version='2026.7', state='RUNNING'
2026-09-28 06:02:31,006 - freqtrade.worker - INFO - Bot heartbeat. PID=2442, version='2026.7', state='RUNNING'
2026-09-28 06:03:31,008 - freqtrade.worker - INFO - Bot heartbeat. PID=2442, version='2026.7', state='RUNNING'
2026-09-28 06:04:31,011 - freqtrade.worker - INFO - Bot heartbeat. PID=2442, version='2026.7', state='RUNNING'
2026-09-28 06:05:31,014 - freqtrade.worker - INFO - Bot heartbeat. PID=2442, version='2026.7', state='RUNNING'
2026-09-28 06:06:31,016 - freqtrade.worker - INFO - Bot heartbeat. PID=2442, version='2026.7', state='RUNNING'
